// Generado por tools/fuente_a_c.py desde tools/fuentes/ (Figtree y JetBrains Mono, licencia OFL). No editar a mano.
#pragma once
#include "lienzo.h"

// F_ETIQUETA: Figtree 500, 14 px, 122 glifos, 4461 bytes
const uint8_t F_ETIQUETA_BITS[] = {
  0x04, 0xF1, 0x00, 0x4F, 0x10, 0x04, 0xF1, 0x00, 0x4F, 0x10, 0x04, 0xF1, 0x00, 0x4F, 0x10, 0x04,
  0xF1, 0x00, 0x00, 0x00, 0x00, 0x10, 0x00, 0x2D, 0x00, 0x4F, 0x5F, 0x14, 0xF5, 0xF1, 0x4F, 0x5F,
  0x10, 0x00, 0x00, 0x00, 0x00, 0x00, 0x00, 0x00, 0x00, 0x00, 0x00, 0x00, 0x00, 0x00, 0x00, 0x00,
  0x00, 0x00, 0x00, 0x0E, 0x10, 0xD3, 0x00, 0x02, 0xE0, 0x0F, 0x10, 0x00, 0x4B, 0x02, 0xD0, 0x04,
  0xFF, 0xFF, 0xFF, 0xF9, 0x13, 0xCA, 0x3A, 0xB3, 0x10, 0x0B, 0x40, 0x96, 0x00, 0xCF, 0xFF, 0xFF,
  0xFF, 0x12, 0x4F, 0x33, 0xF4, 0x30, 0x03, 0xD0, 0x1E, 0x00, 0x00, 0x5A, 0x04, 0xC0, 0x00, 0x00,
  0x28, 0x10, 0x00, 0x03, 0xFF, 0xF9, 0x10, 0x0D, 0xEF, 0x6D, 0xB0, 0x3F, 0x6F, 0x13, 0x40, 0x2F,
  0xBF, 0x10, 0x00, 0x09, 0xFF, 0xA3, 0x00, 0x00, 0x8F, 0xFF, 0x50, 0x00, 0x4F, 0x2A, 0xE0, 0x26,
  0x4F, 0x15, 0xF1, 0x4F, 0xDF, 0x6D, 0xB0, 0x05, 0xFF, 0xFA, 0x10, 0x00, 0x4F, 0x10, 0x00, 0x00,
  0x28, 0x10, 0x00, 0x05, 0xED, 0x30, 0x01, 0xDC, 0x00, 0x1F, 0x8A, 0xD0, 0x09, 0xE2, 0x00, 0x4F,
  0x25, 0xF1, 0x4F, 0x50, 0x00, 0x2F, 0x58, 0xE1, 0xD9, 0x00, 0x00, 0x08, 0xFF, 0x5A, 0xC1, 0x00,
  0x00, 0x00, 0x21, 0x5E, 0x30, 0x00, 0x00, 0x00, 0x01, 0xE6, 0x5D, 0xEC, 0x30, 0x00, 0x0A, 0xA2,
  0xF5, 0x07, 0xE0, 0x00, 0x6D, 0x12, 0xF8, 0x4A, 0xE0, 0x02, 0xE3, 0x00, 0x5D, 0xEC, 0x30, 0x00,
  0x4D, 0xFC, 0x30, 0x00, 0x2F, 0x83, 0xAE, 0x00, 0x03, 0xF3, 0x05, 0xF0, 0x00, 0x0C, 0xA4, 0xE7,
  0x00, 0x00, 0x4F, 0xF5, 0x00, 0x00, 0x4E, 0xEF, 0x40, 0x00, 0x1E, 0x70, 0x8E, 0x2E, 0x03, 0xF2,
  0x00, 0xBF, 0xB0, 0x1E, 0xA3, 0x5B, 0xFB, 0x00, 0x4C, 0xFD, 0x94, 0xE4, 0x4F, 0x14, 0xF1, 0x4F,
  0x10, 0x00, 0x00, 0x00, 0x00, 0x00, 0x00, 0x00, 0x00, 0x00, 0x00, 0x00, 0x4E, 0x20, 0x1D, 0x70,
  0x06, 0xE0, 0x00, 0xC8, 0x00, 0x2F, 0x40, 0x03, 0xF2, 0x00, 0x4F, 0x20, 0x02, 0xF4, 0x00, 0x0C,
  0x80, 0x00, 0x6E, 0x00, 0x01, 0xD7, 0x00, 0x04, 0xE2, 0x4E, 0x20, 0x00, 0x9B, 0x00, 0x02, 0xF3,
  0x00, 0x0B, 0xA0, 0x00, 0x7E, 0x00, 0x05, 0xF1, 0x00, 0x5F, 0x10, 0x07, 0xE0, 0x00, 0xBA, 0x00,
  0x2F, 0x40, 0x09, 0xB0, 0x04, 0xE2, 0x00, 0x00, 0x4F, 0x10, 0x02, 0xDC, 0xFA, 0xC0, 0x02, 0xEF,
  0xC1, 0x00, 0x5E, 0x4E, 0x40, 0x01, 0x20, 0x20, 0x00, 0x00, 0x00, 0x00, 0x00, 0x00, 0x00, 0x00,
  0x00, 0x00, 0x00, 0x00, 0x00, 0x00, 0x00, 0x00, 0x00, 0x00, 0x00, 0x01, 0x50, 0x00, 0x00, 0x00,
  0x4F, 0x10, 0x00, 0x01, 0x15, 0xF2, 0x10, 0x00, 0xEF, 0xFF, 0xFF, 0xB0, 0x02, 0x26, 0xF3, 0x21,
  0x00, 0x00, 0x4F, 0x10, 0x00, 0x00, 0x03, 0xA1, 0x00, 0x00, 0x00, 0x00, 0x00, 0x00, 0x0C, 0x81,
  0xF3, 0x5C, 0x00, 0x0F, 0xFF, 0xF0, 0x03, 0x33, 0x30, 0x00, 0x00, 0x00, 0x00, 0x00, 0x00, 0x00,
  0x00, 0x00, 0x01, 0x02, 0xD0, 0x00, 0x00, 0x72, 0x00, 0x04, 0xF1, 0x00, 0x09, 0xB0, 0x00, 0x0E,
  0x60, 0x00, 0x4F, 0x10, 0x00, 0x9B, 0x00, 0x00, 0xE6, 0x00, 0x04, 0xF1, 0x00, 0x09, 0xB0, 0x00,
  0x0E, 0x60, 0x00, 0x4F, 0x10, 0x00, 0x9B, 0x00, 0x00, 0x00, 0x5C, 0xEB, 0x30, 0x00, 0x4F, 0x74,
  0xAE, 0x20, 0x0C, 0x90, 0x00, 0xC9, 0x02, 0xF4, 0x00, 0x07, 0xE0, 0x3F, 0x20, 0x00, 0x5F, 0x03,
  0xF2, 0x00, 0x04, 0xF1, 0x2F, 0x40, 0x00, 0x7E, 0x00, 0xC9, 0x00, 0x0C, 0x90, 0x04, 0xF7, 0x4A,
  0xE2, 0x00, 0x05, 0xCE, 0xB3, 0x00, 0x00, 0x8F, 0x10, 0x07, 0xFF, 0x10, 0x7E, 0xAF, 0x10, 0x10,
  0x4F, 0x10, 0x00, 0x4F, 0x10, 0x00, 0x4F, 0x10, 0x00, 0x4F, 0x10, 0x00, 0x4F, 0x10, 0x00, 0x4F,
  0x10, 0x00, 0x4F, 0x10, 0x02, 0xBE, 0xE9, 0x10, 0x1D, 0xC4, 0x5D, 0xA0, 0x29, 0x20, 0x06, 0xF0,
  0x00, 0x00, 0x07, 0xF0, 0x00, 0x00, 0x4E, 0x80, 0x00, 0x07, 0xFA, 0x00, 0x00, 0xAF, 0x70, 0x00,
  0x08, 0xF5, 0x00, 0x00, 0x0E, 0xB3, 0x33, 0x30, 0x0F, 0xFF, 0xFF, 0xF1, 0x02, 0xAE, 0xEA, 0x10,
  0x0B, 0xB4, 0x5D, 0xC0, 0x00, 0x00, 0x05, 0xF1, 0x00, 0x00, 0x3B, 0xB0, 0x00, 0x4F, 0xFB, 0x10,
  0x00, 0x14, 0x7E, 0x70, 0x00, 0x00, 0x06, 0xE0, 0x01, 0x00, 0x06, 0xF0, 0x0D, 0xA4, 0x5D, 0xA0,
  0x03, 0xBE, 0xE9, 0x10, 0x00, 0x00, 0x0A, 0xF1, 0x00, 0x00, 0x00, 0x5F, 0xF1, 0x00, 0x00, 0x01,
  0xEB, 0xF1, 0x00, 0x00, 0x0A, 0xC4, 0xF1, 0x00, 0x00, 0x4F, 0x34, 0xF1, 0x00, 0x01, 0xD8, 0x04,
  0xF1, 0x00, 0x09, 0xD1, 0x04, 0xF1, 0x00, 0x0F, 0xFF, 0xFF, 0xFF, 0xF0, 0x03, 0x33, 0x36, 0xF4,
  0x30, 0x00, 0x00, 0x04, 0xF1, 0x00, 0x0B, 0xFF, 0xFF, 0x90, 0x0C, 0x93, 0x33, 0x20, 0x0D, 0x60,
  0x00, 0x00, 0x0F, 0x50, 0x00, 0x00, 0x1F, 0xBE, 0xEA, 0x10, 0x1B, 0x94, 0x5E, 0xA0, 0x00, 0x00,
  0x06, 0xF0, 0x01, 0x00, 0x06, 0xF0, 0x3F, 0x84, 0x5D, 0x90, 0x05, 0xCE, 0xE8, 0x00, 0x00, 0x4B,
  0xEE, 0xB4, 0x00, 0x3F, 0xA4, 0x49, 0x40, 0x0B, 0xC0, 0x00, 0x00, 0x01, 0xF6, 0x00, 0x00, 0x00,
  0x3F, 0x6B, 0xEE, 0x81, 0x04, 0xFF, 0x84, 0x6E, 0x90, 0x2F, 0x90, 0x00, 0x6F, 0x00, 0xE9, 0x00,
  0x06, 0xF0, 0x07, 0xF7, 0x46, 0xE9, 0x00, 0x07, 0xDF, 0xD8, 0x00, 0x0F, 0xFF, 0xFF, 0xFF, 0x00,
  0x33, 0x33, 0x3D, 0xB0, 0x00, 0x00, 0x05, 0xF4, 0x00, 0x00, 0x00, 0xCB, 0x00, 0x00, 0x00, 0x6F,
  0x30, 0x00, 0x00, 0x0D, 0xA0, 0x00, 0x00, 0x07, 0xF2, 0x00, 0x00, 0x01, 0xE9, 0x00, 0x00, 0x00,
  0x8F, 0x20, 0x00, 0x00, 0x1E, 0x80, 0x00, 0x00, 0x03, 0xBE, 0xEA, 0x20, 0x01, 0xEB, 0x44, 0xCC,
  0x00, 0x3F, 0x20, 0x05, 0xF1, 0x01, 0xE8, 0x11, 0xAC, 0x00, 0x04, 0xFF, 0xFE, 0x30, 0x00, 0xCD,
  0x53, 0x6E, 0x50, 0x3F, 0x30, 0x00, 0x6E, 0x03, 0xF3, 0x00, 0x06, 0xF0, 0x0D, 0xD5, 0x36, 0xEA,
  0x00, 0x2A, 0xEF, 0xD8, 0x10, 0x01, 0x9E, 0xFC, 0x50, 0x00, 0xCD, 0x54, 0x9F, 0x40, 0x3F, 0x30,
  0x00, 0xBB, 0x03, 0xF2, 0x00, 0x0B, 0xE0, 0x0D, 0xB2, 0x17, 0xFF, 0x10, 0x3C, 0xFF, 0xD8, 0xF0,
  0x00, 0x02, 0x20, 0x8D, 0x00, 0x00, 0x00, 0x1D, 0x80, 0x06, 0x84, 0x4C, 0xE1, 0x00, 0x5C, 0xEE,
  0xB2, 0x00, 0x2D, 0x00, 0x10, 0x00, 0x00, 0x00, 0x00, 0x00, 0x10, 0x2D, 0x00, 0x2D, 0x00, 0x10,
  0x00, 0x00, 0x00, 0x00, 0x01, 0xF1, 0x4B, 0x08, 0x60, 0x00, 0x00, 0x03, 0xA0, 0x00, 0x00, 0x5B,
  0xE9, 0x00, 0x00, 0xDD, 0x71, 0x00, 0x00, 0x0B, 0xE9, 0x30, 0x00, 0x00, 0x03, 0x9F, 0xB0, 0x00,
  0x00, 0x00, 0x18, 0x00, 0x00, 0x00, 0x00, 0x00, 0x00, 0x00, 0xFF, 0xFF, 0xFF, 0x00, 0x00, 0x33,
  0x33, 0x33, 0x00, 0x00, 0x00, 0x00, 0x00, 0x00, 0x00, 0xFF, 0xFF, 0xFF, 0x00, 0x00, 0x33, 0x33,
  0x33, 0x00, 0x00, 0x00, 0x00, 0x00, 0x00, 0x00, 0xA3, 0x00, 0x00, 0x00, 0x09, 0xEC, 0x50, 0x00,
  0x00, 0x01, 0x7D, 0xD0, 0x00, 0x00, 0x29, 0xEB, 0x00, 0x00, 0xBF, 0x93, 0x00, 0x00, 0x08, 0x10,
  0x00, 0x00, 0x00, 0x00, 0x00, 0x00, 0x00, 0x03, 0xBE, 0xE8, 0x10, 0x1E, 0x93, 0x5E, 0xA0, 0x01,
  0x00, 0x06, 0xF0, 0x00, 0x00, 0x06, 0xF0, 0x00, 0x12, 0x5E, 0x80, 0x00, 0x4F, 0xA4, 0x00, 0x00,
  0x4F, 0x10, 0x00, 0x00, 0x00, 0x00, 0x00, 0x00, 0x01, 0x00, 0x00, 0x00, 0x2D, 0x00, 0x00, 0x00,
  0x01, 0x7C, 0xEE, 0xD8, 0x10, 0x00, 0x00, 0x3D, 0xD7, 0x43, 0x6D, 0xE3, 0x00, 0x02, 0xEA, 0x00,
  0x00, 0x00, 0xBD, 0x10, 0x09, 0xD0, 0x2B, 0xEC, 0x6F, 0x2E, 0x70, 0x0E, 0x60, 0xCD, 0x45, 0xDF,
  0x19, 0xC0, 0x3F, 0x32, 0xF4, 0x00, 0x6F, 0x15, 0xF0, 0x4F, 0x14, 0xF2, 0x00, 0x4F, 0x14, 0xF1,
  0x3F, 0x32, 0xF5, 0x00, 0x6F, 0x16, 0xE0, 0x0E, 0x60, 0xCD, 0x45, 0xDF, 0x3C, 0x90, 0x09, 0xD1,
  0x2B, 0xFC, 0x2B, 0xEA, 0x10, 0x01, 0xDB, 0x10, 0x00, 0x00, 0x00, 0x00, 0x00, 0x2D, 0xE7, 0x43,
  0x67, 0x00, 0x00, 0x00, 0x01, 0x7C, 0xEE, 0xC6, 0x00, 0x00, 0x00, 0x02, 0xFB, 0x00, 0x00, 0x00,
  0x08, 0xFF, 0x20, 0x00, 0x00, 0x0D, 0x8D, 0x80, 0x00, 0x00, 0x5F, 0x27, 0xE0, 0x00, 0x00, 0xBB,
  0x02, 0xF5, 0x00, 0x02, 0xF5, 0x00, 0xBB, 0x00, 0x07, 0xFF, 0xFF, 0xFF, 0x20, 0x0D, 0x93, 0x33,
  0x3E, 0x70, 0x4F, 0x20, 0x00, 0x08, 0xD0, 0xAC, 0x00, 0x00, 0x03, 0xF4, 0x04, 0xFF, 0xFE, 0x91,
  0x00, 0x4F, 0x43, 0x5D, 0xA0, 0x04, 0xF1, 0x00, 0x6F, 0x00, 0x4F, 0x10, 0x05, 0xF1, 0x04, 0xF1,
  0x01, 0xBB, 0x00, 0x4F, 0xFF, 0xFE, 0x20, 0x04, 0xF4, 0x34, 0xCB, 0x00, 0x4F, 0x10, 0x05, 0xF1,
  0x04, 0xF4, 0x34, 0xBD, 0x00, 0x4F, 0xFF, 0xFC, 0x30, 0x00, 0x18, 0xDF, 0xD7, 0x00, 0x01, 0xDC,
  0x53, 0x6E, 0xD1, 0x0A, 0xD1, 0x00, 0x01, 0xD6, 0x1F, 0x50, 0x00, 0x00, 0x00, 0x3F, 0x20, 0x00,
  0x00, 0x00, 0x3F, 0x20, 0x00, 0x00, 0x00, 0x1F, 0x50, 0x00, 0x00, 0x10, 0x0A, 0xD1, 0x00, 0x02,
  0xE7, 0x01, 0xDD, 0x53, 0x6E, 0xD1, 0x00, 0x18, 0xDF, 0xD8, 0x10, 0x04, 0xFF, 0xFD, 0x81, 0x00,
  0x04, 0xF4, 0x36, 0xEC, 0x00, 0x04, 0xF1, 0x00, 0x2E, 0x80, 0x04, 0xF1, 0x00, 0x08, 0xD0, 0x04,
  0xF1, 0x00, 0x05, 0xF0, 0x04, 0xF1, 0x00, 0x05, 0xF0, 0x04, 0xF1, 0x00, 0x08, 0xD0, 0x04, 0xF1,
  0x00, 0x2E, 0x70, 0x04, 0xF4, 0x36, 0xEC, 0x00, 0x04, 0xFF, 0xFD, 0x81, 0x00, 0x04, 0xFF, 0xFF,
  0xF9, 0x00, 0x4F, 0x43, 0x33, 0x20, 0x04, 0xF1, 0x00, 0x00, 0x00, 0x4F, 0x10, 0x00, 0x00, 0x04,
  0xF1, 0x00, 0x00, 0x00, 0x4F, 0xFF, 0xFF, 0x20, 0x04, 0xF4, 0x33, 0x30, 0x00, 0x4F, 0x10, 0x00,
  0x00, 0x04, 0xF4, 0x33, 0x32, 0x00, 0x4F, 0xFF, 0xFF, 0x90, 0x04, 0xFF, 0xFF, 0xFA, 0x04, 0xF4,
  0x33, 0x32, 0x04, 0xF1, 0x00, 0x00, 0x04, 0xF1, 0x00, 0x00, 0x04, 0xF1, 0x00, 0x00, 0x04, 0xFF,
  0xFF, 0xF1, 0x04, 0xF4, 0x33, 0x30, 0x04, 0xF1, 0x00, 0x00, 0x04, 0xF1, 0x00, 0x00, 0x04, 0xF1,
  0x00, 0x00, 0x00, 0x17, 0xDE, 0xE9, 0x20, 0x00, 0x1C, 0xD6, 0x35, 0xCE, 0x30, 0x09, 0xD1, 0x00,
  0x00, 0x82, 0x01, 0xF6, 0x00, 0x00, 0x00, 0x00, 0x3F, 0x20, 0x00, 0x00, 0x00, 0x03, 0xF2, 0x00,
  0x09, 0xFF, 0xF1, 0x1F, 0x50, 0x00, 0x23, 0x7F, 0x00, 0xAD, 0x10, 0x00, 0x0A, 0xC0, 0x01, 0xCD,
  0x63, 0x4A, 0xE3, 0x00, 0x01, 0x7D, 0xFE, 0xA3, 0x00, 0x04, 0xF1, 0x00, 0x00, 0x4F, 0x10, 0x4F,
  0x10, 0x00, 0x04, 0xF1, 0x04, 0xF1, 0x00, 0x00, 0x4F, 0x10, 0x4F, 0x10, 0x00, 0x04, 0xF1, 0x04,
  0xFF, 0xFF, 0xFF, 0xFF, 0x10, 0x4F, 0x43, 0x33, 0x36, 0xF1, 0x04, 0xF1, 0x00, 0x00, 0x4F, 0x10,
  0x4F, 0x10, 0x00, 0x04, 0xF1, 0x04, 0xF1, 0x00, 0x00, 0x4F, 0x10, 0x4F, 0x10, 0x00, 0x04, 0xF1,
  0x04, 0xF1, 0x04, 0xF1, 0x04, 0xF1, 0x04, 0xF1, 0x04, 0xF1, 0x04, 0xF1, 0x04, 0xF1, 0x04, 0xF1,
  0x04, 0xF1, 0x04, 0xF1, 0x00, 0x00, 0x04, 0xF1, 0x00, 0x00, 0x04, 0xF1, 0x00, 0x00, 0x04, 0xF1,
  0x00, 0x00, 0x04, 0xF1, 0x00, 0x00, 0x04, 0xF1, 0x00, 0x00, 0x04, 0xF1, 0x00, 0x00, 0x04, 0xF1,
  0x02, 0x10, 0x07, 0xF0, 0x0C, 0xC4, 0x6E, 0x90, 0x02, 0xBE, 0xD8, 0x00, 0x04, 0xF1, 0x00, 0x4F,
  0x80, 0x04, 0xF1, 0x03, 0xE9, 0x00, 0x04, 0xF1, 0x3E, 0xA0, 0x00, 0x04, 0xF3, 0xEB, 0x00, 0x00,
  0x04, 0xFE, 0xE1, 0x00, 0x00, 0x04, 0xFC, 0xE9, 0x00, 0x00, 0x04, 0xF2, 0x5F, 0x60, 0x00, 0x04,
  0xF1, 0x08, 0xF3, 0x00, 0x04, 0xF1, 0x00, 0xBD, 0x10, 0x04, 0xF1, 0x00, 0x1D, 0xB0, 0x04, 0xF1,
  0x00, 0x00, 0x04, 0xF1, 0x00, 0x00, 0x04, 0xF1, 0x00, 0x00, 0x04, 0xF1, 0x00, 0x00, 0x04, 0xF1,
  0x00, 0x00, 0x04, 0xF1, 0x00, 0x00, 0x04, 0xF1, 0x00, 0x00, 0x04, 0xF1, 0x00, 0x00, 0x04, 0xF4,
  0x44, 0x42, 0x04, 0xFF, 0xFF, 0xF9, 0x04, 0xF7, 0x00, 0x00, 0x0A, 0xF1, 0x04, 0xFF, 0x30, 0x00,
  0x5F, 0xF1, 0x04, 0xFC, 0xC0, 0x01, 0xEC, 0xF1, 0x04, 0xF3, 0xE7, 0x0A, 0xD5, 0xF1, 0x04, 0xF1,
  0x7F, 0x7F, 0x44, 0xF1, 0x04, 0xF1, 0x0B, 0xF9, 0x04, 0xF1, 0x04, 0xF1, 0x02, 0xC1, 0x04, 0xF1,
  0x04, 0xF1, 0x00, 0x10, 0x04, 0xF1, 0x04, 0xF1, 0x00, 0x00, 0x04, 0xF1, 0x04, 0xF1, 0x00, 0x00,
  0x04, 0xF1, 0x04, 0xF7, 0x00, 0x00, 0x4F, 0x10, 0x4F, 0xF4, 0x00, 0x04, 0xF1, 0x04, 0xFC, 0xD1,
  0x00, 0x4F, 0x10, 0x4F, 0x3E, 0xA0, 0x04, 0xF1, 0x04, 0xF1, 0x4F, 0x60, 0x4F, 0x10, 0x4F, 0x10,
  0x8F, 0x34, 0xF1, 0x04, 0xF1, 0x00, 0xCD, 0x5F, 0x10, 0x4F, 0x10, 0x02, 0xED, 0xF1, 0x04, 0xF1,
  0x00, 0x05, 0xFF, 0x10, 0x4F, 0x10, 0x00, 0x0A, 0xF1, 0x00, 0x19, 0xDF, 0xD7, 0x00, 0x00, 0x1D,
  0xC5, 0x36, 0xEC, 0x00, 0x0A, 0xC1, 0x00, 0x02, 0xE7, 0x01, 0xF5, 0x00, 0x00, 0x08, 0xD0, 0x3F,
  0x20, 0x00, 0x00, 0x5F, 0x03, 0xF2, 0x00, 0x00, 0x05, 0xF0, 0x1F, 0x50, 0x00, 0x00, 0x8D, 0x00,
  0xAC, 0x10, 0x00, 0x2E, 0x70, 0x02, 0xDC, 0x53, 0x6D, 0xC0, 0x00, 0x01, 0x9D, 0xFD, 0x81, 0x00,
  0x04, 0xFF, 0xFE, 0x91, 0x00, 0x4F, 0x43, 0x5D, 0xA0, 0x04, 0xF1, 0x00, 0x6F, 0x00, 0x4F, 0x10,
  0x05, 0xF0, 0x04, 0xF1, 0x01, 0xCB, 0x00, 0x4F, 0xFF, 0xFD, 0x20, 0x04, 0xF4, 0x32, 0x00, 0x00,
  0x4F, 0x10, 0x00, 0x00, 0x04, 0xF1, 0x00, 0x00, 0x00, 0x4F, 0x10, 0x00, 0x00, 0x00, 0x19, 0xDF,
  0xD7, 0x00, 0x00, 0x2D, 0xC5, 0x36, 0xEC, 0x00, 0x0A, 0xC1, 0x00, 0x02, 0xE7, 0x01, 0xF5, 0x00,
  0x00, 0x08, 0xD0, 0x3F, 0x20, 0x00, 0x00, 0x5F, 0x03, 0xF2, 0x00, 0x00, 0x05, 0xF1, 0x1F, 0x50,
  0x00, 0xA3, 0x8D, 0x00, 0xAC, 0x10, 0x09, 0xEE, 0x70, 0x02, 0xDC, 0x53, 0x7F, 0xF3, 0x00, 0x01,
  0x9D, 0xFD, 0x8A, 0xC0, 0x00, 0x00, 0x00, 0x00, 0x02, 0x00, 0x04, 0xFF, 0xFE, 0x91, 0x00, 0x4F,
  0x43, 0x5E, 0x90, 0x04, 0xF1, 0x00, 0x6F, 0x00, 0x4F, 0x10, 0x06, 0xF0, 0x04, 0xF1, 0x02, 0xCB,
  0x00, 0x4F, 0xFF, 0xFB, 0x10, 0x04, 0xF4, 0x3D, 0x80, 0x00, 0x4F, 0x10, 0x6E, 0x20, 0x04, 0xF1,
  0x00, 0xCA, 0x00, 0x4F, 0x10, 0x05, 0xF3, 0x03, 0xBE, 0xE9, 0x10, 0x1E, 0xB4, 0x5D, 0xB0, 0x3F,
  0x20, 0x03, 0x50, 0x2F, 0x60, 0x00, 0x00, 0x08, 0xFD, 0x82, 0x00, 0x00, 0x39, 0xDE, 0x50, 0x00,
  0x00, 0x0A, 0xE0, 0x26, 0x00, 0x05, 0xF1, 0x4F, 0x93, 0x5D, 0xB0, 0x04, 0xCE, 0xEA, 0x10, 0x0F,
  0xFF, 0xFF, 0xFF, 0xF0, 0x03, 0x36, 0xF4, 0x33, 0x30, 0x00, 0x04, 0xF1, 0x00, 0x00, 0x00, 0x04,
  0xF1, 0x00, 0x00, 0x00, 0x04, 0xF1, 0x00, 0x00, 0x00, 0x04, 0xF1, 0x00, 0x00, 0x00, 0x04, 0xF1,
  0x00, 0x00, 0x00, 0x04, 0xF1, 0x00, 0x00, 0x00, 0x04, 0xF1, 0x00, 0x00, 0x00, 0x04, 0xF1, 0x00,
  0x00, 0x4F, 0x10, 0x00, 0x4F, 0x14, 0xF1, 0x00, 0x04, 0xF1, 0x4F, 0x10, 0x00, 0x4F, 0x14, 0xF1,
  0x00, 0x04, 0xF1, 0x4F, 0x10, 0x00, 0x4F, 0x14, 0xF1, 0x00, 0x04, 0xF1, 0x4F, 0x20, 0x00, 0x4F,
  0x11, 0xF6, 0x00, 0x08, 0xD0, 0x09, 0xE6, 0x37, 0xF6, 0x00, 0x08, 0xDF, 0xC6, 0x00, 0xAC, 0x00,
  0x00, 0x01, 0xE7, 0x4F, 0x30, 0x00, 0x06, 0xF2, 0x0D, 0x90, 0x00, 0x0C, 0xA0, 0x07, 0xE1, 0x00,
  0x3F, 0x40, 0x01, 0xF6, 0x00, 0x8D, 0x00, 0x00, 0xAC, 0x00, 0xE7, 0x00, 0x00, 0x4F, 0x25, 0xF1,
  0x00, 0x00, 0x0D, 0x8B, 0xA0, 0x00, 0x00, 0x07, 0xEF, 0x40, 0x00, 0x00, 0x01, 0xFD, 0x00, 0x00,
  0xBA, 0x00, 0x01, 0xF9, 0x00, 0x02, 0xF4, 0x7E, 0x00, 0x05, 0xFD, 0x00, 0x07, 0xE0, 0x2F, 0x40,
  0x0A, 0xDF, 0x30, 0x0B, 0xA0, 0x0D, 0x80, 0x0E, 0x6D, 0x70, 0x1F, 0x50, 0x08, 0xD0, 0x3F, 0x29,
  0xB0, 0x5F, 0x10, 0x04, 0xF2, 0x7D, 0x05, 0xF1, 0xAB, 0x00, 0x00, 0xE7, 0xC8, 0x01, 0xF5, 0xE7,
  0x00, 0x00, 0xAC, 0xF4, 0x00, 0xCC, 0xF2, 0x00, 0x00, 0x5F, 0xE0, 0x00, 0x7F, 0xD0, 0x00, 0x00,
  0x1F, 0xB0, 0x00, 0x3F, 0x80, 0x00, 0x7F, 0x30, 0x00, 0x5F, 0x50, 0xBC, 0x00, 0x1E, 0x90, 0x02,
  0xE8, 0x0A, 0xD1, 0x00, 0x05, 0xF9, 0xF3, 0x00, 0x00, 0x0A, 0xF8, 0x00, 0x00, 0x00, 0xBF, 0x90,
  0x00, 0x00, 0x7F, 0x7F, 0x40, 0x00, 0x2F, 0x70, 0x9E, 0x10, 0x0C, 0xC0, 0x01, 0xDA, 0x08, 0xF3,
  0x00, 0x04, 0xF5, 0x7F, 0x20, 0x00, 0x5F, 0x40, 0xDB, 0x00, 0x0D, 0xA0, 0x04, 0xF4, 0x07, 0xE2,
  0x00, 0x0A, 0xD2, 0xE7, 0x00, 0x00, 0x2E, 0xED, 0x00, 0x00, 0x00, 0x7F, 0x40, 0x00, 0x00, 0x04,
  0xF1, 0x00, 0x00, 0x00, 0x4F, 0x10, 0x00, 0x00, 0x04, 0xF1, 0x00, 0x00, 0x00, 0x4F, 0x10, 0x00,
  0x0F, 0xFF, 0xFF, 0xFF, 0xF0, 0x03, 0x33, 0x33, 0x5F, 0xB0, 0x00, 0x00, 0x01, 0xDD, 0x10, 0x00,
  0x00, 0x0A, 0xE3, 0x00, 0x00, 0x00, 0x8F, 0x50, 0x00, 0x00, 0x05, 0xF8, 0x00, 0x00, 0x00, 0x3E,
  0xA0, 0x00, 0x00, 0x01, 0xDD, 0x10, 0x00, 0x00, 0x0B, 0xF5, 0x33, 0x33, 0x30, 0x0F, 0xFF, 0xFF,
  0xFF, 0xF0, 0x04, 0xFF, 0x40, 0x4F, 0x41, 0x04, 0xF1, 0x00, 0x4F, 0x10, 0x04, 0xF1, 0x00, 0x4F,
  0x10, 0x04, 0xF1, 0x00, 0x4F, 0x10, 0x04, 0xF1, 0x00, 0x4F, 0x10, 0x04, 0xF1, 0x00, 0x4F, 0xF4,
  0x01, 0x33, 0x10, 0x55, 0x00, 0x00, 0x7D, 0x00, 0x00, 0x2F, 0x30, 0x00, 0x0C, 0x80, 0x00, 0x07,
  0xD0, 0x00, 0x02, 0xF3, 0x00, 0x00, 0xC8, 0x00, 0x00, 0x7D, 0x00, 0x00, 0x2F, 0x30, 0x00, 0x0C,
  0x90, 0x00, 0x07, 0xD0, 0x00, 0x02, 0xF4, 0x6F, 0xF1, 0x16, 0xF1, 0x04, 0xF1, 0x04, 0xF1, 0x04,
  0xF1, 0x04, 0xF1, 0x04, 0xF1, 0x04, 0xF1, 0x04, 0xF1, 0x04, 0xF1, 0x04, 0xF1, 0x6F, 0xF1, 0x13,
  0x30, 0x00, 0x0B, 0x80, 0x00, 0x00, 0x3F, 0xF1, 0x00, 0x00, 0xB8, 0xB8, 0x00, 0x03, 0xE1, 0x4E,
  0x10, 0x0A, 0x90, 0x0B, 0x80, 0x00, 0x00, 0x00, 0x00, 0x00, 0x00, 0x00, 0x00, 0x00, 0x00, 0x00,
  0x00, 0x00, 0x00, 0x00, 0x00, 0x00, 0x00, 0x00, 0x00, 0x0F, 0xFF, 0xFF, 0xF0, 0x03, 0x33, 0x33,
  0x30, 0x8E, 0x20, 0x09, 0xC1, 0x00, 0x00, 0x00, 0x00, 0x00, 0x00, 0x00, 0x00, 0x00, 0x00, 0x00,
  0x00, 0x00, 0x00, 0x00, 0x00, 0x02, 0xBE, 0xE8, 0x00, 0xBB, 0x46, 0xF5, 0x00, 0x00, 0x0B, 0xA0,
  0x6D, 0xFF, 0xFB, 0x2F, 0x83, 0x3B, 0xB2, 0xF7, 0x37, 0xEB, 0x07, 0xDF, 0xB9, 0xB0, 0x4F, 0x10,
  0x00, 0x00, 0x4F, 0x10, 0x00, 0x00, 0x4F, 0x10, 0x00, 0x00, 0x4F, 0x5D, 0xE9, 0x10, 0x4F, 0xD4,
  0x5E, 0x90, 0x4F, 0x40, 0x07, 0xE0, 0x4F, 0x20, 0x05, 0xF1, 0x4F, 0x40, 0x07, 0xE0, 0x4F, 0xC4,
  0x5E, 0x90, 0x4F, 0x5D, 0xE9, 0x10, 0x00, 0x8D, 0xEC, 0x40, 0x0A, 0xE5, 0x39, 0xF2, 0x2F, 0x50,
  0x00, 0x10, 0x4F, 0x20, 0x00, 0x00, 0x2F, 0x50, 0x00, 0x30, 0x0A, 0xE5, 0x3A, 0xF2, 0x00, 0x8D,
  0xFC, 0x40, 0x00, 0x00, 0x04, 0xF1, 0x00, 0x00, 0x04, 0xF1, 0x00, 0x00, 0x04, 0xF1, 0x02, 0xBE,
  0xC6, 0xF1, 0x0C, 0xD4, 0x5E, 0xF1, 0x2F, 0x50, 0x07, 0xF1, 0x4F, 0x20, 0x05, 0xF1, 0x2F, 0x40,
  0x07, 0xF1, 0x0C, 0xD4, 0x5E, 0xF1, 0x02, 0xBF, 0xC6, 0xF1, 0x00, 0x8D, 0xEB, 0x30, 0x0A, 0xE6,
  0x4A, 0xE1, 0x2F, 0x50, 0x00, 0xE7, 0x4F, 0xFF, 0xFF, 0xFA, 0x2F, 0x53, 0x33, 0x32, 0x0A, 0xC5,
  0x37, 0xE4, 0x00, 0x8D, 0xFD, 0x60, 0x00, 0x08, 0xED, 0x20, 0x02, 0xF7, 0x40, 0x00, 0x4F, 0x10,
  0x00, 0xFF, 0xFF, 0xF0, 0x03, 0x6F, 0x43, 0x00, 0x04, 0xF1, 0x00, 0x00, 0x4F, 0x10, 0x00, 0x04,
  0xF1, 0x00, 0x00, 0x4F, 0x10, 0x00, 0x04, 0xF1, 0x00, 0x02, 0xBE, 0xC6, 0xF1, 0x0C, 0xD4, 0x5E,
  0xF1, 0x2F, 0x40, 0x07, 0xF1, 0x4F, 0x20, 0x05, 0xF1, 0x2F, 0x50, 0x07, 0xF1, 0x0C, 0xD4, 0x5E,
  0xF1, 0x02, 0xBF, 0xC6, 0xF1, 0x00, 0x00, 0x07, 0xE0, 0x06, 0x63, 0x6E, 0x80, 0x06, 0xCF, 0xE8,
  0x00, 0x4F, 0x10, 0x00, 0x00, 0x4F, 0x10, 0x00, 0x00, 0x4F, 0x10, 0x00, 0x00, 0x4F, 0x5D, 0xFB,
  0x20, 0x4F, 0xC4, 0x5D, 0xB0, 0x4F, 0x40, 0x06, 0xF0, 0x4F, 0x10, 0x04, 0xF1, 0x4F, 0x10, 0x04,
  0xF1, 0x4F, 0x10, 0x04, 0xF1, 0x4F, 0x10, 0x04, 0xF1, 0x2D, 0x00, 0x10, 0x00, 0x04, 0xF1, 0x4F,
  0x14, 0xF1, 0x4F, 0x14, 0xF1, 0x4F, 0x14, 0xF1, 0x00, 0x2D, 0x00, 0x00, 0x10, 0x00, 0x00, 0x00,
  0x04, 0xF1, 0x00, 0x4F, 0x10, 0x04, 0xF1, 0x00, 0x4F, 0x10, 0x04, 0xF1, 0x00, 0x4F, 0x10, 0x04,
  0xF1, 0x00, 0x4F, 0x10, 0x49, 0xE0, 0x3E, 0xE6, 0x00, 0x4F, 0x10, 0x00, 0x04, 0xF1, 0x00, 0x00,
  0x4F, 0x10, 0x00, 0x04, 0xF1, 0x09, 0xE2, 0x4F, 0x18, 0xE3, 0x04, 0xF8, 0xF4, 0x00, 0x4F, 0xFF,
  0x60, 0x04, 0xF6, 0x7E, 0x20, 0x4F, 0x10, 0xCB, 0x04, 0xF1, 0x03, 0xF7, 0x4F, 0x14, 0xF1, 0x4F,
  0x14, 0xF1, 0x4F, 0x14, 0xF1, 0x4F, 0x14, 0xF1, 0x4F, 0x14, 0xF1, 0x4F, 0x7E, 0xD4, 0x7E, 0xD3,
  0x04, 0xFB, 0x4C, 0xDB, 0x4C, 0xC0, 0x4F, 0x30, 0x5F, 0x30, 0x5F, 0x04, 0xF1, 0x04, 0xF1, 0x04,
  0xF1, 0x4F, 0x10, 0x4F, 0x10, 0x4F, 0x14, 0xF1, 0x04, 0xF1, 0x04, 0xF1, 0x4F, 0x10, 0x4F, 0x10,
  0x4F, 0x10, 0x4F, 0x5D, 0xFB, 0x20, 0x4F, 0xC4, 0x5D, 0xB0, 0x4F, 0x40, 0x06, 0xF0, 0x4F, 0x10,
  0x04, 0xF1, 0x4F, 0x10, 0x04, 0xF1, 0x4F, 0x10, 0x04, 0xF1, 0x4F, 0x10, 0x04, 0xF1, 0x00, 0x8D,
  0xFD, 0x60, 0x00, 0xAE, 0x63, 0x7F, 0x70, 0x2F, 0x50, 0x00, 0x8E, 0x04, 0xF2, 0x00, 0x04, 0xF1,
  0x2F, 0x50, 0x00, 0x8E, 0x00, 0xAE, 0x63, 0x7F, 0x70, 0x00, 0x8D, 0xFD, 0x60, 0x00, 0x4F, 0x5D,
  0xE9, 0x10, 0x4F, 0xC4, 0x5E, 0x90, 0x4F, 0x40, 0x07, 0xE0, 0x4F, 0x20, 0x05, 0xF1, 0x4F, 0x40,
  0x07, 0xE0, 0x4F, 0xC4, 0x5E, 0x90, 0x4F, 0x5D, 0xE9, 0x10, 0x4F, 0x10, 0x00, 0x00, 0x4F, 0x10,
  0x00, 0x00, 0x4F, 0x10, 0x00, 0x00, 0x02, 0xBE, 0xC5, 0xF1, 0x0C, 0xD4, 0x5E, 0xF1, 0x2F, 0x50,
  0x07, 0xF1, 0x4F, 0x20, 0x05, 0xF1, 0x2F, 0x40, 0x07, 0xF1, 0x0C, 0xD4, 0x5E, 0xF1, 0x02, 0xBF,
  0xC6, 0xF1, 0x00, 0x00, 0x04, 0xF1, 0x00, 0x00, 0x04, 0xF1, 0x00, 0x00, 0x04, 0xF1, 0x4F, 0x5C,
  0x84, 0xFD, 0x62, 0x4F, 0x30, 0x04, 0xF1, 0x00, 0x4F, 0x10, 0x04, 0xF1, 0x00, 0x4F, 0x10, 0x00,
  0x07, 0xDE, 0xC4, 0x02, 0xF7, 0x49, 0xA0, 0x2F, 0x72, 0x00, 0x00, 0x4C, 0xFC, 0x30, 0x00, 0x01,
  0x9E, 0x05, 0xE6, 0x49, 0xE0, 0x07, 0xDE, 0xC4, 0x00, 0x04, 0xF1, 0x00, 0x00, 0x4F, 0x10, 0x00,
  0x0F, 0xFF, 0xFF, 0x00, 0x6F, 0x43, 0x30, 0x04, 0xF1, 0x00, 0x00, 0x4F, 0x10, 0x00, 0x04, 0xF1,
  0x00, 0x00, 0x2F, 0x83, 0x40, 0x00, 0x6D, 0xFC, 0x10, 0x4F, 0x10, 0x04, 0xF1, 0x4F, 0x10, 0x04,
  0xF1, 0x4F, 0x10, 0x04, 0xF1, 0x4F, 0x10, 0x04, 0xF1, 0x3F, 0x30, 0x07, 0xF1, 0x0E, 0xB4, 0x5E,
  0xF1, 0x04, 0xDF, 0xC6, 0xF1, 0xAA, 0x00, 0x04, 0xF2, 0x4F, 0x20, 0x0A, 0xA0, 0x0D, 0x70, 0x2F,
  0x40, 0x06, 0xD0, 0x8D, 0x00, 0x01, 0xE5, 0xD6, 0x00, 0x00, 0x9E, 0xE1, 0x00, 0x00, 0x3F, 0x90,
  0x00, 0xAA, 0x00, 0x3F, 0x60, 0x07, 0xD0, 0x5E, 0x00, 0x9F, 0xB0, 0x0C, 0x80, 0x1E, 0x50, 0xD7,
  0xF2, 0x2F, 0x30, 0x0A, 0xA4, 0xE1, 0xC6, 0x7D, 0x00, 0x05, 0xE9, 0xA0, 0x7B, 0xC8, 0x00, 0x01,
  0xEF, 0x50, 0x2F, 0xF2, 0x00, 0x00, 0xAE, 0x10, 0x0C, 0xC0, 0x00, 0x5F, 0x40, 0x5F, 0x40, 0x9D,
  0x2E, 0x80, 0x01, 0xDE, 0xC0, 0x00, 0x07, 0xF6, 0x00, 0x02, 0xEC, 0xE1, 0x00, 0xCB, 0x0C, 0xA0,
  0x8E, 0x20, 0x3F, 0x60, 0xAB, 0x00, 0x03, 0xF4, 0x4F, 0x20, 0x09, 0xD0, 0x0C, 0x90, 0x1E, 0x60,
  0x06, 0xE1, 0x6E, 0x10, 0x00, 0xE6, 0xC9, 0x00, 0x00, 0x7E, 0xF2, 0x00, 0x00, 0x1F, 0xB0, 0x00,
  0x00, 0x1F, 0x50, 0x00, 0x24, 0xAC, 0x00, 0x00, 0x6E, 0xC3, 0x00, 0x00, 0x0F, 0xFF, 0xFF, 0xF0,
  0x03, 0x33, 0x5F, 0x90, 0x00, 0x01, 0xDB, 0x00, 0x00, 0x1C, 0xC1, 0x00, 0x00, 0xBD, 0x10, 0x00,
  0x09, 0xF5, 0x33, 0x30, 0x0F, 0xFF, 0xFF, 0xF0, 0x00, 0x6E, 0x30, 0x1F, 0x91, 0x03, 0xF2, 0x00,
  0x4F, 0x10, 0x04, 0xF1, 0x01, 0x9D, 0x00, 0xCF, 0x60, 0x00, 0x8E, 0x00, 0x04, 0xF1, 0x00, 0x3F,
  0x20, 0x02, 0xF6, 0x00, 0x0A, 0xF4, 0x00, 0x02, 0x10, 0x04, 0xF1, 0x04, 0xF1, 0x04, 0xF1, 0x04,
  0xF1, 0x04, 0xF1, 0x04, 0xF1, 0x04, 0xF1, 0x04, 0xF1, 0x04, 0xF1, 0x04, 0xF1, 0x04, 0xF1, 0x04,
  0xF1, 0x04, 0xF1, 0x04, 0xF1, 0x4E, 0x50, 0x01, 0xAD, 0x00, 0x05, 0xF0, 0x00, 0x4F, 0x10, 0x04,
  0xF1, 0x00, 0x1F, 0x60, 0x00, 0x9F, 0x90, 0x2F, 0x50, 0x04, 0xF1, 0x00, 0x5F, 0x10, 0x08, 0xE0,
  0x04, 0xF7, 0x00, 0x12, 0x00, 0x00, 0x03, 0xED, 0x30, 0x33, 0x0C, 0x89, 0xD2, 0xC5, 0x08, 0x10,
  0xBF, 0xC0, 0x00, 0x00, 0x02, 0x00, 0x00, 0x00, 0x00, 0x00, 0x00, 0x00, 0x00, 0x00, 0x02, 0xD0,
  0x00, 0x10, 0x00, 0x00, 0x04, 0xF1, 0x04, 0xF1, 0x04, 0xF1, 0x04, 0xF1, 0x04, 0xF1, 0x04, 0xF1,
  0x04, 0xF1, 0x06, 0xED, 0x40, 0x2F, 0x79, 0xE0, 0x3F, 0x47, 0xF0, 0x09, 0xFF, 0x60, 0x00, 0x21,
  0x00, 0x00, 0x00, 0x00, 0x00, 0x00, 0x00, 0x00, 0x00, 0x00, 0x00, 0x00, 0x00, 0x00, 0x00, 0x00,
  0x2D, 0x00, 0x10, 0x00, 0x00, 0x00, 0x00, 0x00, 0x00, 0x02, 0xD0, 0x00, 0x00, 0x00, 0x10, 0x00,
  0x00, 0x00, 0x00, 0x00, 0x00, 0x04, 0xF1, 0x00, 0x00, 0x6B, 0xF1, 0x00, 0x0A, 0xC4, 0x20, 0x00,
  0x3F, 0x30, 0x00, 0x00, 0x3F, 0x30, 0x01, 0x10, 0x0D, 0xC4, 0x4B, 0xC0, 0x02, 0xAE, 0xEB, 0x20,
  0x00, 0x00, 0x1D, 0x90, 0x00, 0x00, 0x00, 0xCA, 0x00, 0x00, 0x00, 0x00, 0x00, 0x00, 0x00, 0x00,
  0x02, 0xFB, 0x00, 0x00, 0x00, 0x08, 0xFF, 0x20, 0x00, 0x00, 0x0D, 0x8D, 0x80, 0x00, 0x00, 0x5F,
  0x27, 0xE0, 0x00, 0x00, 0xBB, 0x02, 0xF5, 0x00, 0x02, 0xF5, 0x00, 0xBB, 0x00, 0x07, 0xFF, 0xFF,
  0xFF, 0x20, 0x0D, 0x93, 0x33, 0x3E, 0x70, 0x4F, 0x20, 0x00, 0x08, 0xD0, 0xAC, 0x00, 0x00, 0x03,
  0xF4, 0x00, 0x00, 0x2E, 0x70, 0x00, 0x00, 0x1D, 0x80, 0x00, 0x00, 0x00, 0x00, 0x00, 0x00, 0x4F,
  0xFF, 0xFF, 0x90, 0x04, 0xF4, 0x33, 0x32, 0x00, 0x4F, 0x10, 0x00, 0x00, 0x04, 0xF1, 0x00, 0x00,
  0x00, 0x4F, 0x10, 0x00, 0x00, 0x04, 0xFF, 0xFF, 0xF2, 0x00, 0x4F, 0x43, 0x33, 0x00, 0x04, 0xF1,
  0x00, 0x00, 0x00, 0x4F, 0x43, 0x33, 0x20, 0x04, 0xFF, 0xFF, 0xF9, 0x00, 0x00, 0x6E, 0x30, 0x3E,
  0x40, 0x00, 0x00, 0x00, 0x4F, 0x10, 0x04, 0xF1, 0x00, 0x4F, 0x10, 0x04, 0xF1, 0x00, 0x4F, 0x10,
  0x04, 0xF1, 0x00, 0x4F, 0x10, 0x04, 0xF1, 0x00, 0x4F, 0x10, 0x04, 0xF1, 0x00, 0x00, 0x00, 0xAD,
  0x44, 0x30, 0x00, 0x00, 0x17, 0x3D, 0xD2, 0x00, 0x00, 0x00, 0x00, 0x00, 0x00, 0x00, 0x4F, 0x70,
  0x00, 0x04, 0xF1, 0x04, 0xFF, 0x40, 0x00, 0x4F, 0x10, 0x4F, 0xCD, 0x10, 0x04, 0xF1, 0x04, 0xF3,
  0xEA, 0x00, 0x4F, 0x10, 0x4F, 0x14, 0xF6, 0x04, 0xF1, 0x04, 0xF1, 0x08, 0xF3, 0x4F, 0x10, 0x4F,
  0x10, 0x0C, 0xD5, 0xF1, 0x04, 0xF1, 0x00, 0x2E, 0xDF, 0x10, 0x4F, 0x10, 0x00, 0x5F, 0xF1, 0x04,
  0xF1, 0x00, 0x00, 0xAF, 0x10, 0x00, 0x00, 0x02, 0x72, 0x00, 0x00, 0x00, 0x02, 0xD7, 0x00, 0x00,
  0x00, 0x00, 0x00, 0x00, 0x00, 0x00, 0x01, 0x9D, 0xFD, 0x70, 0x00, 0x01, 0xDC, 0x53, 0x6E, 0xC0,
  0x00, 0xAC, 0x10, 0x00, 0x2E, 0x70, 0x1F, 0x50, 0x00, 0x00, 0x8D, 0x03, 0xF2, 0x00, 0x00, 0x05,
  0xF0, 0x3F, 0x20, 0x00, 0x00, 0x5F, 0x01, 0xF5, 0x00, 0x00, 0x08, 0xD0, 0x0A, 0xC1, 0x00, 0x02,
  0xE7, 0x00, 0x2D, 0xC5, 0x36, 0xDC, 0x00, 0x00, 0x19, 0xDF, 0xD8, 0x10, 0x00, 0x00, 0x00, 0x27,
  0x20, 0x00, 0x00, 0x2D, 0x60, 0x00, 0x00, 0x00, 0x00, 0x00, 0x04, 0xF1, 0x00, 0x04, 0xF1, 0x4F,
  0x10, 0x00, 0x4F, 0x14, 0xF1, 0x00, 0x04, 0xF1, 0x4F, 0x10, 0x00, 0x4F, 0x14, 0xF1, 0x00, 0x04,
  0xF1, 0x4F, 0x10, 0x00, 0x4F, 0x14, 0xF2, 0x00, 0x04, 0xF1, 0x1F, 0x60, 0x00, 0x9D, 0x00, 0x9F,
  0x74, 0x8F, 0x60, 0x00, 0x8D, 0xFC, 0x60, 0x00, 0x00, 0x10, 0x00, 0x10, 0x00, 0x2D, 0x00, 0x2D,
  0x00, 0x00, 0x00, 0x00, 0x00, 0x04, 0xF1, 0x00, 0x04, 0xF1, 0x4F, 0x10, 0x00, 0x4F, 0x14, 0xF1,
  0x00, 0x04, 0xF1, 0x4F, 0x10, 0x00, 0x4F, 0x14, 0xF1, 0x00, 0x04, 0xF1, 0x4F, 0x10, 0x00, 0x4F,
  0x14, 0xF2, 0x00, 0x04, 0xF1, 0x1F, 0x60, 0x00, 0x8D, 0x00, 0x9E, 0x63, 0x7F, 0x60, 0x00, 0x8D,
  0xFC, 0x60, 0x00, 0x00, 0x00, 0x12, 0x00, 0x00, 0x2E, 0x70, 0x00, 0x1D, 0x90, 0x00, 0x00, 0x00,
  0x00, 0x02, 0xBE, 0xE8, 0x00, 0xBB, 0x46, 0xF5, 0x00, 0x00, 0x0B, 0xA0, 0x6D, 0xFF, 0xFB, 0x2F,
  0x83, 0x3B, 0xB2, 0xF7, 0x37, 0xEB, 0x07, 0xDF, 0xB9, 0xB0, 0x00, 0x00, 0x02, 0x10, 0x00, 0x00,
  0x8E, 0x30, 0x00, 0x05, 0xF4, 0x00, 0x00, 0x00, 0x00, 0x00, 0x00, 0x8D, 0xEB, 0x30, 0x0A, 0xE6,
  0x4A, 0xE1, 0x2F, 0x50, 0x00, 0xE7, 0x4F, 0xEE, 0xEE, 0xFA, 0x2F, 0x42, 0x22, 0x21, 0x0A, 0xC5,
  0x37, 0xE4, 0x00, 0x8D, 0xEC, 0x60, 0x06, 0xE3, 0x3E, 0x40, 0x00, 0x00, 0x4F, 0x10, 0x4F, 0x10,
  0x4F, 0x10, 0x4F, 0x10, 0x4F, 0x10, 0x4F, 0x10, 0x4F, 0x10, 0x01, 0xBD, 0x45, 0x30, 0x02, 0x63,
  0xDD, 0x20, 0x00, 0x00, 0x00, 0x00, 0x4F, 0x5D, 0xFB, 0x20, 0x4F, 0xC4, 0x5D, 0xB0, 0x4F, 0x40,
  0x06, 0xF0, 0x4F, 0x10, 0x04, 0xF1, 0x4F, 0x10, 0x04, 0xF1, 0x4F, 0x10, 0x04, 0xF1, 0x4F, 0x10,
  0x04, 0xF1, 0x00, 0x00, 0x02, 0x10, 0x00, 0x00, 0x07, 0xF4, 0x00, 0x00, 0x04, 0xF5, 0x00, 0x00,
  0x00, 0x00, 0x00, 0x00, 0x00, 0x8D, 0xFD, 0x60, 0x00, 0xAE, 0x63, 0x7F, 0x70, 0x2F, 0x50, 0x00,
  0x8E, 0x04, 0xF2, 0x00, 0x04, 0xF1, 0x2F, 0x50, 0x00, 0x8E, 0x00, 0xAE, 0x63, 0x7F, 0x70, 0x00,
  0x8D, 0xFD, 0x60, 0x00, 0x00, 0x00, 0xCC, 0x10, 0x00, 0x0A, 0xC1, 0x00, 0x00, 0x00, 0x00, 0x00,
  0x4F, 0x10, 0x04, 0xF1, 0x4F, 0x10, 0x04, 0xF1, 0x4F, 0x10, 0x04, 0xF1, 0x4F, 0x10, 0x04, 0xF1,
  0x3F, 0x30, 0x07, 0xF1, 0x0E, 0xB4, 0x5E, 0xF1, 0x04, 0xDF, 0xC6, 0xF1, 0x02, 0xD0, 0x2D, 0x00,
  0x00, 0x10, 0x01, 0x00, 0x00, 0x00, 0x00, 0x00, 0x4F, 0x10, 0x04, 0xF1, 0x4F, 0x10, 0x04, 0xF1,
  0x4F, 0x10, 0x04, 0xF1, 0x4F, 0x10, 0x04, 0xF1, 0x3F, 0x30, 0x07, 0xF1, 0x0E, 0xB4, 0x5E, 0xF1,
  0x04, 0xDF, 0xC7, 0xF1, 0xFF, 0xFF, 0xFF, 0xFF, 0x33, 0x33, 0x33, 0x33, 0x00, 0x00, 0x00, 0x00,
  0x00, 0x00, 0x00, 0x00, 0x00, 0x00, 0x00, 0x00, 0xFF, 0xFF, 0xFF, 0xFF, 0xFF, 0xFF, 0xFF, 0xF8,
  0x33, 0x33, 0x33, 0x33, 0x33, 0x33, 0x33, 0x31, 0x00, 0x00, 0x00, 0x00, 0x00, 0x00, 0x00, 0x00,
  0x00, 0x00, 0x00, 0x00, 0x00, 0x00, 0x00, 0x00, 0x00, 0x00, 0x00, 0x00, 0x00, 0x00, 0x00, 0x00,
  0x0D, 0x53, 0xF1, 0x9B, 0x00, 0x00, 0x00, 0x00, 0x00, 0x00, 0x00, 0x00, 0x00, 0x00, 0x00, 0x2F,
  0x46, 0xD0, 0x97, 0x00, 0x00, 0x00, 0x00, 0x00, 0x00, 0x00, 0x00, 0x00, 0x00, 0x00, 0x0D, 0x59,
  0x93, 0xF1, 0xE4, 0x9B, 0x5E, 0x10, 0x00, 0x00, 0x00, 0x00, 0x00, 0x00, 0x00, 0x00, 0x00, 0x00,
  0x00, 0x00, 0x00, 0x00, 0x00, 0x00, 0x00, 0x1F, 0x4C, 0x86, 0xD2, 0xF2, 0x97, 0x5B, 0x00, 0x00,
  0x00, 0x00, 0x00, 0x00, 0x00, 0x00, 0x00, 0x00, 0x00, 0x00, 0x00, 0x00, 0x00, 0x00, 0x00, 0x00,
  0x01, 0x00, 0x10, 0x01, 0x02, 0xD0, 0x2D, 0x02, 0xD0, 0x00, 0x8E, 0x10, 0x4F, 0x50, 0x1D, 0x90,
  0x01, 0xD9, 0x00, 0x04, 0xF5, 0x00, 0x08, 0xE1, 0x00, 0x00, 0x00, 0x0C, 0xB0, 0x00, 0x3F, 0x70,
  0x00, 0x7F, 0x30, 0x07, 0xF3, 0x03, 0xF7, 0x00, 0xCB, 0x00, 0x00, 0x00, 0x00
};
const Glifo F_ETIQUETA_GLIFOS[] = {
  {0x0020, 0, 3, 0, 0, 0, 12},
  {0x0021, 0, 5, 10, 0, -10, 20},
  {0x0022, 25, 5, 10, 0, -10, 20},
  {0x0023, 50, 9, 10, 0, -10, 36},
  {0x0024, 95, 8, 13, 0, -11, 32},
  {0x0025, 147, 12, 10, 0, -10, 48},
  {0x0026, 207, 9, 10, 0, -10, 36},
  {0x0027, 252, 3, 10, 0, -10, 12},
  {0x0028, 267, 5, 12, 0, -11, 20},
  {0x0029, 297, 5, 12, 0, -11, 20},
  {0x002A, 327, 7, 10, 0, -10, 28},
  {0x002B, 362, 9, 8, 0, -8, 36},
  {0x002C, 398, 3, 3, 0, -1, 12},
  {0x002D, 403, 6, 5, 0, -5, 24},
  {0x002E, 418, 3, 2, 0, -2, 12},
  {0x002F, 421, 6, 12, 0, -11, 24},
  {0x0030, 457, 9, 10, 0, -10, 36},
  {0x0031, 502, 6, 10, 0, -10, 24},
  {0x0032, 532, 8, 10, 0, -10, 32},
  {0x0033, 572, 8, 10, 0, -10, 32},
  {0x0034, 612, 10, 10, 0, -10, 40},
  {0x0035, 662, 8, 10, 0, -10, 32},
  {0x0036, 702, 9, 10, 0, -10, 36},
  {0x0037, 747, 9, 10, 0, -10, 36},
  {0x0038, 792, 9, 10, 0, -10, 36},
  {0x0039, 837, 9, 10, 0, -10, 36},
  {0x003A, 882, 3, 7, 0, -7, 12},
  {0x003B, 893, 3, 8, 0, -7, 12},
  {0x003C, 905, 9, 7, 0, -7, 36},
  {0x003D, 937, 10, 6, 0, -6, 40},
  {0x003E, 967, 9, 7, 0, -7, 36},
  {0x003F, 999, 8, 10, 0, -10, 32},
  {0x0040, 1039, 14, 13, 0, -10, 56},
  {0x0041, 1130, 10, 10, 0, -10, 40},
  {0x0042, 1180, 9, 10, 0, -10, 36},
  {0x0043, 1225, 10, 10, 0, -10, 40},
  {0x0044, 1275, 10, 10, 0, -10, 40},
  {0x0045, 1325, 9, 10, 0, -10, 36},
  {0x0046, 1370, 8, 10, 0, -10, 32},
  {0x0047, 1410, 11, 10, 0, -10, 44},
  {0x0048, 1465, 11, 10, 0, -10, 44},
  {0x0049, 1520, 4, 10, 0, -10, 16},
  {0x004A, 1540, 8, 10, -1, -10, 28},
  {0x004B, 1580, 10, 10, 0, -10, 36},
  {0x004C, 1630, 8, 10, 0, -10, 32},
  {0x004D, 1670, 12, 10, 0, -10, 48},
  {0x004E, 1730, 11, 10, 0, -10, 44},
  {0x004F, 1785, 11, 10, 0, -10, 44},
  {0x0050, 1840, 9, 10, 0, -10, 36},
  {0x0051, 1885, 11, 11, 0, -10, 44},
  {0x0052, 1946, 9, 10, 0, -10, 36},
  {0x0053, 1991, 8, 10, 0, -10, 32},
  {0x0054, 2031, 10, 10, 0, -10, 40},
  {0x0055, 2081, 9, 10, 0, -10, 36},
  {0x0056, 2126, 10, 10, 0, -10, 40},
  {0x0057, 2176, 14, 10, 0, -10, 56},
  {0x0058, 2246, 9, 10, 0, -10, 36},
  {0x0059, 2291, 9, 10, 0, -10, 36},
  {0x005A, 2336, 10, 10, 0, -10, 40},
  {0x005B, 2386, 5, 13, 0, -11, 20},
  {0x005C, 2419, 6, 12, 0, -11, 24},
  {0x005D, 2455, 4, 13, 0, -11, 16},
  {0x005E, 2481, 8, 10, 0, -10, 32},
  {0x005F, 2521, 8, 2, 0, 0, 32},
  {0x0060, 2529, 4, 10, 0, -10, 12},
  {0x0061, 2549, 7, 7, 0, -7, 28},
  {0x0062, 2574, 8, 10, 0, -10, 32},
  {0x0063, 2614, 8, 7, 0, -7, 32},
  {0x0064, 2642, 8, 10, 0, -10, 32},
  {0x0065, 2682, 8, 7, 0, -7, 32},
  {0x0066, 2710, 7, 10, 0, -10, 28},
  {0x0067, 2745, 8, 10, 0, -7, 32},
  {0x0068, 2785, 8, 10, 0, -10, 32},
  {0x0069, 2825, 3, 10, 0, -10, 12},
  {0x006A, 2840, 5, 13, -1, -10, 16},
  {0x006B, 2873, 7, 10, 0, -10, 28},
  {0x006C, 2908, 3, 10, 0, -10, 12},
  {0x006D, 2923, 11, 7, 0, -7, 44},
  {0x006E, 2962, 8, 7, 0, -7, 32},
  {0x006F, 2990, 9, 7, 0, -7, 36},
  {0x0070, 3022, 8, 10, 0, -7, 32},
  {0x0071, 3062, 8, 10, 0, -7, 32},
  {0x0072, 3102, 5, 7, 0, -7, 20},
  {0x0073, 3120, 7, 7, 0, -7, 28},
  {0x0074, 3145, 7, 9, 0, -9, 28},
  {0x0075, 3177, 8, 7, 0, -7, 32},
  {0x0076, 3205, 8, 7, 0, -7, 28},
  {0x0077, 3233, 12, 7, 0, -7, 44},
  {0x0078, 3275, 7, 7, 0, -7, 28},
  {0x0079, 3300, 8, 10, 0, -7, 32},
  {0x007A, 3340, 8, 7, 0, -7, 32},
  {0x007B, 3368, 5, 13, 0, -11, 20},
  {0x007C, 3401, 4, 14, 0, -11, 16},
  {0x007D, 3429, 5, 13, 0, -11, 20},
  {0x007E, 3462, 8, 6, 0, -6, 32},
  {0x00A1, 3486, 4, 10, 0, -7, 16},
  {0x00B0, 3506, 6, 10, 0, -10, 24},
  {0x00B7, 3536, 3, 5, 0, -5, 12},
  {0x00BF, 3544, 8, 10, 0, -7, 28},
  {0x00C1, 3584, 10, 13, 0, -13, 40},
  {0x00C9, 3649, 9, 13, 0, -13, 36},
  {0x00CD, 3708, 5, 13, 0, -13, 16},
  {0x00D1, 3741, 11, 13, 0, -13, 44},
  {0x00D3, 3813, 11, 13, 0, -13, 44},
  {0x00DA, 3885, 9, 13, 0, -13, 36},
  {0x00DC, 3944, 9, 13, 0, -13, 36},
  {0x00E1, 4003, 7, 11, 0, -11, 28},
  {0x00E9, 4042, 8, 11, 0, -11, 32},
  {0x00ED, 4086, 4, 10, 0, -10, 12},
  {0x00F1, 4106, 8, 10, 0, -10, 32},
  {0x00F3, 4146, 9, 11, 0, -11, 36},
  {0x00FA, 4196, 8, 10, 0, -10, 32},
  {0x00FC, 4236, 8, 10, 0, -10, 32},
  {0x2013, 4276, 8, 5, 0, -5, 32},
  {0x2014, 4296, 16, 5, 0, -5, 64},
  {0x2018, 4336, 3, 10, 0, -10, 12},
  {0x2019, 4351, 3, 10, 0, -10, 12},
  {0x201C, 4366, 5, 10, 0, -10, 20},
  {0x201D, 4391, 5, 10, 0, -10, 20},
  {0x2026, 4416, 9, 2, 0, -2, 36},
  {0x2039, 4425, 5, 7, 0, -7, 20},
  {0x203A, 4443, 5, 7, 0, -7, 20}
};
const Fuente F_ETIQUETA = {F_ETIQUETA_BITS, F_ETIQUETA_GLIFOS, 122, 14, 4};

// F_TEXTO: Figtree 400, 16 px, 122 glifos, 5523 bytes
const uint8_t F_TEXTO_BITS[] = {
  0x04, 0xF1, 0x00, 0x4F, 0x10, 0x04, 0xF1, 0x00, 0x4F, 0x10, 0x04, 0xF1, 0x00, 0x4F, 0x10, 0x04,
  0xF1, 0x00, 0x4F, 0x10, 0x00, 0x00, 0x00, 0x01, 0x00, 0x02, 0xD0, 0x00, 0x4F, 0x4F, 0x14, 0xF4,
  0xF1, 0x4F, 0x4F, 0x14, 0xF4, 0xF1, 0x00, 0x00, 0x00, 0x00, 0x00, 0x00, 0x00, 0x00, 0x00, 0x00,
  0x00, 0x00, 0x00, 0x00, 0x00, 0x00, 0x00, 0x00, 0x00, 0x07, 0x80, 0x0D, 0x20, 0x00, 0x0A, 0x60,
  0x1F, 0x00, 0x00, 0x0C, 0x30, 0x3D, 0x00, 0x2F, 0xFF, 0xFF, 0xFF, 0xFD, 0x12, 0x4F, 0x22, 0xAA,
  0x22, 0x00, 0x4B, 0x00, 0xA5, 0x00, 0x00, 0x79, 0x00, 0xD3, 0x00, 0xBF, 0xFF, 0xFF, 0xFF, 0xF3,
  0x23, 0xE6, 0x35, 0xF3, 0x30, 0x00, 0xE1, 0x05, 0xB0, 0x00, 0x01, 0xE0, 0x07, 0x80, 0x00, 0x00,
  0x04, 0xF1, 0x00, 0x00, 0x19, 0xFF, 0xE7, 0x00, 0x0C, 0xC8, 0xF7, 0xE9, 0x02, 0xF2, 0x4F, 0x14,
  0x70, 0x3F, 0x34, 0xF1, 0x00, 0x00, 0xCD, 0xAF, 0x10, 0x00, 0x01, 0x8F, 0xFE, 0x60, 0x00, 0x00,
  0x4F, 0x9F, 0x70, 0x00, 0x04, 0xF1, 0x7E, 0x04, 0x80, 0x4F, 0x15, 0xE0, 0x3E, 0xA7, 0xF7, 0xE9,
  0x00, 0x3A, 0xFF, 0xE8, 0x00, 0x00, 0x04, 0xF1, 0x00, 0x00, 0x00, 0x4F, 0x10, 0x00, 0x03, 0xCF,
  0xB2, 0x00, 0x0B, 0xB0, 0x01, 0xE9, 0x3B, 0xC0, 0x07, 0xE1, 0x00, 0x3F, 0x20, 0x4F, 0x03, 0xF4,
  0x00, 0x01, 0xF7, 0x09, 0xD1, 0xD9, 0x00, 0x00, 0x05, 0xEF, 0xE4, 0xAC, 0x00, 0x00, 0x00, 0x01,
  0x20, 0x5E, 0x20, 0x00, 0x00, 0x00, 0x00, 0x2E, 0x64, 0xDF, 0xB2, 0x00, 0x00, 0x0C, 0xA1, 0xE7,
  0x19, 0xC0, 0x00, 0x08, 0xD1, 0x3F, 0x10, 0x4F, 0x00, 0x04, 0xF4, 0x01, 0xE9, 0x3B, 0xC0, 0x01,
  0xD8, 0x00, 0x04, 0xDF, 0xC2, 0x00, 0x00, 0x4D, 0xFB, 0x30, 0x00, 0x01, 0xE8, 0x3A, 0xD0, 0x00,
  0x03, 0xF1, 0x04, 0xF0, 0x00, 0x00, 0xD8, 0x1B, 0xA0, 0x00, 0x00, 0x4F, 0xFA, 0x00, 0x00, 0x00,
  0x7F, 0xF3, 0x00, 0x00, 0x08, 0xD2, 0x9E, 0x24, 0xF0, 0x2F, 0x40, 0x0B, 0xC9, 0xC0, 0x3F, 0x20,
  0x01, 0xFF, 0x60, 0x0D, 0xB3, 0x37, 0xFF, 0x80, 0x02, 0xBE, 0xEB, 0x55, 0xF5, 0x4F, 0x14, 0xF1,
  0x4F, 0x14, 0xF1, 0x00, 0x00, 0x00, 0x00, 0x00, 0x00, 0x00, 0x00, 0x00, 0x00, 0x00, 0x00, 0x1D,
  0x60, 0x09, 0xC0, 0x02, 0xF3, 0x00, 0x8C, 0x00, 0x0D, 0x60, 0x02, 0xF3, 0x00, 0x3F, 0x10, 0x03,
  0xF1, 0x00, 0x2F, 0x30, 0x00, 0xD6, 0x00, 0x08, 0xC0, 0x00, 0x2F, 0x30, 0x00, 0x9C, 0x00, 0x01,
  0xD6, 0x09, 0xB0, 0x00, 0x01, 0xD6, 0x00, 0x00, 0x6E, 0x00, 0x00, 0x0E, 0x50, 0x00, 0x09, 0xB0,
  0x00, 0x06, 0xE0, 0x00, 0x04, 0xF0, 0x00, 0x04, 0xF0, 0x00, 0x06, 0xE0, 0x00, 0x09, 0xB0, 0x00,
  0x0E, 0x50, 0x00, 0x6E, 0x00, 0x01, 0xD6, 0x00, 0x09, 0xB0, 0x00, 0x00, 0x04, 0xF1, 0x00, 0x02,
  0x54, 0xF2, 0x61, 0x04, 0xBF, 0xFF, 0xB3, 0x00, 0x0C, 0xFB, 0x00, 0x00, 0x8C, 0x1D, 0x60, 0x00,
  0x12, 0x02, 0x00, 0x00, 0x00, 0x00, 0x00, 0x00, 0x00, 0x00, 0x00, 0x00, 0x00, 0x00, 0x00, 0x00,
  0x00, 0x00, 0x00, 0x00, 0x00, 0x00, 0x00, 0x00, 0x00, 0x3D, 0x10, 0x00, 0x00, 0x00, 0x4F, 0x10,
  0x00, 0x00, 0x00, 0x4F, 0x10, 0x00, 0x05, 0xFF, 0xFF, 0xFF, 0xF2, 0x01, 0x22, 0x6F, 0x32, 0x20,
  0x00, 0x00, 0x4F, 0x10, 0x00, 0x00, 0x00, 0x4F, 0x10, 0x00, 0x00, 0x00, 0x02, 0x00, 0x00, 0x09,
  0xC0, 0x0E, 0x50, 0x3E, 0x00, 0x0F, 0xFF, 0xFF, 0x00, 0x33, 0x33, 0x30, 0x00, 0x00, 0x00, 0x00,
  0x00, 0x00, 0x00, 0x00, 0x00, 0x00, 0x00, 0x01, 0x02, 0xD0, 0x00, 0x00, 0x8C, 0x00, 0x00, 0xD7,
  0x00, 0x03, 0xF2, 0x00, 0x08, 0xC0, 0x00, 0x0D, 0x70, 0x00, 0x3F, 0x20, 0x00, 0x8C, 0x00, 0x00,
  0xD7, 0x00, 0x04, 0xF2, 0x00, 0x09, 0xC0, 0x00, 0x0E, 0x70, 0x00, 0x4F, 0x20, 0x00, 0x9B, 0x00,
  0x00, 0x00, 0x2A, 0xEE, 0x91, 0x00, 0x01, 0xDB, 0x34, 0xCC, 0x00, 0x09, 0xC0, 0x00, 0x1E, 0x60,
  0x0E, 0x50, 0x00, 0x08, 0xC0, 0x2F, 0x20, 0x00, 0x05, 0xE0, 0x3F, 0x10, 0x00, 0x04, 0xF0, 0x2F,
  0x20, 0x00, 0x05, 0xE0, 0x0E, 0x50, 0x00, 0x08, 0xC0, 0x09, 0xC0, 0x00, 0x1E, 0x60, 0x01, 0xDB,
  0x34, 0xCC, 0x00, 0x00, 0x2A, 0xEE, 0x91, 0x00, 0x00, 0x09, 0xF1, 0x00, 0x19, 0xFF, 0x10, 0x0B,
  0xD8, 0xF1, 0x00, 0x10, 0x4F, 0x10, 0x00, 0x04, 0xF1, 0x00, 0x00, 0x4F, 0x10, 0x00, 0x04, 0xF1,
  0x00, 0x00, 0x4F, 0x10, 0x00, 0x04, 0xF1, 0x00, 0x00, 0x4F, 0x10, 0x00, 0x04, 0xF1, 0x00, 0x01,
  0x9D, 0xFD, 0x70, 0x01, 0xCE, 0x63, 0x6E, 0x80, 0x3C, 0x30, 0x00, 0x6E, 0x00, 0x00, 0x00, 0x05,
  0xF0, 0x00, 0x00, 0x01, 0xCA, 0x00, 0x00, 0x03, 0xCC, 0x10, 0x00, 0x07, 0xFA, 0x10, 0x00, 0x0A,
  0xE6, 0x00, 0x00, 0x08, 0xF3, 0x00, 0x00, 0x00, 0xEB, 0x22, 0x22, 0x20, 0x0F, 0xFF, 0xFF, 0xFF,
  0x10, 0x00, 0x7D, 0xFD, 0x91, 0x00, 0x5C, 0x53, 0x5D, 0xB0, 0x00, 0x00, 0x00, 0x5F, 0x00, 0x00,
  0x01, 0x4C, 0xB0, 0x00, 0x0B, 0xFF, 0xB1, 0x00, 0x00, 0x24, 0x9F, 0x50, 0x00, 0x00, 0x00, 0x8D,
  0x00, 0x00, 0x00, 0x04, 0xF0, 0x01, 0x20, 0x00, 0x7E, 0x00, 0x8E, 0x63, 0x7E, 0x70, 0x00, 0x7D,
  0xFD, 0x60, 0x00, 0x00, 0x00, 0x09, 0xF1, 0x00, 0x00, 0x00, 0x04, 0xFF, 0x10, 0x00, 0x00, 0x01,
  0xD9, 0xF1, 0x00, 0x00, 0x00, 0x9B, 0x4F, 0x10, 0x00, 0x00, 0x4E, 0x24, 0xF1, 0x00, 0x00, 0x1D,
  0x60, 0x4F, 0x10, 0x00, 0x08, 0xB0, 0x04, 0xF1, 0x00, 0x00, 0xFF, 0xFF, 0xFF, 0xFF, 0xF0, 0x03,
  0x33, 0x35, 0xF3, 0x33, 0x00, 0x00, 0x00, 0x4F, 0x10, 0x00, 0x00, 0x00, 0x04, 0xF1, 0x00, 0x00,
  0x07, 0xFF, 0xFF, 0xF8, 0x00, 0x8C, 0x22, 0x22, 0x10, 0x0A, 0xA0, 0x00, 0x00, 0x00, 0xB8, 0x00,
  0x00, 0x00, 0x0D, 0xBC, 0xED, 0x60, 0x00, 0xCC, 0x53, 0x7F, 0x70, 0x00, 0x00, 0x00, 0x7E, 0x00,
  0x00, 0x00, 0x04, 0xF0, 0x04, 0x00, 0x00, 0x7D, 0x02, 0xEB, 0x43, 0x7F, 0x60, 0x02, 0x9D, 0xFC,
  0x50, 0x00, 0x00, 0x19, 0xEE, 0xD9, 0x20, 0x01, 0xDC, 0x53, 0x5A, 0x40, 0x09, 0xD1, 0x00, 0x00,
  0x00, 0x0E, 0x70, 0x00, 0x00, 0x00, 0x2F, 0x49, 0xDE, 0xC5, 0x00, 0x3F, 0xEB, 0x43, 0x8F, 0x50,
  0x3F, 0xC0, 0x00, 0x07, 0xD0, 0x1F, 0x80, 0x00, 0x04, 0xF0, 0x0C, 0xB0, 0x00, 0x07, 0xD0, 0x04,
  0xFB, 0x43, 0x7F, 0x50, 0x00, 0x4B, 0xEE, 0xC5, 0x00, 0x0F, 0xFF, 0xFF, 0xFF, 0x00, 0x22, 0x22,
  0x2A, 0xC0, 0x00, 0x00, 0x02, 0xF4, 0x00, 0x00, 0x00, 0x9C, 0x00, 0x00, 0x00, 0x2F, 0x40, 0x00,
  0x00, 0x09, 0xB0, 0x00, 0x00, 0x02, 0xF4, 0x00, 0x00, 0x00, 0x9B, 0x00, 0x00, 0x00, 0x2F, 0x40,
  0x00, 0x00, 0x0A, 0xB0, 0x00, 0x00, 0x02, 0xF4, 0x00, 0x00, 0x00, 0x01, 0x9D, 0xFD, 0x70, 0x00,
  0x0C, 0xD5, 0x36, 0xE8, 0x00, 0x2F, 0x30, 0x00, 0x6E, 0x00, 0x3F, 0x20, 0x00, 0x5F, 0x00, 0x0C,
  0xB2, 0x03, 0xD9, 0x00, 0x02, 0xEF, 0xFF, 0xD1, 0x00, 0x0B, 0xD6, 0x44, 0x7D, 0x40, 0x2F, 0x30,
  0x00, 0x06, 0xD0, 0x3F, 0x30, 0x00, 0x06, 0xF0, 0x0C, 0xD6, 0x33, 0x7E, 0x90, 0x01, 0x8D, 0xFE,
  0xC7, 0x00, 0x00, 0x6C, 0xFE, 0xA2, 0x00, 0x08, 0xF6, 0x34, 0xCE, 0x20, 0x1F, 0x50, 0x00, 0x1E,
  0x90, 0x3F, 0x10, 0x00, 0x0B, 0xD0, 0x1F, 0x40, 0x00, 0x0E, 0xF0, 0x0A, 0xE4, 0x02, 0xBF, 0xF0,
  0x01, 0x9F, 0xFF, 0xA7, 0xE0, 0x00, 0x01, 0x21, 0x09, 0xB0, 0x00, 0x00, 0x00, 0x2F, 0x50, 0x06,
  0x84, 0x36, 0xEB, 0x00, 0x03, 0xAD, 0xFD, 0x80, 0x00, 0x2D, 0x00, 0x10, 0x00, 0x00, 0x00, 0x00,
  0x00, 0x00, 0x01, 0x02, 0xD0, 0x2D, 0x00, 0x10, 0x00, 0x00, 0x00, 0x00, 0x00, 0x00, 0x0E, 0x14,
  0xB0, 0x87, 0x00, 0x00, 0x00, 0x00, 0x55, 0x00, 0x00, 0x01, 0x6D, 0xD4, 0x00, 0x00, 0x7E, 0xC6,
  0x00, 0x00, 0x00, 0xFC, 0x20, 0x00, 0x00, 0x00, 0x3A, 0xFB, 0x40, 0x00, 0x00, 0x00, 0x28, 0xE7,
  0x00, 0x00, 0x00, 0x00, 0x12, 0x00, 0x00, 0x00, 0x00, 0x00, 0x00, 0x00, 0xFF, 0xFF, 0xFF, 0x00,
  0x00, 0x33, 0x33, 0x33, 0x00, 0x00, 0x00, 0x00, 0x00, 0x00, 0x00, 0xFF, 0xFF, 0xFF, 0x00, 0x00,
  0x33, 0x33, 0x33, 0x00, 0x00, 0x00, 0x00, 0x00, 0x00, 0x00, 0x00, 0x00, 0x00, 0x00, 0x00, 0x82,
  0x00, 0x00, 0x00, 0x00, 0xAF, 0xA3, 0x00, 0x00, 0x00, 0x02, 0x9F, 0xB3, 0x00, 0x00, 0x00, 0x07,
  0xF7, 0x00, 0x00, 0x17, 0xDD, 0x60, 0x00, 0x00, 0xEC, 0x50, 0x00, 0x00, 0x00, 0x30, 0x00, 0x00,
  0x00, 0x00, 0x00, 0x00, 0x00, 0x00, 0x05, 0xCF, 0xD8, 0x00, 0x4F, 0x73, 0x5E, 0x80, 0x01, 0x00,
  0x06, 0xE0, 0x00, 0x00, 0x05, 0xF0, 0x00, 0x00, 0x3D, 0xA0, 0x00, 0x4F, 0xE9, 0x10, 0x00, 0x4F,
  0x10, 0x00, 0x00, 0x3D, 0x10, 0x00, 0x00, 0x00, 0x00, 0x00, 0x00, 0x01, 0x00, 0x00, 0x00, 0x2D,
  0x00, 0x00, 0x00, 0x00, 0x28, 0xCE, 0xFD, 0x93, 0x00, 0x00, 0x00, 0x08, 0xFB, 0x63, 0x35, 0xAF,
  0x80, 0x00, 0x00, 0x9E, 0x40, 0x00, 0x00, 0x03, 0xE8, 0x00, 0x05, 0xF3, 0x08, 0xEE, 0xA5, 0xF1,
  0x4F, 0x30, 0x0C, 0x90, 0x8E, 0x63, 0x7E, 0xF1, 0x0B, 0xA0, 0x1F, 0x41, 0xE6, 0x00, 0x09, 0xF1,
  0x06, 0xD0, 0x3F, 0x23, 0xF1, 0x00, 0x04, 0xF1, 0x04, 0xF0, 0x3F, 0x23, 0xF1, 0x00, 0x04, 0xF1,
  0x04, 0xF0, 0x1F, 0x41, 0xE6, 0x00, 0x09, 0xF1, 0x08, 0xC0, 0x0C, 0x90, 0x8E, 0x63, 0x7D, 0xF4,
  0x4E, 0x50, 0x05, 0xF3, 0x08, 0xEE, 0xA1, 0xBF, 0xD6, 0x00, 0x00, 0xAE, 0x30, 0x00, 0x00, 0x00,
  0x00, 0x00, 0x00, 0x09, 0xFA, 0x53, 0x36, 0x60, 0x00, 0x00, 0x00, 0x00, 0x39, 0xDE, 0xEB, 0x60,
  0x00, 0x00, 0x00, 0x00, 0x8F, 0x50, 0x00, 0x00, 0x00, 0x0E, 0xFB, 0x00, 0x00, 0x00, 0x05, 0xF6,
  0xF2, 0x00, 0x00, 0x00, 0xBB, 0x0D, 0x80, 0x00, 0x00, 0x2F, 0x50, 0x8E, 0x10, 0x00, 0x09, 0xE0,
  0x02, 0xF6, 0x00, 0x01, 0xE8, 0x00, 0x0B, 0xC0, 0x00, 0x6F, 0xFF, 0xFF, 0xFF, 0x30, 0x0C, 0xB3,
  0x33, 0x33, 0xDA, 0x04, 0xF4, 0x00, 0x00, 0x07, 0xF1, 0xAC, 0x00, 0x00, 0x00, 0x1E, 0x70, 0x04,
  0xFF, 0xFF, 0xD8, 0x00, 0x04, 0xF3, 0x23, 0x6E, 0x90, 0x04, 0xF1, 0x00, 0x06, 0xE0, 0x04, 0xF1,
  0x00, 0x05, 0xF0, 0x04, 0xF1, 0x00, 0x2C, 0xA0, 0x04, 0xFF, 0xFF, 0xFE, 0x10, 0x04, 0xF3, 0x33,
  0x6E, 0x90, 0x04, 0xF1, 0x00, 0x06, 0xE0, 0x04, 0xF1, 0x00, 0x05, 0xF0, 0x04, 0xF3, 0x22, 0x5D,
  0xA0, 0x04, 0xFF, 0xFF, 0xE9, 0x10, 0x00, 0x05, 0xBE, 0xFC, 0x71, 0x00, 0x00, 0x9E, 0x84, 0x37,
  0xEC, 0x10, 0x06, 0xE3, 0x00, 0x00, 0x1D, 0x90, 0x0D, 0x70, 0x00, 0x00, 0x01, 0x00, 0x2F, 0x30,
  0x00, 0x00, 0x00, 0x00, 0x3F, 0x10, 0x00, 0x00, 0x00, 0x00, 0x2F, 0x30, 0x00, 0x00, 0x00, 0x00,
  0x0D, 0x80, 0x00, 0x00, 0x03, 0x20, 0x06, 0xE3, 0x00, 0x00, 0x1D, 0xA0, 0x00, 0x9E, 0x84, 0x37,
  0xEC, 0x10, 0x00, 0x05, 0xBE, 0xFC, 0x70, 0x00, 0x04, 0xFF, 0xFE, 0xB5, 0x00, 0x00, 0x4F, 0x32,
  0x38, 0xF8, 0x00, 0x04, 0xF1, 0x00, 0x05, 0xF4, 0x00, 0x4F, 0x10, 0x00, 0x0B, 0xB0, 0x04, 0xF1,
  0x00, 0x00, 0x5E, 0x00, 0x4F, 0x10, 0x00, 0x04, 0xF0, 0x04, 0xF1, 0x00, 0x00, 0x5E, 0x00, 0x4F,
  0x10, 0x00, 0x0B, 0xB0, 0x04, 0xF1, 0x00, 0x05, 0xF4, 0x00, 0x4F, 0x32, 0x38, 0xF8, 0x00, 0x04,
  0xFF, 0xFE, 0xB5, 0x00, 0x00, 0x04, 0xFF, 0xFF, 0xFF, 0x50, 0x04, 0xF3, 0x22, 0x22, 0x10, 0x04,
  0xF1, 0x00, 0x00, 0x00, 0x04, 0xF1, 0x00, 0x00, 0x00, 0x04, 0xF1, 0x00, 0x00, 0x00, 0x04, 0xFF,
  0xFF, 0xFD, 0x00, 0x04, 0xF3, 0x33, 0x32, 0x00, 0x04, 0xF1, 0x00, 0x00, 0x00, 0x04, 0xF1, 0x00,
  0x00, 0x00, 0x04, 0xF3, 0x22, 0x22, 0x10, 0x04, 0xFF, 0xFF, 0xFF, 0x50, 0x04, 0xFF, 0xFF, 0xFF,
  0x50, 0x4F, 0x32, 0x22, 0x21, 0x04, 0xF1, 0x00, 0x00, 0x00, 0x4F, 0x10, 0x00, 0x00, 0x04, 0xF1,
  0x00, 0x00, 0x00, 0x4F, 0xFF, 0xFF, 0xB0, 0x04, 0xF3, 0x33, 0x32, 0x00, 0x4F, 0x10, 0x00, 0x00,
  0x04, 0xF1, 0x00, 0x00, 0x00, 0x4F, 0x10, 0x00, 0x00, 0x04, 0xF1, 0x00, 0x00, 0x00, 0x00, 0x03,
  0x9D, 0xEE, 0xB5, 0x00, 0x00, 0x06, 0xFA, 0x53, 0x47, 0xEC, 0x10, 0x05, 0xF5, 0x00, 0x00, 0x01,
  0x81, 0x00, 0xC9, 0x00, 0x00, 0x00, 0x00, 0x00, 0x2F, 0x30, 0x00, 0x00, 0x00, 0x00, 0x03, 0xF1,
  0x00, 0x00, 0x2F, 0xFF, 0xF1, 0x2F, 0x30, 0x00, 0x00, 0x33, 0x6F, 0x00, 0xD9, 0x00, 0x00, 0x00,
  0x08, 0xD0, 0x05, 0xF5, 0x00, 0x00, 0x02, 0xE6, 0x00, 0x07, 0xFA, 0x53, 0x37, 0xEA, 0x00, 0x00,
  0x03, 0x9D, 0xEE, 0xB5, 0x00, 0x00, 0x04, 0xF1, 0x00, 0x00, 0x04, 0xF1, 0x00, 0x4F, 0x10, 0x00,
  0x00, 0x4F, 0x10, 0x04, 0xF1, 0x00, 0x00, 0x04, 0xF1, 0x00, 0x4F, 0x10, 0x00, 0x00, 0x4F, 0x10,
  0x04, 0xF1, 0x00, 0x00, 0x04, 0xF1, 0x00, 0x4F, 0xFF, 0xFF, 0xFF, 0xFF, 0x10, 0x04, 0xF3, 0x33,
  0x33, 0x35, 0xF1, 0x00, 0x4F, 0x10, 0x00, 0x00, 0x4F, 0x10, 0x04, 0xF1, 0x00, 0x00, 0x04, 0xF1,
  0x00, 0x4F, 0x10, 0x00, 0x00, 0x4F, 0x10, 0x04, 0xF1, 0x00, 0x00, 0x04, 0xF1, 0x00, 0x04, 0xF1,
  0x00, 0x4F, 0x10, 0x04, 0xF1, 0x00, 0x4F, 0x10, 0x04, 0xF1, 0x00, 0x4F, 0x10, 0x04, 0xF1, 0x00,
  0x4F, 0x10, 0x04, 0xF1, 0x00, 0x4F, 0x10, 0x04, 0xF1, 0x00, 0x00, 0x00, 0x04, 0xF1, 0x00, 0x00,
  0x04, 0xF1, 0x00, 0x00, 0x04, 0xF1, 0x00, 0x00, 0x04, 0xF1, 0x00, 0x00, 0x04, 0xF1, 0x00, 0x00,
  0x04, 0xF1, 0x00, 0x00, 0x04, 0xF1, 0x00, 0x00, 0x04, 0xF1, 0x13, 0x00, 0x08, 0xE0, 0x6F, 0x63,
  0x7F, 0x60, 0x06, 0xDE, 0xC5, 0x00, 0x04, 0xF1, 0x00, 0x07, 0xF4, 0x04, 0xF1, 0x00, 0x6F, 0x40,
  0x04, 0xF1, 0x06, 0xF5, 0x00, 0x04, 0xF1, 0x6F, 0x50, 0x00, 0x04, 0xF7, 0xF6, 0x00, 0x00, 0x04,
  0xFF, 0xF6, 0x00, 0x00, 0x04, 0xF6, 0x6F, 0x30, 0x00, 0x04, 0xF1, 0x09, 0xE2, 0x00, 0x04, 0xF1,
  0x00, 0xBC, 0x10, 0x04, 0xF1, 0x00, 0x1D, 0xA0, 0x04, 0xF1, 0x00, 0x03, 0xE8, 0x04, 0xF1, 0x00,
  0x00, 0x00, 0x4F, 0x10, 0x00, 0x00, 0x04, 0xF1, 0x00, 0x00, 0x00, 0x4F, 0x10, 0x00, 0x00, 0x04,
  0xF1, 0x00, 0x00, 0x00, 0x4F, 0x10, 0x00, 0x00, 0x04, 0xF1, 0x00, 0x00, 0x00, 0x4F, 0x10, 0x00,
  0x00, 0x04, 0xF1, 0x00, 0x00, 0x00, 0x4F, 0x43, 0x33, 0x31, 0x04, 0xFF, 0xFF, 0xFF, 0x50, 0x04,
  0xF7, 0x00, 0x00, 0x00, 0x9F, 0x10, 0x04, 0xFF, 0x20, 0x00, 0x04, 0xFF, 0x10, 0x04, 0xFC, 0xC0,
  0x00, 0x1E, 0xBF, 0x10, 0x04, 0xF3, 0xE7, 0x00, 0xAC, 0x4F, 0x10, 0x04, 0xF1, 0x6F, 0x35, 0xF3,
  0x4F, 0x10, 0x04, 0xF1, 0x0A, 0xCE, 0x80, 0x4F, 0x10, 0x04, 0xF1, 0x01, 0xEC, 0x00, 0x4F, 0x10,
  0x04, 0xF1, 0x00, 0x53, 0x00, 0x4F, 0x10, 0x04, 0xF1, 0x00, 0x00, 0x00, 0x4F, 0x10, 0x04, 0xF1,
  0x00, 0x00, 0x00, 0x4F, 0x10, 0x04, 0xF1, 0x00, 0x00, 0x00, 0x4F, 0x10, 0x04, 0xF7, 0x00, 0x00,
  0x04, 0xF1, 0x00, 0x4F, 0xF3, 0x00, 0x00, 0x4F, 0x10, 0x04, 0xFB, 0xD1, 0x00, 0x04, 0xF1, 0x00,
  0x4F, 0x2D, 0xB0, 0x00, 0x4F, 0x10, 0x04, 0xF1, 0x3E, 0x70, 0x04, 0xF1, 0x00, 0x4F, 0x10, 0x6F,
  0x40, 0x4F, 0x10, 0x04, 0xF1, 0x00, 0xAE, 0x14, 0xF1, 0x00, 0x4F, 0x10, 0x01, 0xDB, 0x4F, 0x10,
  0x04, 0xF1, 0x00, 0x02, 0xEB, 0xF1, 0x00, 0x4F, 0x10, 0x00, 0x06, 0xFF, 0x10, 0x04, 0xF1, 0x00,
  0x00, 0x09, 0xF1, 0x00, 0x00, 0x04, 0xAD, 0xFD, 0x93, 0x00, 0x00, 0x08, 0xF9, 0x43, 0x5A, 0xF6,
  0x00, 0x06, 0xF4, 0x00, 0x00, 0x06, 0xF3, 0x00, 0xD8, 0x00, 0x00, 0x00, 0x0B, 0xA0, 0x2F, 0x30,
  0x00, 0x00, 0x00, 0x5E, 0x03, 0xF1, 0x00, 0x00, 0x00, 0x04, 0xF0, 0x2F, 0x30, 0x00, 0x00, 0x00,
  0x5E, 0x00, 0xD8, 0x00, 0x00, 0x00, 0x0A, 0xA0, 0x06, 0xF4, 0x00, 0x00, 0x06, 0xF3, 0x00, 0x08,
  0xF9, 0x43, 0x4A, 0xF6, 0x00, 0x00, 0x04, 0xAE, 0xFD, 0xA3, 0x00, 0x00, 0x04, 0xFF, 0xFF, 0xC6,
  0x00, 0x04, 0xF3, 0x23, 0x7F, 0x60, 0x04, 0xF1, 0x00, 0x08, 0xD0, 0x04, 0xF1, 0x00, 0x04, 0xF0,
  0x04, 0xF1, 0x00, 0x06, 0xE0, 0x04, 0xF1, 0x00, 0x3D, 0x80, 0x04, 0xFF, 0xFF, 0xF9, 0x00, 0x04,
  0xF3, 0x32, 0x10, 0x00, 0x04, 0xF1, 0x00, 0x00, 0x00, 0x04, 0xF1, 0x00, 0x00, 0x00, 0x04, 0xF1,
  0x00, 0x00, 0x00, 0x00, 0x04, 0xAE, 0xFD, 0x93, 0x00, 0x00, 0x08, 0xF9, 0x43, 0x5A, 0xF6, 0x00,
  0x06, 0xF4, 0x00, 0x00, 0x06, 0xF3, 0x00, 0xD8, 0x00, 0x00, 0x00, 0x0B, 0xA0, 0x2F, 0x30, 0x00,
  0x00, 0x00, 0x5E, 0x03, 0xF1, 0x00, 0x00, 0x00, 0x04, 0xF0, 0x2F, 0x30, 0x00, 0x00, 0x00, 0x6E,
  0x00, 0xD8, 0x00, 0x00, 0x9B, 0x1B, 0xB0, 0x05, 0xF4, 0x00, 0x01, 0xCD, 0xF4, 0x00, 0x08, 0xF9,
  0x43, 0x5B, 0xFE, 0x20, 0x00, 0x04, 0xAD, 0xFD, 0xA3, 0xBC, 0x00, 0x00, 0x00, 0x00, 0x00, 0x00,
  0x20, 0x04, 0xFF, 0xFF, 0xD7, 0x00, 0x04, 0xF3, 0x23, 0x6E, 0x80, 0x04, 0xF1, 0x00, 0x06, 0xE0,
  0x04, 0xF1, 0x00, 0x05, 0xF0, 0x04, 0xF1, 0x00, 0x3D, 0x90, 0x04, 0xFF, 0xFF, 0xF9, 0x00, 0x04,
  0xF3, 0x36, 0xF2, 0x00, 0x04, 0xF1, 0x00, 0xCA, 0x00, 0x04, 0xF1, 0x00, 0x4F, 0x30, 0x04, 0xF1,
  0x00, 0x0B, 0xB0, 0x04, 0xF1, 0x00, 0x03, 0xF4, 0x01, 0x9D, 0xFD, 0x70, 0x00, 0xCC, 0x43, 0x7E,
  0x80, 0x2F, 0x30, 0x00, 0x48, 0x03, 0xF3, 0x00, 0x00, 0x00, 0x0B, 0xD6, 0x20, 0x00, 0x00, 0x07,
  0xDF, 0xC5, 0x00, 0x00, 0x00, 0x28, 0xF7, 0x00, 0x00, 0x00, 0x06, 0xE0, 0x49, 0x00, 0x00, 0x5E,
  0x03, 0xEA, 0x43, 0x6E, 0x90, 0x03, 0xAE, 0xFD, 0x80, 0x00, 0x0F, 0xFF, 0xFF, 0xFF, 0xF0, 0x02,
  0x22, 0x5F, 0x32, 0x20, 0x00, 0x00, 0x4F, 0x10, 0x00, 0x00, 0x00, 0x4F, 0x10, 0x00, 0x00, 0x00,
  0x4F, 0x10, 0x00, 0x00, 0x00, 0x4F, 0x10, 0x00, 0x00, 0x00, 0x4F, 0x10, 0x00, 0x00, 0x00, 0x4F,
  0x10, 0x00, 0x00, 0x00, 0x4F, 0x10, 0x00, 0x00, 0x00, 0x4F, 0x10, 0x00, 0x00, 0x00, 0x4F, 0x10,
  0x00, 0x04, 0xF1, 0x00, 0x00, 0x4F, 0x10, 0x4F, 0x10, 0x00, 0x04, 0xF1, 0x04, 0xF1, 0x00, 0x00,
  0x4F, 0x10, 0x4F, 0x10, 0x00, 0x04, 0xF1, 0x04, 0xF1, 0x00, 0x00, 0x4F, 0x10, 0x4F, 0x10, 0x00,
  0x04, 0xF1, 0x03, 0xF1, 0x00, 0x00, 0x4F, 0x10, 0x3F, 0x20, 0x00, 0x05, 0xF0, 0x00, 0xE7, 0x00,
  0x00, 0xAB, 0x00, 0x06, 0xF8, 0x34, 0x9F, 0x30, 0x00, 0x04, 0xCE, 0xEA, 0x30, 0x00, 0xAC, 0x00,
  0x00, 0x00, 0x0B, 0xB3, 0xF3, 0x00, 0x00, 0x02, 0xF4, 0x0C, 0x90, 0x00, 0x00, 0x8D, 0x00, 0x6E,
  0x10, 0x00, 0x1E, 0x70, 0x01, 0xE7, 0x00, 0x06, 0xE1, 0x00, 0x08, 0xD0, 0x00, 0xC9, 0x00, 0x00,
  0x2F, 0x40, 0x3F, 0x30, 0x00, 0x00, 0xBA, 0x0A, 0xB0, 0x00, 0x00, 0x04, 0xF3, 0xF5, 0x00, 0x00,
  0x00, 0x0D, 0xED, 0x00, 0x00, 0x00, 0x00, 0x6F, 0x70, 0x00, 0x00, 0xBA, 0x00, 0x00, 0x2F, 0x80,
  0x00, 0x05, 0xF1, 0x6E, 0x00, 0x00, 0x7F, 0xC0, 0x00, 0x0A, 0xB0, 0x1F, 0x40, 0x00, 0xBC, 0xF2,
  0x00, 0x0E, 0x60, 0x0C, 0x90, 0x01, 0xF4, 0xE6, 0x00, 0x4F, 0x20, 0x07, 0xD0, 0x05, 0xE0, 0x9A,
  0x00, 0x9C, 0x00, 0x02, 0xF3, 0x0A, 0xA0, 0x5E, 0x00, 0xD7, 0x00, 0x00, 0xD8, 0x0E, 0x60, 0x1F,
  0x43, 0xF2, 0x00, 0x00, 0x8D, 0x4F, 0x10, 0x0B, 0x98, 0xD0, 0x00, 0x00, 0x3F, 0xBC, 0x00, 0x07,
  0xDD, 0x80, 0x00, 0x00, 0x0E, 0xF7, 0x00, 0x03, 0xFF, 0x30, 0x00, 0x00, 0x09, 0xF2, 0x00, 0x00,
  0xDD, 0x00, 0x00, 0x7F, 0x30, 0x00, 0x05, 0xF4, 0x0B, 0xD1, 0x00, 0x2E, 0x80, 0x01, 0xE9, 0x00,
  0xBC, 0x00, 0x00, 0x4F, 0x57, 0xE2, 0x00, 0x00, 0x08, 0xEF, 0x50, 0x00, 0x00, 0x01, 0xFD, 0x00,
  0x00, 0x00, 0x09, 0xDE, 0x70, 0x00, 0x00, 0x5F, 0x36, 0xF3, 0x00, 0x02, 0xE8, 0x00, 0xAD, 0x10,
  0x0B, 0xC0, 0x00, 0x1E, 0x90, 0x7F, 0x30, 0x00, 0x05, 0xF5, 0x1D, 0x90, 0x00, 0x00, 0xCB, 0x00,
  0x5F, 0x40, 0x00, 0x6F, 0x20, 0x00, 0xAD, 0x00, 0x1E, 0x80, 0x00, 0x02, 0xE7, 0x09, 0xD0, 0x00,
  0x00, 0x06, 0xE6, 0xF4, 0x00, 0x00, 0x00, 0x0C, 0xF9, 0x00, 0x00, 0x00, 0x00, 0x4F, 0x20, 0x00,
  0x00, 0x00, 0x04, 0xF1, 0x00, 0x00, 0x00, 0x00, 0x4F, 0x10, 0x00, 0x00, 0x00, 0x04, 0xF1, 0x00,
  0x00, 0x00, 0x00, 0x4F, 0x10, 0x00, 0x00, 0x0F, 0xFF, 0xFF, 0xFF, 0xFF, 0x00, 0x22, 0x22, 0x22,
  0x4E, 0xB0, 0x00, 0x00, 0x00, 0x1C, 0xC1, 0x00, 0x00, 0x00, 0x0A, 0xE2, 0x00, 0x00, 0x00, 0x08,
  0xF4, 0x00, 0x00, 0x00, 0x06, 0xF6, 0x00, 0x00, 0x00, 0x04, 0xF8, 0x00, 0x00, 0x00, 0x02, 0xEA,
  0x00, 0x00, 0x00, 0x01, 0xCC, 0x10, 0x00, 0x00, 0x00, 0xBE, 0x42, 0x22, 0x22, 0x20, 0x0F, 0xFF,
  0xFF, 0xFF, 0xFF, 0x00, 0x03, 0xFF, 0x50, 0x04, 0xF3, 0x10, 0x04, 0xF1, 0x00, 0x04, 0xF1, 0x00,
  0x04, 0xF1, 0x00, 0x04, 0xF1, 0x00, 0x04, 0xF1, 0x00, 0x04, 0xF1, 0x00, 0x04, 0xF1, 0x00, 0x04,
  0xF1, 0x00, 0x04, 0xF1, 0x00, 0x04, 0xF1, 0x00, 0x04, 0xF1, 0x00, 0x04, 0xFF, 0x50, 0x01, 0x33,
  0x10, 0x9B, 0x00, 0x00, 0x4F, 0x10, 0x00, 0x0E, 0x60, 0x00, 0x09, 0xB0, 0x00, 0x04, 0xF1, 0x00,
  0x00, 0xE6, 0x00, 0x00, 0x9C, 0x00, 0x00, 0x4F, 0x20, 0x00, 0x0D, 0x70, 0x00, 0x08, 0xC0, 0x00,
  0x03, 0xF2, 0x00, 0x00, 0xD7, 0x00, 0x00, 0x8C, 0x07, 0xFF, 0x10, 0x01, 0x5F, 0x10, 0x00, 0x4F,
  0x10, 0x00, 0x4F, 0x10, 0x00, 0x4F, 0x10, 0x00, 0x4F, 0x10, 0x00, 0x4F, 0x10, 0x00, 0x4F, 0x10,
  0x00, 0x4F, 0x10, 0x00, 0x4F, 0x10, 0x00, 0x4F, 0x10, 0x00, 0x4F, 0x10, 0x00, 0x4F, 0x10, 0x07,
  0xFF, 0x10, 0x01, 0x33, 0x00, 0x00, 0x09, 0xF4, 0x00, 0x00, 0x01, 0xEC, 0xC0, 0x00, 0x00, 0x8B,
  0x1E, 0x40, 0x00, 0x1E, 0x40, 0x7C, 0x00, 0x08, 0xB0, 0x01, 0xE4, 0x00, 0x00, 0x00, 0x00, 0x00,
  0x00, 0x00, 0x00, 0x00, 0x00, 0x00, 0x00, 0x00, 0x00, 0x00, 0x00, 0x00, 0x00, 0x00, 0x00, 0x00,
  0x00, 0x00, 0x00, 0x00, 0x00, 0x00, 0x00, 0x0F, 0xFF, 0xFF, 0xF0, 0x03, 0x33, 0x33, 0x30, 0x7E,
  0x30, 0x07, 0xE2, 0x00, 0x00, 0x00, 0x00, 0x00, 0x00, 0x00, 0x00, 0x00, 0x00, 0x00, 0x00, 0x00,
  0x00, 0x00, 0x00, 0x00, 0x00, 0x02, 0xAE, 0xE9, 0x10, 0x0A, 0xB4, 0x4C, 0x80, 0x00, 0x00, 0x05,
  0xE0, 0x04, 0xCE, 0xFF, 0xF0, 0x1E, 0x93, 0x36, 0xF1, 0x3F, 0x20, 0x07, 0xF1, 0x1E, 0x93, 0x5E,
  0xF1, 0x04, 0xCF, 0xC6, 0xF1, 0x4F, 0x10, 0x00, 0x00, 0x04, 0xF1, 0x00, 0x00, 0x00, 0x4F, 0x10,
  0x00, 0x00, 0x04, 0xF3, 0xBF, 0xD6, 0x00, 0x4F, 0xD6, 0x38, 0xF5, 0x04, 0xF6, 0x00, 0x09, 0xC0,
  0x4F, 0x20, 0x00, 0x4F, 0x04, 0xF2, 0x00, 0x04, 0xF0, 0x4F, 0x60, 0x00, 0x9C, 0x04, 0xFD, 0x53,
  0x8F, 0x50, 0x4F, 0x2B, 0xFD, 0x60, 0x00, 0x00, 0x5C, 0xEE, 0x91, 0x00, 0x6F, 0x73, 0x4C, 0xD1,
  0x0E, 0x70, 0x00, 0x14, 0x03, 0xF2, 0x00, 0x00, 0x00, 0x3F, 0x20, 0x00, 0x00, 0x00, 0xE7, 0x00,
  0x01, 0x61, 0x06, 0xF7, 0x34, 0xCC, 0x00, 0x05, 0xCE, 0xE9, 0x10, 0x00, 0x00, 0x00, 0x4F, 0x10,
  0x00, 0x00, 0x04, 0xF1, 0x00, 0x00, 0x00, 0x4F, 0x10, 0x08, 0xDE, 0xA5, 0xF1, 0x08, 0xE6, 0x37,
  0xDF, 0x11, 0xE6, 0x00, 0x09, 0xF1, 0x3F, 0x20, 0x00, 0x4F, 0x13, 0xF2, 0x00, 0x04, 0xF1, 0x1E,
  0x60, 0x00, 0x9F, 0x10, 0x8E, 0x63, 0x7D, 0xF1, 0x00, 0x8E, 0xEA, 0x4F, 0x10, 0x00, 0x6D, 0xFD,
  0x50, 0x00, 0x7E, 0x63, 0x6E, 0x50, 0x0E, 0x40, 0x00, 0x5C, 0x03, 0xFF, 0xFF, 0xFF, 0xF0, 0x3F,
  0x43, 0x33, 0x33, 0x00, 0xE6, 0x00, 0x02, 0x40, 0x07, 0xE7, 0x35, 0xD8, 0x00, 0x06, 0xDF, 0xD7,
  0x00, 0x00, 0x08, 0xED, 0x20, 0x02, 0xF6, 0x40, 0x00, 0x3F, 0x10, 0x00, 0xFF, 0xFF, 0xF0, 0x02,
  0x5F, 0x32, 0x00, 0x04, 0xF1, 0x00, 0x00, 0x4F, 0x10, 0x00, 0x04, 0xF1, 0x00, 0x00, 0x4F, 0x10,
  0x00, 0x04, 0xF1, 0x00, 0x00, 0x4F, 0x10, 0x00, 0x00, 0x7D, 0xEA, 0x5F, 0x10, 0x8E, 0x63, 0x7D,
  0xF1, 0x1E, 0x60, 0x00, 0x9F, 0x13, 0xF2, 0x00, 0x04, 0xF1, 0x3F, 0x20, 0x00, 0x4F, 0x11, 0xE6,
  0x00, 0x09, 0xF1, 0x08, 0xE6, 0x37, 0xDF, 0x10, 0x08, 0xEE, 0xA5, 0xF0, 0x00, 0x00, 0x00, 0x8C,
  0x00, 0x46, 0x33, 0x7F, 0x50, 0x04, 0xBE, 0xFC, 0x50, 0x00, 0x4F, 0x10, 0x00, 0x00, 0x04, 0xF1,
  0x00, 0x00, 0x00, 0x4F, 0x10, 0x00, 0x00, 0x04, 0xF4, 0xCF, 0xE8, 0x10, 0x4F, 0xD6, 0x36, 0xE8,
  0x04, 0xF6, 0x00, 0x07, 0xE0, 0x4F, 0x20, 0x00, 0x4F, 0x04, 0xF1, 0x00, 0x04, 0xF1, 0x4F, 0x10,
  0x00, 0x4F, 0x14, 0xF1, 0x00, 0x04, 0xF1, 0x4F, 0x10, 0x00, 0x4F, 0x10, 0x2D, 0x00, 0x10, 0x00,
  0x04, 0xF1, 0x4F, 0x14, 0xF1, 0x4F, 0x14, 0xF1, 0x4F, 0x14, 0xF1, 0x4F, 0x10, 0x00, 0x2D, 0x00,
  0x00, 0x10, 0x00, 0x00, 0x00, 0x04, 0xF1, 0x00, 0x4F, 0x10, 0x04, 0xF1, 0x00, 0x4F, 0x10, 0x04,
  0xF1, 0x00, 0x4F, 0x10, 0x04, 0xF1, 0x00, 0x4F, 0x10, 0x04, 0xF1, 0x23, 0x9D, 0x06, 0xED, 0x40,
  0x4F, 0x10, 0x00, 0x00, 0x4F, 0x10, 0x00, 0x00, 0x4F, 0x10, 0x00, 0x00, 0x4F, 0x10, 0x2D, 0x90,
  0x4F, 0x11, 0xDA, 0x00, 0x4F, 0x2C, 0xB0, 0x00, 0x4F, 0xCF, 0x50, 0x00, 0x4F, 0xC8, 0xE1, 0x00,
  0x4F, 0x20, 0xCA, 0x00, 0x4F, 0x10, 0x3F, 0x60, 0x4F, 0x10, 0x08, 0xE2, 0x4F, 0x14, 0xF1, 0x4F,
  0x14, 0xF1, 0x4F, 0x14, 0xF1, 0x4F, 0x14, 0xF1, 0x4F, 0x14, 0xF1, 0x4F, 0x10, 0x4F, 0x5D, 0xEB,
  0x15, 0xDE, 0xA1, 0x04, 0xFD, 0x44, 0xDB, 0xC4, 0x4D, 0x90, 0x4F, 0x50, 0x06, 0xF4, 0x00, 0x6E,
  0x04, 0xF2, 0x00, 0x4F, 0x10, 0x04, 0xF0, 0x4F, 0x10, 0x04, 0xF1, 0x00, 0x4F, 0x14, 0xF1, 0x00,
  0x4F, 0x10, 0x04, 0xF1, 0x4F, 0x10, 0x04, 0xF1, 0x00, 0x4F, 0x14, 0xF1, 0x00, 0x4F, 0x10, 0x04,
  0xF1, 0x4F, 0x3C, 0xFE, 0x81, 0x04, 0xFD, 0x63, 0x6E, 0x80, 0x4F, 0x60, 0x00, 0x7E, 0x04, 0xF2,
  0x00, 0x04, 0xF0, 0x4F, 0x10, 0x00, 0x4F, 0x14, 0xF1, 0x00, 0x04, 0xF1, 0x4F, 0x10, 0x00, 0x4F,
  0x14, 0xF1, 0x00, 0x04, 0xF1, 0x00, 0x4B, 0xEE, 0xA3, 0x00, 0x06, 0xF8, 0x34, 0x9F, 0x30, 0x0E,
  0x70, 0x00, 0x0A, 0xB0, 0x3F, 0x20, 0x00, 0x04, 0xF0, 0x3F, 0x20, 0x00, 0x05, 0xF0, 0x0E, 0x70,
  0x00, 0x0A, 0xB0, 0x06, 0xF8, 0x33, 0x9F, 0x30, 0x00, 0x4C, 0xEE, 0xB3, 0x00, 0x4F, 0x2B, 0xFD,
  0x60, 0x04, 0xFD, 0x63, 0x8F, 0x50, 0x4F, 0x60, 0x00, 0x9C, 0x04, 0xF2, 0x00, 0x04, 0xF0, 0x4F,
  0x20, 0x00, 0x4F, 0x04, 0xF6, 0x00, 0x09, 0xC0, 0x4F, 0xD5, 0x38, 0xF5, 0x04, 0xF3, 0xBF, 0xD6,
  0x00, 0x4F, 0x10, 0x00, 0x00, 0x04, 0xF1, 0x00, 0x00, 0x00, 0x4F, 0x10, 0x00, 0x00, 0x00, 0x00,
  0x8D, 0xEA, 0x4F, 0x10, 0x8E, 0x63, 0x7D, 0xF1, 0x1E, 0x60, 0x00, 0x9F, 0x13, 0xF2, 0x00, 0x04,
  0xF1, 0x3F, 0x20, 0x00, 0x4F, 0x11, 0xE6, 0x00, 0x09, 0xF1, 0x08, 0xE6, 0x37, 0xDF, 0x10, 0x08,
  0xEE, 0xA5, 0xF1, 0x00, 0x00, 0x00, 0x4F, 0x10, 0x00, 0x00, 0x04, 0xF1, 0x00, 0x00, 0x00, 0x4F,
  0x10, 0x4F, 0x3B, 0xD4, 0xFD, 0x73, 0x4F, 0x50, 0x04, 0xF1, 0x00, 0x4F, 0x10, 0x04, 0xF1, 0x00,
  0x4F, 0x10, 0x04, 0xF1, 0x00, 0x04, 0xCE, 0xEA, 0x20, 0x1F, 0x83, 0x4A, 0xB0, 0x2F, 0x30, 0x00,
  0x00, 0x08, 0xFB, 0x82, 0x00, 0x00, 0x16, 0xAF, 0x70, 0x02, 0x00, 0x05, 0xF0, 0x5F, 0x73, 0x4B,
  0xD0, 0x05, 0xCE, 0xEB, 0x20, 0x00, 0x28, 0x00, 0x00, 0x04, 0xF1, 0x00, 0x00, 0x4F, 0x10, 0x00,
  0xFF, 0xFF, 0xF0, 0x02, 0x5F, 0x32, 0x00, 0x04, 0xF1, 0x00, 0x00, 0x4F, 0x10, 0x00, 0x04, 0xF1,
  0x00, 0x00, 0x3F, 0x10, 0x00, 0x02, 0xF6, 0x40, 0x00, 0x07, 0xED, 0x10, 0x4F, 0x10, 0x00, 0x4F,
  0x14, 0xF1, 0x00, 0x04, 0xF1, 0x4F, 0x10, 0x00, 0x4F, 0x14, 0xF1, 0x00, 0x04, 0xF1, 0x3F, 0x10,
  0x00, 0x4F, 0x12, 0xF4, 0x00, 0x08, 0xF1, 0x0B, 0xD5, 0x37, 0xEF, 0x10, 0x1A, 0xEE, 0xA4, 0xF1,
  0xAA, 0x00, 0x00, 0x6E, 0x04, 0xF2, 0x00, 0x0C, 0x80, 0x0C, 0x70, 0x03, 0xF2, 0x00, 0x6D, 0x00,
  0x9B, 0x00, 0x01, 0xE5, 0x1E, 0x40, 0x00, 0x08, 0xB6, 0xD0, 0x00, 0x00, 0x2F, 0xD7, 0x00, 0x00,
  0x00, 0xBE, 0x10, 0x00, 0xA9, 0x00, 0x08, 0xF1, 0x00, 0x1F, 0x35, 0xE0, 0x00, 0xDF, 0x60, 0x06,
  0xD0, 0x1E, 0x40, 0x3F, 0x8C, 0x00, 0xB8, 0x00, 0xA9, 0x08, 0xA2, 0xF2, 0x1F, 0x30, 0x05, 0xE0,
  0xD5, 0x0C, 0x76, 0xD0, 0x00, 0x0E, 0x8E, 0x10, 0x7C, 0xC8, 0x00, 0x00, 0xAF, 0xA0, 0x02, 0xFF,
  0x20, 0x00, 0x04, 0xF5, 0x00, 0x0C, 0xC0, 0x00, 0x4F, 0x40, 0x09, 0xD1, 0x08, 0xD1, 0x4F, 0x30,
  0x00, 0xCA, 0xD8, 0x00, 0x00, 0x2F, 0xC0, 0x00, 0x00, 0x5F, 0xE1, 0x00, 0x02, 0xE6, 0xBA, 0x00,
  0x0B, 0xB0, 0x2E, 0x60, 0x7E, 0x20, 0x06, 0xE2, 0xAB, 0x00, 0x00, 0x5F, 0x13, 0xF2, 0x00, 0x0B,
  0x90, 0x0B, 0x90, 0x03, 0xF3, 0x00, 0x4E, 0x10, 0x9B, 0x00, 0x00, 0xD7, 0x1E, 0x50, 0x00, 0x06,
  0xD7, 0xD0, 0x00, 0x00, 0x1E, 0xF7, 0x00, 0x00, 0x00, 0x8E, 0x10, 0x00, 0x00, 0x0B, 0x90, 0x00,
  0x02, 0x47, 0xE2, 0x00, 0x00, 0x7E, 0xD4, 0x00, 0x00, 0x00, 0x0F, 0xFF, 0xFF, 0xF0, 0x02, 0x22,
  0x3D, 0xA0, 0x00, 0x00, 0x9C, 0x10, 0x00, 0x05, 0xE2, 0x00, 0x00, 0x3E, 0x50, 0x00, 0x01, 0xD9,
  0x00, 0x00, 0x0A, 0xD3, 0x22, 0x20, 0x0F, 0xFF, 0xFF, 0xF0, 0x00, 0x05, 0xD4, 0x00, 0x0E, 0x91,
  0x00, 0x2F, 0x30, 0x00, 0x3F, 0x10, 0x00, 0x3F, 0x10, 0x00, 0x4F, 0x00, 0x01, 0x9C, 0x00, 0x0F,
  0xF4, 0x00, 0x00, 0x9D, 0x00, 0x00, 0x4F, 0x10, 0x00, 0x3F, 0x10, 0x00, 0x3F, 0x20, 0x00, 0x1F,
  0x70, 0x00, 0x08, 0xF4, 0x00, 0x00, 0x11, 0x04, 0xF1, 0x00, 0x4F, 0x10, 0x04, 0xF1, 0x00, 0x4F,
  0x10, 0x04, 0xF1, 0x00, 0x4F, 0x10, 0x04, 0xF1, 0x00, 0x4F, 0x10, 0x04, 0xF1, 0x00, 0x4F, 0x10,
  0x04, 0xF1, 0x00, 0x4F, 0x10, 0x04, 0xF1, 0x00, 0x4F, 0x10, 0x04, 0xF1, 0x00, 0x4F, 0x10, 0x0B,
  0xC2, 0x00, 0x00, 0x3C, 0xB0, 0x00, 0x00, 0x6E, 0x00, 0x00, 0x04, 0xF0, 0x00, 0x00, 0x4F, 0x10,
  0x00, 0x03, 0xF1, 0x00, 0x00, 0x1E, 0x70, 0x00, 0x00, 0x7F, 0xD0, 0x00, 0x1F, 0x60, 0x00, 0x03,
  0xF1, 0x00, 0x00, 0x4F, 0x10, 0x00, 0x05, 0xF0, 0x00, 0x00, 0xAC, 0x00, 0x00, 0xBE, 0x50, 0x00,
  0x02, 0x10, 0x00, 0x00, 0x03, 0xDD, 0x50, 0x06, 0x00, 0xC8, 0x7F, 0x55, 0xE0, 0x08, 0x10, 0x7F,
  0xF5, 0x00, 0x00, 0x00, 0x11, 0x00, 0x00, 0x00, 0x00, 0x00, 0x00, 0x00, 0x00, 0x00, 0x00, 0x00,
  0x00, 0x00, 0x00, 0x00, 0x02, 0xD0, 0x00, 0x01, 0x00, 0x00, 0x00, 0x00, 0x4F, 0x10, 0x04, 0xF1,
  0x00, 0x4F, 0x10, 0x04, 0xF1, 0x00, 0x4F, 0x10, 0x04, 0xF1, 0x00, 0x4F, 0x10, 0x04, 0xF1, 0x00,
  0x06, 0xED, 0x40, 0x2F, 0x69, 0xE0, 0x2F, 0x47, 0xE0, 0x08, 0xFF, 0x60, 0x00, 0x21, 0x00, 0x00,
  0x00, 0x00, 0x00, 0x00, 0x00, 0x00, 0x00, 0x00, 0x00, 0x00, 0x00, 0x00, 0x00, 0x00, 0x00, 0x00,
  0x00, 0x2D, 0x00, 0x10, 0x00, 0x00, 0x00, 0x00, 0x00, 0x00, 0x00, 0x02, 0xD0, 0x00, 0x00, 0x00,
  0x10, 0x00, 0x00, 0x01, 0x20, 0x00, 0x00, 0x04, 0xF1, 0x00, 0x00, 0x04, 0xF1, 0x00, 0x02, 0xBE,
  0xF1, 0x00, 0x0D, 0xB2, 0x00, 0x00, 0x3F, 0x20, 0x00, 0x00, 0x2F, 0x30, 0x00, 0x20, 0x0B, 0xC4,
  0x38, 0xF2, 0x01, 0x9E, 0xEC, 0x40, 0x00, 0x00, 0x04, 0xE5, 0x00, 0x00, 0x00, 0x04, 0xE5, 0x00,
  0x00, 0x00, 0x00, 0x00, 0x00, 0x00, 0x00, 0x00, 0x08, 0xF5, 0x00, 0x00, 0x00, 0x00, 0xEF, 0xB0,
  0x00, 0x00, 0x00, 0x5F, 0x6F, 0x20, 0x00, 0x00, 0x0B, 0xB0, 0xD8, 0x00, 0x00, 0x02, 0xF5, 0x08,
  0xE1, 0x00, 0x00, 0x9E, 0x00, 0x2F, 0x60, 0x00, 0x1E, 0x80, 0x00, 0xBC, 0x00, 0x06, 0xFF, 0xFF,
  0xFF, 0xF3, 0x00, 0xCB, 0x33, 0x33, 0x3D, 0xA0, 0x4F, 0x40, 0x00, 0x00, 0x7F, 0x1A, 0xC0, 0x00,
  0x00, 0x01, 0xE7, 0x00, 0x00, 0x09, 0xD2, 0x00, 0x00, 0x00, 0x8D, 0x20, 0x00, 0x00, 0x00, 0x00,
  0x00, 0x00, 0x04, 0xFF, 0xFF, 0xFF, 0x50, 0x04, 0xF3, 0x22, 0x22, 0x10, 0x04, 0xF1, 0x00, 0x00,
  0x00, 0x04, 0xF1, 0x00, 0x00, 0x00, 0x04, 0xF1, 0x00, 0x00, 0x00, 0x04, 0xFF, 0xFF, 0xFD, 0x00,
  0x04, 0xF3, 0x33, 0x32, 0x00, 0x04, 0xF1, 0x00, 0x00, 0x00, 0x04, 0xF1, 0x00, 0x00, 0x00, 0x04,
  0xF3, 0x22, 0x22, 0x10, 0x04, 0xFF, 0xFF, 0xFF, 0x50, 0x00, 0x4E, 0x50, 0x3E, 0x50, 0x00, 0x00,
  0x00, 0x4F, 0x10, 0x04, 0xF1, 0x00, 0x4F, 0x10, 0x04, 0xF1, 0x00, 0x4F, 0x10, 0x04, 0xF1, 0x00,
  0x4F, 0x10, 0x04, 0xF1, 0x00, 0x4F, 0x10, 0x04, 0xF1, 0x00, 0x4F, 0x10, 0x00, 0x00, 0x00, 0x00,
  0x00, 0x00, 0x00, 0x00, 0x07, 0xEB, 0x17, 0x10, 0x00, 0x00, 0x00, 0x72, 0x8F, 0xB0, 0x00, 0x00,
  0x00, 0x00, 0x00, 0x00, 0x00, 0x00, 0x04, 0xF7, 0x00, 0x00, 0x04, 0xF1, 0x00, 0x4F, 0xF3, 0x00,
  0x00, 0x4F, 0x10, 0x04, 0xFB, 0xD1, 0x00, 0x04, 0xF1, 0x00, 0x4F, 0x2D, 0xB0, 0x00, 0x4F, 0x10,
  0x04, 0xF1, 0x3E, 0x70, 0x04, 0xF1, 0x00, 0x4F, 0x10, 0x6F, 0x40, 0x4F, 0x10, 0x04, 0xF1, 0x00,
  0xAE, 0x14, 0xF1, 0x00, 0x4F, 0x10, 0x01, 0xDB, 0x4F, 0x10, 0x04, 0xF1, 0x00, 0x02, 0xEB, 0xF1,
  0x00, 0x4F, 0x10, 0x00, 0x06, 0xFF, 0x10, 0x04, 0xF1, 0x00, 0x00, 0x09, 0xF1, 0x00, 0x00, 0x00,
  0x00, 0x17, 0x50, 0x00, 0x00, 0x00, 0x00, 0x3D, 0x91, 0x00, 0x00, 0x00, 0x00, 0x00, 0x00, 0x00,
  0x00, 0x00, 0x00, 0x4A, 0xDF, 0xD9, 0x30, 0x00, 0x00, 0x8F, 0x94, 0x35, 0xAF, 0x60, 0x00, 0x6F,
  0x40, 0x00, 0x00, 0x6F, 0x30, 0x0D, 0x80, 0x00, 0x00, 0x00, 0xBA, 0x02, 0xF3, 0x00, 0x00, 0x00,
  0x05, 0xE0, 0x3F, 0x10, 0x00, 0x00, 0x00, 0x4F, 0x02, 0xF3, 0x00, 0x00, 0x00, 0x05, 0xE0, 0x0D,
  0x80, 0x00, 0x00, 0x00, 0xAA, 0x00, 0x6F, 0x40, 0x00, 0x00, 0x6F, 0x30, 0x00, 0x8F, 0x94, 0x34,
  0xAF, 0x60, 0x00, 0x00, 0x4A, 0xEF, 0xDA, 0x30, 0x00, 0x00, 0x00, 0x00, 0xBB, 0x00, 0x00, 0x00,
  0x00, 0xAB, 0x10, 0x00, 0x00, 0x00, 0x00, 0x00, 0x00, 0x00, 0x4F, 0x10, 0x00, 0x04, 0xF1, 0x04,
  0xF1, 0x00, 0x00, 0x4F, 0x10, 0x4F, 0x10, 0x00, 0x04, 0xF1, 0x04, 0xF1, 0x00, 0x00, 0x4F, 0x10,
  0x4F, 0x10, 0x00, 0x04, 0xF1, 0x04, 0xF1, 0x00, 0x00, 0x4F, 0x10, 0x3F, 0x10, 0x00, 0x04, 0xF1,
  0x03, 0xF2, 0x00, 0x00, 0x5F, 0x00, 0x0E, 0x70, 0x00, 0x0A, 0xB0, 0x00, 0x6F, 0x83, 0x49, 0xF3,
  0x00, 0x00, 0x4C, 0xEE, 0xA3, 0x00, 0x00, 0x02, 0xD0, 0x02, 0xD0, 0x00, 0x00, 0x01, 0x00, 0x01,
  0x00, 0x00, 0x00, 0x00, 0x00, 0x00, 0x00, 0x4F, 0x10, 0x00, 0x00, 0xE1, 0x04, 0xF1, 0x00, 0x00,
  0x0E, 0x10, 0x4F, 0x10, 0x00, 0x00, 0xE1, 0x04, 0xF1, 0x00, 0x00, 0x0E, 0x10, 0x4F, 0x10, 0x00,
  0x00, 0xE1, 0x04, 0xF1, 0x00, 0x00, 0x0E, 0x10, 0x3F, 0x10, 0x00, 0x00, 0xE1, 0x03, 0xF2, 0x00,
  0x00, 0x0F, 0x00, 0x0E, 0x80, 0x00, 0x06, 0xB0, 0x00, 0x6F, 0x83, 0x38, 0xE3, 0x00, 0x00, 0x4C,
  0xEE, 0xA3, 0x00, 0x00, 0x00, 0x01, 0x00, 0x00, 0x00, 0xBB, 0x00, 0x00, 0x09, 0xC1, 0x00, 0x00,
  0x00, 0x00, 0x00, 0x02, 0xAE, 0xE9, 0x10, 0x0A, 0xB4, 0x4C, 0x80, 0x00, 0x00, 0x05, 0xE0, 0x04,
  0xCE, 0xFF, 0xF0, 0x1E, 0x93, 0x36, 0xF1, 0x3F, 0x20, 0x07, 0xF1, 0x1E, 0x93, 0x5E, 0xF1, 0x04,
  0xCF, 0xC6, 0xF1, 0x00, 0x00, 0x01, 0x10, 0x00, 0x00, 0x03, 0xE6, 0x00, 0x00, 0x02, 0xD7, 0x00,
  0x00, 0x00, 0x00, 0x00, 0x00, 0x00, 0x6D, 0xFD, 0x50, 0x00, 0x7E, 0x73, 0x6E, 0x50, 0x0E, 0x50,
  0x00, 0x6C, 0x03, 0xFE, 0xEE, 0xEE, 0xF0, 0x3F, 0x32, 0x22, 0x22, 0x00, 0xE6, 0x00, 0x02, 0x40,
  0x07, 0xE7, 0x35, 0xD8, 0x00, 0x06, 0xDF, 0xD7, 0x00, 0x04, 0xE5, 0x3D, 0x40, 0x00, 0x00, 0x4F,
  0x10, 0x4F, 0x10, 0x4F, 0x10, 0x4F, 0x10, 0x4F, 0x10, 0x4F, 0x10, 0x4F, 0x10, 0x4F, 0x10, 0x00,
  0x00, 0x00, 0x00, 0x00, 0x09, 0xFB, 0x16, 0x20, 0x01, 0x81, 0x9F, 0xC1, 0x00, 0x00, 0x00, 0x00,
  0x00, 0x4F, 0x3C, 0xFE, 0x81, 0x04, 0xFD, 0x63, 0x6E, 0x80, 0x4F, 0x60, 0x00, 0x7E, 0x04, 0xF2,
  0x00, 0x04, 0xF0, 0x4F, 0x10, 0x00, 0x4F, 0x14, 0xF1, 0x00, 0x04, 0xF1, 0x4F, 0x10, 0x00, 0x4F,
  0x14, 0xF1, 0x00, 0x04, 0xF1, 0x00, 0x00, 0x00, 0x10, 0x00, 0x00, 0x00, 0x1B, 0xC1, 0x00, 0x00,
  0x00, 0xBB, 0x10, 0x00, 0x00, 0x00, 0x00, 0x00, 0x00, 0x00, 0x4B, 0xEE, 0xA3, 0x00, 0x06, 0xF8,
  0x34, 0x9F, 0x30, 0x0E, 0x70, 0x00, 0x0A, 0xB0, 0x3F, 0x20, 0x00, 0x04, 0xF0, 0x3F, 0x20, 0x00,
  0x05, 0xF0, 0x0E, 0x70, 0x00, 0x0A, 0xB0, 0x06, 0xF8, 0x33, 0x9F, 0x30, 0x00, 0x4C, 0xEE, 0xB3,
  0x00, 0x00, 0x00, 0x3E, 0x80, 0x00, 0x00, 0x3D, 0x60, 0x00, 0x00, 0x00, 0x00, 0x00, 0x04, 0xF1,
  0x00, 0x04, 0xF1, 0x4F, 0x10, 0x00, 0x4F, 0x14, 0xF1, 0x00, 0x04, 0xF1, 0x4F, 0x10, 0x00, 0x4F,
  0x13, 0xF1, 0x00, 0x04, 0xF1, 0x2F, 0x40, 0x00, 0x8F, 0x10, 0xBD, 0x53, 0x7E, 0xF1, 0x01, 0xAE,
  0xEA, 0x4F, 0x10, 0x02, 0xD0, 0x02, 0xD0, 0x00, 0x01, 0x00, 0x01, 0x00, 0x00, 0x00, 0x00, 0x00,
  0x04, 0xF1, 0x00, 0x04, 0xF1, 0x4F, 0x10, 0x00, 0x4F, 0x14, 0xF1, 0x00, 0x04, 0xF1, 0x4F, 0x10,
  0x00, 0x4F, 0x13, 0xF1, 0x00, 0x04, 0xF1, 0x2F, 0x40, 0x00, 0x8F, 0x10, 0xBD, 0x53, 0x7E, 0xF1,
  0x01, 0xAE, 0xEA, 0x5F, 0x10, 0xFF, 0xFF, 0xFF, 0xFF, 0xF3, 0x33, 0x33, 0x33, 0x33, 0x00, 0x00,
  0x00, 0x00, 0x00, 0x00, 0x00, 0x00, 0x00, 0x00, 0x00, 0x00, 0x00, 0x00, 0xFF, 0xFF, 0xFF, 0xFF,
  0xFF, 0xFF, 0xFF, 0xFF, 0xF7, 0x33, 0x33, 0x33, 0x33, 0x33, 0x33, 0x33, 0x33, 0x31, 0x00, 0x00,
  0x00, 0x00, 0x00, 0x00, 0x00, 0x00, 0x00, 0x00, 0x00, 0x00, 0x00, 0x00, 0x00, 0x00, 0x00, 0x00,
  0x00, 0x00, 0x00, 0x00, 0x00, 0x00, 0x00, 0x00, 0x00, 0x0B, 0x72, 0xF2, 0x8D, 0x00, 0x00, 0x00,
  0x00, 0x00, 0x00, 0x00, 0x00, 0x00, 0x00, 0x00, 0x00, 0x00, 0x0E, 0x64, 0xE1, 0x99, 0x00, 0x00,
  0x00, 0x00, 0x00, 0x00, 0x00, 0x00, 0x00, 0x00, 0x00, 0x00, 0x00, 0x0B, 0x75, 0xC2, 0xF2, 0xB8,
  0x8D, 0x2F, 0x30, 0x00, 0x00, 0x00, 0x00, 0x00, 0x00, 0x00, 0x00, 0x00, 0x00, 0x00, 0x00, 0x00,
  0x00, 0x00, 0x00, 0x00, 0x00, 0x00, 0x00, 0x0E, 0x69, 0xC0, 0x4E, 0x1D, 0x60, 0x99, 0x3E, 0x10,
  0x00, 0x00, 0x00, 0x00, 0x00, 0x00, 0x00, 0x00, 0x00, 0x00, 0x00, 0x00, 0x00, 0x00, 0x00, 0x00,
  0x00, 0x00, 0x00, 0x00, 0x00, 0x00, 0x00, 0x00, 0x01, 0x00, 0x01, 0x00, 0x01, 0x02, 0xD0, 0x02,
  0xD0, 0x02, 0xD0, 0x00, 0x3E, 0x60, 0x01, 0xD9, 0x00, 0x0C, 0xB0, 0x00, 0x0C, 0xB0, 0x00, 0x01,
  0xD9, 0x00, 0x00, 0x3E, 0x60, 0x00, 0x00, 0x00, 0x00, 0x00, 0x00, 0x0A, 0xD1, 0x00, 0x01, 0xCB,
  0x00, 0x00, 0x2E, 0x80, 0x00, 0x2E, 0x80, 0x01, 0xCB, 0x00, 0x0A, 0xD1, 0x00, 0x00, 0x00, 0x00,
  0x00, 0x00, 0x00
};
const Glifo F_TEXTO_GLIFOS[] = {
  {0x0020, 0, 4, 0, 0, 0, 16},
  {0x0021, 0, 5, 11, 0, -11, 20},
  {0x0022, 28, 5, 11, 0, -11, 20},
  {0x0023, 56, 10, 11, 0, -11, 40},
  {0x0024, 111, 9, 14, 0, -12, 36},
  {0x0025, 174, 13, 11, 0, -11, 52},
  {0x0026, 246, 10, 11, 0, -11, 40},
  {0x0027, 301, 3, 11, 0, -11, 12},
  {0x0028, 318, 5, 14, 0, -12, 20},
  {0x0029, 353, 6, 14, 0, -12, 24},
  {0x002A, 395, 8, 11, 0, -11, 32},
  {0x002B, 439, 10, 8, 0, -8, 40},
  {0x002C, 479, 4, 3, 0, -1, 16},
  {0x002D, 485, 7, 5, 0, -5, 28},
  {0x002E, 503, 3, 2, 0, -2, 12},
  {0x002F, 506, 6, 13, 0, -12, 24},
  {0x0030, 545, 10, 11, 0, -11, 40},
  {0x0031, 600, 7, 11, 0, -11, 28},
  {0x0032, 639, 9, 11, 0, -11, 36},
  {0x0033, 689, 9, 11, 0, -11, 36},
  {0x0034, 739, 11, 11, 0, -11, 44},
  {0x0035, 800, 9, 11, 0, -11, 36},
  {0x0036, 850, 10, 11, 0, -11, 40},
  {0x0037, 905, 9, 11, 0, -11, 36},
  {0x0038, 955, 10, 11, 0, -11, 40},
  {0x0039, 1010, 10, 11, 0, -11, 40},
  {0x003A, 1065, 3, 8, 0, -8, 12},
  {0x003B, 1077, 3, 9, 0, -8, 12},
  {0x003C, 1091, 10, 8, 0, -8, 40},
  {0x003D, 1131, 10, 7, 0, -7, 40},
  {0x003E, 1166, 10, 8, 0, -8, 40},
  {0x003F, 1206, 8, 11, 0, -11, 32},
  {0x0040, 1250, 16, 14, 0, -11, 64},
  {0x0041, 1362, 11, 11, 0, -11, 44},
  {0x0042, 1423, 10, 11, 0, -11, 40},
  {0x0043, 1478, 12, 11, 0, -11, 48},
  {0x0044, 1544, 11, 11, 0, -11, 44},
  {0x0045, 1605, 10, 11, 0, -11, 40},
  {0x0046, 1660, 9, 11, 0, -11, 36},
  {0x0047, 1710, 13, 11, 0, -11, 52},
  {0x0048, 1782, 13, 11, 0, -11, 52},
  {0x0049, 1854, 5, 11, 0, -11, 20},
  {0x004A, 1882, 8, 11, 0, -11, 32},
  {0x004B, 1926, 10, 11, 0, -11, 40},
  {0x004C, 1981, 9, 11, 0, -11, 36},
  {0x004D, 2031, 14, 11, 0, -11, 56},
  {0x004E, 2108, 13, 11, 0, -11, 52},
  {0x004F, 2180, 13, 11, 0, -11, 52},
  {0x0050, 2252, 10, 11, 0, -11, 40},
  {0x0051, 2307, 13, 12, 0, -11, 52},
  {0x0052, 2385, 10, 11, 0, -11, 40},
  {0x0053, 2440, 9, 11, 0, -11, 36},
  {0x0054, 2490, 10, 11, 0, -11, 40},
  {0x0055, 2545, 11, 11, 0, -11, 44},
  {0x0056, 2606, 11, 11, 0, -11, 44},
  {0x0057, 2667, 16, 11, 0, -11, 60},
  {0x0058, 2755, 10, 11, 0, -11, 40},
  {0x0059, 2810, 11, 11, -1, -11, 36},
  {0x005A, 2871, 11, 11, 0, -11, 44},
  {0x005B, 2932, 6, 15, 0, -13, 24},
  {0x005C, 2977, 6, 13, 0, -12, 24},
  {0x005D, 3016, 6, 15, 0, -13, 24},
  {0x005E, 3061, 9, 11, 0, -11, 36},
  {0x005F, 3111, 8, 2, 0, 0, 32},
  {0x0060, 3119, 4, 11, 0, -11, 16},
  {0x0061, 3141, 8, 8, 0, -8, 32},
  {0x0062, 3173, 9, 11, 0, -11, 36},
  {0x0063, 3223, 9, 8, 0, -8, 36},
  {0x0064, 3259, 9, 11, 0, -11, 36},
  {0x0065, 3309, 9, 8, 0, -8, 36},
  {0x0066, 3345, 7, 11, 0, -11, 28},
  {0x0067, 3384, 9, 11, 0, -8, 36},
  {0x0068, 3434, 9, 11, 0, -11, 36},
  {0x0069, 3484, 3, 11, 0, -11, 12},
  {0x006A, 3501, 5, 14, -1, -11, 16},
  {0x006B, 3536, 8, 11, 0, -11, 28},
  {0x006C, 3580, 3, 11, 0, -11, 12},
  {0x006D, 3597, 13, 8, 0, -8, 52},
  {0x006E, 3649, 9, 8, 0, -8, 36},
  {0x006F, 3685, 10, 8, 0, -8, 40},
  {0x0070, 3725, 9, 11, 0, -8, 36},
  {0x0071, 3775, 9, 11, 0, -8, 36},
  {0x0072, 3825, 5, 8, 0, -8, 20},
  {0x0073, 3845, 8, 8, 0, -8, 32},
  {0x0074, 3877, 7, 11, 0, -11, 28},
  {0x0075, 3916, 9, 8, 0, -8, 36},
  {0x0076, 3952, 9, 8, 0, -8, 32},
  {0x0077, 3988, 13, 8, 0, -8, 52},
  {0x0078, 4040, 8, 8, 0, -8, 32},
  {0x0079, 4072, 9, 11, 0, -8, 32},
  {0x007A, 4122, 8, 8, 0, -8, 32},
  {0x007B, 4154, 6, 15, 0, -13, 24},
  {0x007C, 4199, 5, 16, 0, -13, 20},
  {0x007D, 4239, 7, 15, 0, -13, 28},
  {0x007E, 4292, 9, 7, 0, -7, 36},
  {0x00A1, 4324, 5, 11, 0, -8, 20},
  {0x00B0, 4352, 6, 11, 0, -11, 24},
  {0x00B7, 4385, 3, 6, 0, -6, 12},
  {0x00BF, 4394, 8, 11, 0, -8, 32},
  {0x00C1, 4438, 11, 14, 0, -14, 44},
  {0x00C9, 4515, 10, 14, 0, -14, 40},
  {0x00CD, 4585, 5, 14, 0, -14, 20},
  {0x00D1, 4620, 13, 15, 0, -15, 52},
  {0x00D3, 4718, 13, 14, 0, -14, 52},
  {0x00DA, 4809, 11, 14, 0, -14, 44},
  {0x00DC, 4886, 11, 14, 0, -14, 44},
  {0x00E1, 4963, 8, 12, 0, -12, 32},
  {0x00E9, 5011, 9, 12, 0, -12, 36},
  {0x00ED, 5065, 4, 11, 0, -11, 12},
  {0x00F1, 5087, 9, 12, 0, -12, 36},
  {0x00F3, 5141, 10, 12, 0, -12, 40},
  {0x00FA, 5201, 9, 11, 0, -11, 36},
  {0x00FC, 5251, 9, 11, 0, -11, 36},
  {0x2013, 5301, 9, 5, 0, -5, 36},
  {0x2014, 5324, 18, 5, 0, -5, 72},
  {0x2018, 5369, 3, 11, 0, -11, 12},
  {0x2019, 5386, 3, 11, 0, -11, 12},
  {0x201C, 5403, 5, 11, 0, -11, 20},
  {0x201D, 5431, 6, 11, 0, -11, 20},
  {0x2026, 5464, 11, 2, 0, -2, 44},
  {0x2039, 5475, 6, 8, 0, -8, 24},
  {0x203A, 5499, 6, 8, 0, -8, 24}
};
const Fuente F_TEXTO = {F_TEXTO_BITS, F_TEXTO_GLIFOS, 122, 16, 4};

// F_TITULO: Figtree 600, 19 px, 122 glifos, 8494 bytes
const uint8_t F_TITULO_BITS[] = {
  0x00, 0xFF, 0x20, 0x00, 0xFF, 0x20, 0x00, 0xFF, 0x20, 0x00, 0xFF, 0x20, 0x00, 0xFF, 0x20, 0x00,
  0xFF, 0x20, 0x00, 0xFF, 0x20, 0x00, 0xFF, 0x20, 0x00, 0xFF, 0x20, 0x00, 0x00, 0x00, 0x00, 0x00,
  0x00, 0x00, 0x89, 0x00, 0x00, 0xEF, 0x20, 0x00, 0xAC, 0x00, 0x0F, 0xF4, 0xFF, 0x00, 0xFF, 0x4F,
  0xF0, 0x0F, 0xF4, 0xFF, 0x00, 0xFF, 0x4F, 0xF0, 0x0F, 0xF4, 0xFF, 0x00, 0x00, 0x00, 0x00, 0x00,
  0x00, 0x00, 0x00, 0x00, 0x00, 0x00, 0x00, 0x00, 0x00, 0x00, 0x00, 0x00, 0x00, 0x00, 0x00, 0x00,
  0x00, 0x00, 0x00, 0x00, 0x00, 0x00, 0x00, 0x00, 0x00, 0x00, 0x00, 0x00, 0x00, 0xEB, 0x00, 0xBD,
  0x00, 0x00, 0x01, 0xF8, 0x00, 0xDB, 0x00, 0x00, 0x03, 0xF6, 0x01, 0xF8, 0x00, 0x00, 0x06, 0xF4,
  0x03, 0xF6, 0x00, 0x0E, 0xFF, 0xFF, 0xFF, 0xFF, 0xFB, 0x1F, 0xFF, 0xFF, 0xFF, 0xFF, 0xF9, 0x00,
  0x0C, 0xC0, 0x0A, 0xF0, 0x00, 0x00, 0x0E, 0xA0, 0x0C, 0xC0, 0x00, 0x00, 0x2F, 0x80, 0x0E, 0xA0,
  0x00, 0xAF, 0xFF, 0xFF, 0xFF, 0xFF, 0xF0, 0xBF, 0xFF, 0xFF, 0xFF, 0xFF, 0xE0, 0x00, 0x9F, 0x10,
  0x6F, 0x30, 0x00, 0x00, 0xBE, 0x00, 0x8F, 0x10, 0x00, 0x00, 0xDB, 0x00, 0xAE, 0x00, 0x00, 0x00,
  0x00, 0xFF, 0x20, 0x00, 0x00, 0x4C, 0xFF, 0xD4, 0x00, 0x04, 0xFF, 0xFF, 0xFF, 0x40, 0x0C, 0xFB,
  0xFF, 0xDF, 0xD0, 0x0E, 0xF3, 0xFF, 0x39, 0x40, 0x0E, 0xF4, 0xFF, 0x20, 0x00, 0x0B, 0xFE, 0xFF,
  0x20, 0x00, 0x03, 0xEF, 0xFF, 0xC2, 0x00, 0x00, 0x29, 0xFF, 0xFE, 0x30, 0x00, 0x00, 0xFF, 0xFF,
  0xC0, 0x00, 0x00, 0xFF, 0x5F, 0xF1, 0x16, 0x80, 0xFF, 0x3F, 0xF1, 0x3F, 0xF8, 0xFF, 0xCF, 0xD0,
  0x08, 0xFF, 0xFF, 0xFF, 0x50, 0x00, 0x5B, 0xFF, 0xE4, 0x00, 0x00, 0x00, 0xFF, 0x20, 0x00, 0x00,
  0x00, 0xFF, 0x20, 0x00, 0x00, 0x00, 0x88, 0x10, 0x00, 0x00, 0x8E, 0xE9, 0x10, 0x00, 0x2E, 0xF5,
  0x00, 0x07, 0xFF, 0xFF, 0x90, 0x00, 0xAF, 0xA0, 0x00, 0x0D, 0xF7, 0x5F, 0xF0, 0x05, 0xFD, 0x10,
  0x00, 0x0F, 0xF3, 0x0F, 0xF2, 0x1E, 0xF4, 0x00, 0x00, 0x0D, 0xF7, 0x4F, 0xF0, 0xAF, 0x90, 0x00,
  0x00, 0x07, 0xFF, 0xFF, 0x94, 0xFD, 0x10, 0x00, 0x00, 0x00, 0x8E, 0xE9, 0x1D, 0xF4, 0x00, 0x00,
  0x00, 0x00, 0x00, 0x00, 0x9F, 0x81, 0x67, 0x51, 0x00, 0x00, 0x00, 0x03, 0xFC, 0x4E, 0xFF, 0xFD,
  0x20, 0x00, 0x00, 0x0C, 0xF3, 0xDF, 0x71, 0x9F, 0xB0, 0x00, 0x00, 0x7F, 0x72, 0xFF, 0x10, 0x3F,
  0xE0, 0x00, 0x02, 0xFC, 0x01, 0xFF, 0x71, 0x9F, 0xD0, 0x00, 0x0C, 0xE2, 0x00, 0x9F, 0xFF, 0xFF,
  0x60, 0x00, 0x6F, 0x70, 0x00, 0x07, 0xDF, 0xD6, 0x00, 0x00, 0x06, 0xDF, 0xD7, 0x00, 0x00, 0x00,
  0x07, 0xFF, 0xFF, 0xF9, 0x00, 0x00, 0x00, 0xDF, 0x81, 0x6F, 0xF1, 0x00, 0x00, 0x0E, 0xF3, 0x01,
  0xFF, 0x10, 0x00, 0x00, 0x9F, 0xA0, 0x8F, 0xB0, 0x00, 0x00, 0x01, 0xEF, 0xFF, 0xD2, 0x00, 0x00,
  0x00, 0x07, 0xFF, 0xF1, 0x00, 0x00, 0x00, 0x07, 0xFF, 0xFF, 0x30, 0x00, 0x00, 0x05, 0xFD, 0x38,
  0xFE, 0x23, 0xFE, 0x00, 0xDF, 0x50, 0x0A, 0xFD, 0x8F, 0xC0, 0x0F, 0xF3, 0x00, 0x1C, 0xFF, 0xF6,
  0x00, 0xCF, 0xB2, 0x13, 0xAF, 0xFF, 0x00, 0x05, 0xFF, 0xFF, 0xFF, 0xFF, 0xF7, 0x00, 0x04, 0xBE,
  0xED, 0xA4, 0x5F, 0xF5, 0x0F, 0xF2, 0x0F, 0xF2, 0x0F, 0xF2, 0x0F, 0xF2, 0x0F, 0xF2, 0x00, 0x00,
  0x00, 0x00, 0x00, 0x00, 0x00, 0x00, 0x00, 0x00, 0x00, 0x00, 0x00, 0x00, 0x00, 0x00, 0x00, 0x00,
  0x00, 0x02, 0xFE, 0x10, 0x00, 0xBF, 0x60, 0x00, 0x5F, 0xD0, 0x00, 0x0C, 0xF6, 0x00, 0x03, 0xFE,
  0x00, 0x00, 0x8F, 0xA0, 0x00, 0x0B, 0xF6, 0x00, 0x00, 0xEF, 0x40, 0x00, 0x0F, 0xF3, 0x00, 0x00,
  0xFF, 0x30, 0x00, 0x0E, 0xF4, 0x00, 0x00, 0xBF, 0x60, 0x00, 0x08, 0xFA, 0x00, 0x00, 0x3F, 0xE0,
  0x00, 0x00, 0xCF, 0x60, 0x00, 0x05, 0xFD, 0x00, 0x00, 0x0B, 0xF6, 0x00, 0x00, 0x2F, 0xE1, 0x0D,
  0xF4, 0x00, 0x00, 0x4F, 0xD0, 0x00, 0x00, 0xBF, 0x70, 0x00, 0x04, 0xFE, 0x00, 0x00, 0x0D, 0xF5,
  0x00, 0x00, 0x8F, 0xA0, 0x00, 0x04, 0xFD, 0x00, 0x00, 0x2F, 0xF1, 0x00, 0x00, 0xFF, 0x20, 0x00,
  0x0F, 0xF2, 0x00, 0x02, 0xFF, 0x10, 0x00, 0x4F, 0xD0, 0x00, 0x08, 0xFA, 0x00, 0x00, 0xDF, 0x50,
  0x00, 0x4F, 0xE0, 0x00, 0x0B, 0xF7, 0x00, 0x04, 0xFD, 0x00, 0x00, 0xDF, 0x40, 0x00, 0x00, 0x03,
  0xF0, 0x00, 0x00, 0x00, 0x3F, 0x00, 0x00, 0x0A, 0xA5, 0xF4, 0xB7, 0x00, 0xBF, 0xFF, 0xFF, 0x90,
  0x00, 0x1F, 0xFD, 0x10, 0x00, 0x07, 0xF7, 0xF6, 0x00, 0x00, 0xC9, 0x0A, 0xA0, 0x00, 0x01, 0x10,
  0x10, 0x00, 0x00, 0x00, 0x00, 0x00, 0x00, 0x00, 0x00, 0x00, 0x00, 0x00, 0x00, 0x00, 0x00, 0x00,
  0x00, 0x00, 0x00, 0x00, 0x00, 0x00, 0x00, 0x00, 0x00, 0x00, 0x00, 0x00, 0x00, 0x00, 0x00, 0x08,
  0x81, 0x00, 0x00, 0x00, 0x00, 0x0F, 0xF2, 0x00, 0x00, 0x00, 0x00, 0x0F, 0xF2, 0x00, 0x00, 0x00,
  0x00, 0x0F, 0xF2, 0x00, 0x00, 0x08, 0xFF, 0xFF, 0xFF, 0xFF, 0x80, 0x08, 0xFF, 0xFF, 0xFF, 0xFF,
  0x80, 0x00, 0x00, 0x0F, 0xF2, 0x00, 0x00, 0x00, 0x00, 0x0F, 0xF2, 0x00, 0x00, 0x00, 0x00, 0x0F,
  0xF2, 0x00, 0x00, 0x00, 0x00, 0x08, 0x81, 0x00, 0x00, 0x00, 0x00, 0x00, 0x00, 0x00, 0x00, 0x06,
  0xFC, 0x00, 0xAF, 0x60, 0x0E, 0xE0, 0x04, 0xF8, 0x00, 0x00, 0x00, 0x00, 0x00, 0x0F, 0xFF, 0xFF,
  0xF0, 0x0F, 0xFF, 0xFF, 0xF0, 0x00, 0x00, 0x00, 0x00, 0x00, 0x00, 0x00, 0x00, 0x00, 0x00, 0x00,
  0x00, 0x00, 0x00, 0x00, 0x00, 0x00, 0x00, 0x00, 0x00, 0x08, 0x90, 0x0E, 0xF1, 0x0A, 0xC0, 0x00,
  0x00, 0x0A, 0xF6, 0x00, 0x00, 0x0E, 0xF2, 0x00, 0x00, 0x4F, 0xC0, 0x00, 0x00, 0x9F, 0x70, 0x00,
  0x00, 0xEF, 0x20, 0x00, 0x04, 0xFC, 0x00, 0x00, 0x09, 0xF7, 0x00, 0x00, 0x0E, 0xF2, 0x00, 0x00,
  0x4F, 0xC0, 0x00, 0x00, 0x9F, 0x80, 0x00, 0x00, 0xEF, 0x30, 0x00, 0x04, 0xFD, 0x00, 0x00, 0x09,
  0xF8, 0x00, 0x00, 0x0D, 0xF3, 0x00, 0x00, 0x3F, 0xD0, 0x00, 0x00, 0x8F, 0x80, 0x00, 0x00, 0x00,
  0x01, 0x8D, 0xED, 0x81, 0x00, 0x00, 0x02, 0xDF, 0xFF, 0xFF, 0xD2, 0x00, 0x00, 0xBF, 0xD4, 0x14,
  0xDF, 0xB0, 0x00, 0x5F, 0xE2, 0x00, 0x02, 0xEF, 0x50, 0x0A, 0xF8, 0x00, 0x00, 0x09, 0xFA, 0x00,
  0xDF, 0x40, 0x00, 0x00, 0x4F, 0xD0, 0x0E, 0xF3, 0x00, 0x00, 0x03, 0xFE, 0x00, 0xEF, 0x30, 0x00,
  0x00, 0x3F, 0xE0, 0x0D, 0xF4, 0x00, 0x00, 0x04, 0xFD, 0x00, 0xAF, 0x80, 0x00, 0x00, 0x8F, 0xA0,
  0x05, 0xFE, 0x20, 0x00, 0x2E, 0xF4, 0x00, 0x0C, 0xFD, 0x41, 0x4D, 0xFB, 0x00, 0x00, 0x2D, 0xFF,
  0xFF, 0xFD, 0x20, 0x00, 0x00, 0x18, 0xDF, 0xD8, 0x10, 0x00, 0x00, 0x05, 0xFF, 0x20, 0x02, 0x9F,
  0xFF, 0x20, 0x0F, 0xFF, 0xFF, 0x20, 0x0E, 0xB3, 0xFF, 0x20, 0x00, 0x00, 0xFF, 0x20, 0x00, 0x00,
  0xFF, 0x20, 0x00, 0x00, 0xFF, 0x20, 0x00, 0x00, 0xFF, 0x20, 0x00, 0x00, 0xFF, 0x20, 0x00, 0x00,
  0xFF, 0x20, 0x00, 0x00, 0xFF, 0x20, 0x00, 0x00, 0xFF, 0x20, 0x00, 0x00, 0xFF, 0x20, 0x00, 0x00,
  0xFF, 0x20, 0x00, 0x4B, 0xEF, 0xD8, 0x10, 0x00, 0x6F, 0xFF, 0xFF, 0xFD, 0x20, 0x2F, 0xFC, 0x31,
  0x3D, 0xFA, 0x04, 0xAD, 0x20, 0x00, 0x4F, 0xE0, 0x00, 0x00, 0x00, 0x04, 0xFE, 0x00, 0x00, 0x00,
  0x00, 0xBF, 0xB0, 0x00, 0x00, 0x01, 0xAF, 0xF3, 0x00, 0x00, 0x04, 0xDF, 0xF5, 0x00, 0x00, 0x08,
  0xFF, 0xD3, 0x00, 0x00, 0x09, 0xFF, 0xB1, 0x00, 0x00, 0x05, 0xFF, 0xA0, 0x00, 0x00, 0x00, 0xDF,
  0xE1, 0x00, 0x00, 0x00, 0x0F, 0xFF, 0xFF, 0xFF, 0xFF, 0x00, 0xFF, 0xFF, 0xFF, 0xFF, 0xF0, 0x00,
  0x4B, 0xEE, 0xB3, 0x00, 0x06, 0xFF, 0xFF, 0xFF, 0x40, 0x0C, 0xF9, 0x12, 0xBF, 0xD0, 0x00, 0x40,
  0x00, 0x2F, 0xF1, 0x00, 0x00, 0x00, 0x2F, 0xF1, 0x00, 0x00, 0x14, 0xCF, 0x90, 0x00, 0x08, 0xFF,
  0xFA, 0x10, 0x00, 0x08, 0xFF, 0xFB, 0x10, 0x00, 0x00, 0x03, 0xBF, 0xA0, 0x00, 0x00, 0x00, 0x2F,
  0xF1, 0x00, 0x20, 0x00, 0x2F, 0xF1, 0x1D, 0xF7, 0x12, 0xBF, 0xD0, 0x08, 0xFF, 0xFF, 0xFF, 0x50,
  0x00, 0x6C, 0xFE, 0xB4, 0x00, 0x00, 0x00, 0x00, 0x8F, 0xF2, 0x00, 0x00, 0x00, 0x00, 0x3F, 0xFF,
  0x20, 0x00, 0x00, 0x00, 0x0C, 0xFF, 0xF2, 0x00, 0x00, 0x00, 0x06, 0xFB, 0xFF, 0x20, 0x00, 0x00,
  0x02, 0xEF, 0x2F, 0xF2, 0x00, 0x00, 0x00, 0xAF, 0x70, 0xFF, 0x20, 0x00, 0x00, 0x5F, 0xD0, 0x0F,
  0xF2, 0x00, 0x00, 0x1D, 0xF4, 0x00, 0xFF, 0x20, 0x00, 0x09, 0xF9, 0x00, 0x0F, 0xF2, 0x00, 0x00,
  0xFF, 0xFF, 0xFF, 0xFF, 0xFF, 0xF0, 0x0F, 0xFF, 0xFF, 0xFF, 0xFF, 0xFF, 0x00, 0x00, 0x00, 0x00,
  0xFF, 0x20, 0x00, 0x00, 0x00, 0x00, 0x0F, 0xF2, 0x00, 0x00, 0x00, 0x00, 0x00, 0xFF, 0x20, 0x00,
  0x00, 0xDF, 0xFF, 0xFF, 0xF7, 0x00, 0x0E, 0xFF, 0xFF, 0xFF, 0x70, 0x01, 0xFF, 0x10, 0x00, 0x00,
  0x00, 0x2F, 0xE0, 0x00, 0x00, 0x00, 0x04, 0xFD, 0x00, 0x00, 0x00, 0x00, 0x5F, 0xC9, 0xDE, 0xB3,
  0x00, 0x07, 0xFF, 0xFF, 0xFF, 0xF3, 0x00, 0x5C, 0xC4, 0x14, 0xDF, 0xC0, 0x00, 0x00, 0x00, 0x04,
  0xFF, 0x10, 0x00, 0x00, 0x00, 0x1F, 0xF2, 0x00, 0x30, 0x00, 0x03, 0xFF, 0x00, 0xBF, 0xB3, 0x14,
  0xDF, 0xA0, 0x04, 0xEF, 0xFF, 0xFF, 0xD1, 0x00, 0x02, 0x9D, 0xFD, 0x91, 0x00, 0x00, 0x03, 0xBE,
  0xEC, 0x60, 0x00, 0x04, 0xFF, 0xFF, 0xFF, 0x60, 0x00, 0xDF, 0xB2, 0x14, 0x90, 0x00, 0x5F, 0xE1,
  0x00, 0x00, 0x00, 0x0A, 0xF8, 0x00, 0x00, 0x00, 0x00, 0xDF, 0x69, 0xEE, 0xB3, 0x00, 0x0E, 0xFE,
  0xFF, 0xFF, 0xE2, 0x00, 0xFF, 0xF7, 0x12, 0xCF, 0xB0, 0x0E, 0xFC, 0x00, 0x03, 0xFF, 0x00, 0xCF,
  0x90, 0x00, 0x0F, 0xF2, 0x09, 0xFC, 0x00, 0x03, 0xFF, 0x10, 0x4F, 0xF8, 0x12, 0xDF, 0xB0, 0x00,
  0xAF, 0xFF, 0xFF, 0xE2, 0x00, 0x00, 0x7D, 0xFE, 0xA2, 0x00, 0x0F, 0xFF, 0xFF, 0xFF, 0xFF, 0x00,
  0xFF, 0xFF, 0xFF, 0xFF, 0xF0, 0x00, 0x00, 0x00, 0x09, 0xF9, 0x00, 0x00, 0x00, 0x02, 0xFF, 0x30,
  0x00, 0x00, 0x00, 0x8F, 0xB0, 0x00, 0x00, 0x00, 0x1E, 0xF4, 0x00, 0x00, 0x00, 0x07, 0xFC, 0x00,
  0x00, 0x00, 0x01, 0xEF, 0x50, 0x00, 0x00, 0x00, 0x7F, 0xD0, 0x00, 0x00, 0x00, 0x0D, 0xF6, 0x00,
  0x00, 0x00, 0x06, 0xFE, 0x10, 0x00, 0x00, 0x00, 0xDF, 0x80, 0x00, 0x00, 0x00, 0x5F, 0xF1, 0x00,
  0x00, 0x00, 0x0C, 0xF9, 0x00, 0x00, 0x00, 0x00, 0x05, 0xBE, 0xEB, 0x40, 0x00, 0x00, 0x6F, 0xFF,
  0xFF, 0xF6, 0x00, 0x00, 0xEF, 0xB2, 0x2B, 0xFD, 0x00, 0x02, 0xFF, 0x20, 0x02, 0xFF, 0x10, 0x01,
  0xFF, 0x10, 0x01, 0xFF, 0x10, 0x00, 0xBF, 0xA2, 0x2A, 0xFB, 0x00, 0x00, 0x2D, 0xFF, 0xFF, 0xD2,
  0x00, 0x00, 0x8F, 0xFF, 0xFF, 0xF8, 0x00, 0x07, 0xFD, 0x41, 0x15, 0xDF, 0x70, 0x0D, 0xF4, 0x00,
  0x00, 0x4F, 0xD0, 0x0E, 0xF4, 0x00, 0x00, 0x4F, 0xE0, 0x0B, 0xFD, 0x51, 0x15, 0xDF, 0xB0, 0x03,
  0xEF, 0xFF, 0xFF, 0xFE, 0x30, 0x00, 0x29, 0xDE, 0xED, 0x92, 0x00, 0x00, 0x07, 0xCE, 0xEB, 0x50,
  0x00, 0x01, 0xCF, 0xFF, 0xFF, 0xF7, 0x00, 0x08, 0xFE, 0x51, 0x29, 0xFF, 0x30, 0x0D, 0xF5, 0x00,
  0x00, 0xCF, 0x90, 0x0F, 0xF3, 0x00, 0x00, 0x9F, 0xC0, 0x0D, 0xF6, 0x00, 0x00, 0xCF, 0xE0, 0x08,
  0xFE, 0x51, 0x29, 0xFF, 0xF0, 0x01, 0xCF, 0xFF, 0xFF, 0xDF, 0xE0, 0x00, 0x18, 0xDF, 0xD7, 0x6F,
  0xC0, 0x00, 0x00, 0x00, 0x00, 0x9F, 0x90, 0x00, 0x00, 0x00, 0x02, 0xFF, 0x50, 0x00, 0x86, 0x21,
  0x4D, 0xFC, 0x00, 0x05, 0xFF, 0xFF, 0xFF, 0xE2, 0x00, 0x00, 0x4B, 0xEF, 0xD9, 0x10, 0x00, 0x0A,
  0xC0, 0x0E, 0xF1, 0x08, 0x90, 0x00, 0x00, 0x00, 0x00, 0x00, 0x00, 0x00, 0x00, 0x08, 0x90, 0x0E,
  0xF2, 0x0A, 0xC0, 0x0A, 0xC0, 0x00, 0xEF, 0x20, 0x08, 0x90, 0x00, 0x00, 0x00, 0x00, 0x00, 0x00,
  0x00, 0x00, 0x00, 0x00, 0x00, 0x00, 0x00, 0x0A, 0xF1, 0x00, 0xEB, 0x00, 0x3F, 0x60, 0x07, 0xF1,
  0x00, 0x00, 0x00, 0x00, 0x04, 0xB0, 0x00, 0x00, 0x00, 0x05, 0xCF, 0xF0, 0x00, 0x00, 0x17, 0xDF,
  0xFB, 0x40, 0x00, 0x00, 0xEF, 0xF9, 0x30, 0x00, 0x00, 0x00, 0xFF, 0xC4, 0x00, 0x00, 0x00, 0x00,
  0x6C, 0xFF, 0xC6, 0x00, 0x00, 0x00, 0x00, 0x4B, 0xFF, 0xE0, 0x00, 0x00, 0x00, 0x00, 0x39, 0xF0,
  0x00, 0x00, 0x00, 0x00, 0x00, 0x10, 0x00, 0x00, 0x00, 0x00, 0x00, 0x00, 0x00, 0x00, 0xFF, 0xFF,
  0xFF, 0xFF, 0x00, 0x00, 0xFF, 0xFF, 0xFF, 0xFF, 0x00, 0x00, 0x00, 0x00, 0x00, 0x00, 0x00, 0x00,
  0x00, 0x00, 0x00, 0x00, 0x00, 0x00, 0xFF, 0xFF, 0xFF, 0xFF, 0x00, 0x00, 0xFF, 0xFF, 0xFF, 0xFF,
  0x00, 0x00, 0x00, 0x00, 0x00, 0x00, 0x00, 0x00, 0x00, 0x00, 0x00, 0x00, 0x00, 0x00, 0x00, 0x00,
  0x00, 0x00, 0x00, 0x00, 0x0B, 0x40, 0x00, 0x00, 0x00, 0x00, 0x0F, 0xFC, 0x50, 0x00, 0x00, 0x00,
  0x04, 0xBF, 0xFD, 0x71, 0x00, 0x00, 0x00, 0x03, 0x9F, 0xFE, 0x00, 0x00, 0x00, 0x00, 0x4C, 0xFF,
  0x00, 0x00, 0x00, 0x6C, 0xFF, 0xC5, 0x00, 0x00, 0x0E, 0xFF, 0xB4, 0x00, 0x00, 0x00, 0x0F, 0x93,
  0x00, 0x00, 0x00, 0x00, 0x01, 0x00, 0x00, 0x00, 0x00, 0x00, 0x00, 0x00, 0x00, 0x00, 0x00, 0x00,
  0x7D, 0xFE, 0xA2, 0x00, 0x0B, 0xFF, 0xFF, 0xFF, 0x30, 0x2D, 0xE4, 0x13, 0xBF, 0xC0, 0x00, 0x10,
  0x00, 0x2F, 0xF1, 0x00, 0x00, 0x00, 0x2F, 0xF1, 0x00, 0x00, 0x03, 0xCF, 0xC0, 0x00, 0x0F, 0xFF,
  0xFD, 0x20, 0x00, 0x0F, 0xFB, 0x61, 0x00, 0x00, 0x0F, 0xF2, 0x00, 0x00, 0x00, 0x0F, 0xF2, 0x00,
  0x00, 0x00, 0x00, 0x00, 0x00, 0x00, 0x00, 0x08, 0x90, 0x00, 0x00, 0x00, 0x0F, 0xF2, 0x00, 0x00,
  0x00, 0x0A, 0xC0, 0x00, 0x00, 0x00, 0x00, 0x00, 0x6A, 0xDE, 0xEC, 0x82, 0x00, 0x00, 0x00, 0x00,
  0x05, 0xDF, 0xFF, 0xFF, 0xFF, 0xF8, 0x00, 0x00, 0x00, 0x07, 0xFF, 0xD6, 0x21, 0x14, 0xAF, 0xFA,
  0x00, 0x00, 0x04, 0xFF, 0x90, 0x00, 0x00, 0x00, 0x5F, 0xF7, 0x00, 0x00, 0xDF, 0x90, 0x2B, 0xEE,
  0x83, 0xFF, 0x7F, 0xE1, 0x00, 0x5F, 0xE1, 0x2E, 0xFF, 0xFF, 0xCF, 0xF0, 0xDF, 0x70, 0x0A, 0xF8,
  0x0A, 0xFE, 0x41, 0x5E, 0xFF, 0x08, 0xFB, 0x00, 0xDF, 0x40, 0xEF, 0x50, 0x00, 0x7F, 0xF0, 0x4F,
  0xD0, 0x0E, 0xF3, 0x1F, 0xF1, 0x00, 0x03, 0xFF, 0x03, 0xFF, 0x00, 0xEF, 0x31, 0xFF, 0x10, 0x00,
  0x3F, 0xF0, 0x3F, 0xE0, 0x0D, 0xF4, 0x0E, 0xF5, 0x00, 0x07, 0xFF, 0x04, 0xFC, 0x00, 0xAF, 0x90,
  0xAF, 0xE4, 0x15, 0xEF, 0xF0, 0x8F, 0x80, 0x05, 0xFE, 0x12, 0xEF, 0xFF, 0xFB, 0xDF, 0xAF, 0xD1,
  0x00, 0x0D, 0xFA, 0x02, 0xBE, 0xE8, 0x14, 0xDE, 0xB2, 0x00, 0x00, 0x4F, 0xFA, 0x10, 0x00, 0x00,
  0x00, 0x00, 0x00, 0x00, 0x00, 0x6F, 0xFE, 0x73, 0x11, 0x37, 0x20, 0x00, 0x00, 0x00, 0x00, 0x4D,
  0xFF, 0xFF, 0xFF, 0xFA, 0x00, 0x00, 0x00, 0x00, 0x00, 0x05, 0xAD, 0xEE, 0xC7, 0x10, 0x00, 0x00,
  0x00, 0x00, 0x0B, 0xFE, 0x10, 0x00, 0x00, 0x00, 0x00, 0x2F, 0xFF, 0x60, 0x00, 0x00, 0x00, 0x00,
  0x7F, 0xFF, 0xB0, 0x00, 0x00, 0x00, 0x00, 0xDF, 0xAF, 0xF2, 0x00, 0x00, 0x00, 0x04, 0xFF, 0x2D,
  0xF8, 0x00, 0x00, 0x00, 0x09, 0xFC, 0x07, 0xFD, 0x00, 0x00, 0x00, 0x1E, 0xF6, 0x02, 0xFF, 0x40,
  0x00, 0x00, 0x6F, 0xF1, 0x00, 0xCF, 0xA0, 0x00, 0x00, 0xBF, 0xB0, 0x00, 0x7F, 0xF1, 0x00, 0x02,
  0xFF, 0xFF, 0xFF, 0xFF, 0xF6, 0x00, 0x08, 0xFF, 0xFF, 0xFF, 0xFF, 0xFC, 0x00, 0x0D, 0xF9, 0x00,
  0x00, 0x05, 0xFF, 0x30, 0x4F, 0xF2, 0x00, 0x00, 0x00, 0xDF, 0x80, 0xAF, 0xB0, 0x00, 0x00, 0x00,
  0x6F, 0xE0, 0x00, 0xFF, 0xFF, 0xFE, 0xA2, 0x00, 0x00, 0xFF, 0xFF, 0xFF, 0xFE, 0x30, 0x00, 0xFF,
  0x20, 0x13, 0xCF, 0xB0, 0x00, 0xFF, 0x20, 0x00, 0x4F, 0xE0, 0x00, 0xFF, 0x20, 0x00, 0x4F, 0xE0,
  0x00, 0xFF, 0x20, 0x02, 0xCF, 0x90, 0x00, 0xFF, 0xFF, 0xFF, 0xFB, 0x10, 0x00, 0xFF, 0xFF, 0xFF,
  0xFD, 0x20, 0x00, 0xFF, 0x20, 0x03, 0xBF, 0xB0, 0x00, 0xFF, 0x20, 0x00, 0x2F, 0xF1, 0x00, 0xFF,
  0x20, 0x00, 0x1F, 0xF1, 0x00, 0xFF, 0x20, 0x02, 0xAF, 0xE0, 0x00, 0xFF, 0xFF, 0xFF, 0xFF, 0x60,
  0x00, 0xFF, 0xFF, 0xFE, 0xB5, 0x00, 0x00, 0x00, 0x4A, 0xDF, 0xEA, 0x40, 0x00, 0x00, 0x09, 0xFF,
  0xFF, 0xFF, 0xF9, 0x00, 0x00, 0x8F, 0xF8, 0x21, 0x39, 0xFF, 0x80, 0x03, 0xFF, 0x50, 0x00, 0x00,
  0x7F, 0xE1, 0x09, 0xFB, 0x00, 0x00, 0x00, 0x05, 0x10, 0x0D, 0xF5, 0x00, 0x00, 0x00, 0x00, 0x00,
  0x0E, 0xF3, 0x00, 0x00, 0x00, 0x00, 0x00, 0x0E, 0xF3, 0x00, 0x00, 0x00, 0x00, 0x00, 0x0D, 0xF5,
  0x00, 0x00, 0x00, 0x00, 0x00, 0x09, 0xFB, 0x00, 0x00, 0x00, 0x08, 0x30, 0x03, 0xFF, 0x50, 0x00,
  0x00, 0x7F, 0xF2, 0x00, 0x8F, 0xF8, 0x21, 0x3A, 0xFF, 0x80, 0x00, 0x09, 0xFF, 0xFF, 0xFF, 0xF9,
  0x00, 0x00, 0x00, 0x4A, 0xDF, 0xEA, 0x40, 0x00, 0x00, 0xFF, 0xFF, 0xED, 0x93, 0x00, 0x00, 0x00,
  0xFF, 0xFF, 0xFF, 0xFF, 0x80, 0x00, 0x00, 0xFF, 0x20, 0x14, 0xAF, 0xF7, 0x00, 0x00, 0xFF, 0x20,
  0x00, 0x08, 0xFF, 0x30, 0x00, 0xFF, 0x20, 0x00, 0x00, 0xCF, 0x80, 0x00, 0xFF, 0x20, 0x00, 0x00,
  0x6F, 0xC0, 0x00, 0xFF, 0x20, 0x00, 0x00, 0x3F, 0xE0, 0x00, 0xFF, 0x20, 0x00, 0x00, 0x3F, 0xE0,
  0x00, 0xFF, 0x20, 0x00, 0x00, 0x6F, 0xC0, 0x00, 0xFF, 0x20, 0x00, 0x00, 0xCF, 0x80, 0x00, 0xFF,
  0x20, 0x00, 0x07, 0xFF, 0x20, 0x00, 0xFF, 0x20, 0x13, 0xAF, 0xF7, 0x00, 0x00, 0xFF, 0xFF, 0xFF,
  0xFF, 0x70, 0x00, 0x00, 0xFF, 0xFF, 0xFD, 0x93, 0x00, 0x00, 0x00, 0xFF, 0xFF, 0xFF, 0xFF, 0x00,
  0x0F, 0xFF, 0xFF, 0xFF, 0xF0, 0x00, 0xFF, 0x20, 0x00, 0x00, 0x00, 0x0F, 0xF2, 0x00, 0x00, 0x00,
  0x00, 0xFF, 0x20, 0x00, 0x00, 0x00, 0x0F, 0xF2, 0x00, 0x00, 0x00, 0x00, 0xFF, 0xFF, 0xFF, 0xF8,
  0x00, 0x0F, 0xFF, 0xFF, 0xFF, 0x80, 0x00, 0xFF, 0x20, 0x00, 0x00, 0x00, 0x0F, 0xF2, 0x00, 0x00,
  0x00, 0x00, 0xFF, 0x20, 0x00, 0x00, 0x00, 0x0F, 0xF2, 0x00, 0x00, 0x00, 0x00, 0xFF, 0xFF, 0xFF,
  0xFF, 0x00, 0x0F, 0xFF, 0xFF, 0xFF, 0xF0, 0x00, 0xFF, 0xFF, 0xFF, 0xFF, 0x80, 0x0F, 0xFF, 0xFF,
  0xFF, 0xF8, 0x00, 0xFF, 0x20, 0x00, 0x00, 0x00, 0x0F, 0xF2, 0x00, 0x00, 0x00, 0x00, 0xFF, 0x20,
  0x00, 0x00, 0x00, 0x0F, 0xF2, 0x00, 0x00, 0x00, 0x00, 0xFF, 0xFF, 0xFF, 0xF8, 0x00, 0x0F, 0xFF,
  0xFF, 0xFF, 0x80, 0x00, 0xFF, 0x20, 0x00, 0x00, 0x00, 0x0F, 0xF2, 0x00, 0x00, 0x00, 0x00, 0xFF,
  0x20, 0x00, 0x00, 0x00, 0x0F, 0xF2, 0x00, 0x00, 0x00, 0x00, 0xFF, 0x20, 0x00, 0x00, 0x00, 0x0F,
  0xF2, 0x00, 0x00, 0x00, 0x00, 0x00, 0x28, 0xCE, 0xEC, 0x81, 0x00, 0x00, 0x00, 0x7F, 0xFF, 0xFF,
  0xFF, 0xE4, 0x00, 0x00, 0x7F, 0xFA, 0x41, 0x25, 0xCF, 0xE1, 0x00, 0x2F, 0xF7, 0x00, 0x00, 0x00,
  0x82, 0x00, 0x08, 0xFB, 0x00, 0x00, 0x00, 0x00, 0x00, 0x00, 0xCF, 0x50, 0x00, 0x00, 0x00, 0x00,
  0x00, 0x0E, 0xF3, 0x00, 0x00, 0x5F, 0xFF, 0xFF, 0x00, 0xEF, 0x30, 0x00, 0x05, 0xFF, 0xFF, 0xF0,
  0x0C, 0xF5, 0x00, 0x00, 0x00, 0x03, 0xFE, 0x00, 0x8F, 0xB0, 0x00, 0x00, 0x00, 0x7F, 0xB0, 0x02,
  0xFF, 0x70, 0x00, 0x00, 0x1D, 0xF6, 0x00, 0x06, 0xFF, 0xA4, 0x11, 0x5D, 0xFD, 0x10, 0x00, 0x07,
  0xFF, 0xFF, 0xFF, 0xFD, 0x20, 0x00, 0x00, 0x02, 0x8C, 0xEE, 0xC7, 0x10, 0x00, 0x00, 0xFF, 0x20,
  0x00, 0x00, 0x2F, 0xF0, 0x00, 0x0F, 0xF2, 0x00, 0x00, 0x02, 0xFF, 0x00, 0x00, 0xFF, 0x20, 0x00,
  0x00, 0x2F, 0xF0, 0x00, 0x0F, 0xF2, 0x00, 0x00, 0x02, 0xFF, 0x00, 0x00, 0xFF, 0x20, 0x00, 0x00,
  0x2F, 0xF0, 0x00, 0x0F, 0xF2, 0x00, 0x00, 0x02, 0xFF, 0x00, 0x00, 0xFF, 0xFF, 0xFF, 0xFF, 0xFF,
  0xF0, 0x00, 0x0F, 0xFF, 0xFF, 0xFF, 0xFF, 0xFF, 0x00, 0x00, 0xFF, 0x20, 0x00, 0x00, 0x2F, 0xF0,
  0x00, 0x0F, 0xF2, 0x00, 0x00, 0x02, 0xFF, 0x00, 0x00, 0xFF, 0x20, 0x00, 0x00, 0x2F, 0xF0, 0x00,
  0x0F, 0xF2, 0x00, 0x00, 0x02, 0xFF, 0x00, 0x00, 0xFF, 0x20, 0x00, 0x00, 0x2F, 0xF0, 0x00, 0x0F,
  0xF2, 0x00, 0x00, 0x02, 0xFF, 0x00, 0x00, 0xFF, 0x20, 0x00, 0xFF, 0x20, 0x00, 0xFF, 0x20, 0x00,
  0xFF, 0x20, 0x00, 0xFF, 0x20, 0x00, 0xFF, 0x20, 0x00, 0xFF, 0x20, 0x00, 0xFF, 0x20, 0x00, 0xFF,
  0x20, 0x00, 0xFF, 0x20, 0x00, 0xFF, 0x20, 0x00, 0xFF, 0x20, 0x00, 0xFF, 0x20, 0x00, 0xFF, 0x20,
  0x00, 0x00, 0x00, 0x0F, 0xF2, 0x00, 0x00, 0x00, 0x00, 0xFF, 0x20, 0x00, 0x00, 0x00, 0x0F, 0xF2,
  0x00, 0x00, 0x00, 0x00, 0xFF, 0x20, 0x00, 0x00, 0x00, 0x0F, 0xF2, 0x00, 0x00, 0x00, 0x00, 0xFF,
  0x20, 0x00, 0x00, 0x00, 0x0F, 0xF2, 0x00, 0x00, 0x00, 0x00, 0xFF, 0x20, 0x00, 0x00, 0x00, 0x0F,
  0xF2, 0x00, 0x00, 0x00, 0x01, 0xFF, 0x20, 0x06, 0x60, 0x00, 0x5F, 0xF1, 0x04, 0xFF, 0x51, 0x4D,
  0xFB, 0x00, 0x0A, 0xFF, 0xFF, 0xFE, 0x20, 0x00, 0x07, 0xDF, 0xD9, 0x20, 0x00, 0x00, 0xFF, 0x20,
  0x00, 0x2D, 0xFC, 0x10, 0x0F, 0xF2, 0x00, 0x1D, 0xFD, 0x10, 0x00, 0xFF, 0x20, 0x1C, 0xFD, 0x20,
  0x00, 0x0F, 0xF2, 0x0A, 0xFE, 0x30, 0x00, 0x00, 0xFF, 0x29, 0xFF, 0x40, 0x00, 0x00, 0x0F, 0xF9,
  0xFF, 0x50, 0x00, 0x00, 0x00, 0xFF, 0xFF, 0xC0, 0x00, 0x00, 0x00, 0x0F, 0xFF, 0xFF, 0x80, 0x00,
  0x00, 0x00, 0xFF, 0xA6, 0xFF, 0x40, 0x00, 0x00, 0x0F, 0xF2, 0x0A, 0xFE, 0x20, 0x00, 0x00, 0xFF,
  0x20, 0x1D, 0xFC, 0x00, 0x00, 0x0F, 0xF2, 0x00, 0x2E, 0xF9, 0x00, 0x00, 0xFF, 0x20, 0x00, 0x5F,
  0xF5, 0x00, 0x0F, 0xF2, 0x00, 0x00, 0x9F, 0xE2, 0x00, 0xFF, 0x20, 0x00, 0x00, 0x00, 0x0F, 0xF2,
  0x00, 0x00, 0x00, 0x00, 0xFF, 0x20, 0x00, 0x00, 0x00, 0x0F, 0xF2, 0x00, 0x00, 0x00, 0x00, 0xFF,
  0x20, 0x00, 0x00, 0x00, 0x0F, 0xF2, 0x00, 0x00, 0x00, 0x00, 0xFF, 0x20, 0x00, 0x00, 0x00, 0x0F,
  0xF2, 0x00, 0x00, 0x00, 0x00, 0xFF, 0x20, 0x00, 0x00, 0x00, 0x0F, 0xF2, 0x00, 0x00, 0x00, 0x00,
  0xFF, 0x20, 0x00, 0x00, 0x00, 0x0F, 0xF3, 0x11, 0x11, 0x10, 0x00, 0xFF, 0xFF, 0xFF, 0xFF, 0x00,
  0x0F, 0xFF, 0xFF, 0xFF, 0xF0, 0x00, 0xFF, 0x90, 0x00, 0x00, 0x00, 0xAF, 0xF0, 0x00, 0x0F, 0xFF,
  0x40, 0x00, 0x00, 0x4F, 0xFF, 0x00, 0x00, 0xFF, 0xFD, 0x10, 0x00, 0x1D, 0xFF, 0xF0, 0x00, 0x0F,
  0xFF, 0xF9, 0x00, 0x09, 0xFE, 0xFF, 0x00, 0x00, 0xFF, 0x7F, 0xF3, 0x03, 0xFF, 0x7F, 0xF0, 0x00,
  0x0F, 0xF2, 0xAF, 0xD1, 0xCF, 0xA2, 0xFF, 0x00, 0x00, 0xFF, 0x22, 0xEF, 0xDF, 0xE1, 0x2F, 0xF0,
  0x00, 0x0F, 0xF2, 0x06, 0xFF, 0xF6, 0x02, 0xFF, 0x00, 0x00, 0xFF, 0x20, 0x0B, 0xFB, 0x00, 0x2F,
  0xF0, 0x00, 0x0F, 0xF2, 0x00, 0x2E, 0x20, 0x02, 0xFF, 0x00, 0x00, 0xFF, 0x20, 0x00, 0x20, 0x00,
  0x2F, 0xF0, 0x00, 0x0F, 0xF2, 0x00, 0x00, 0x00, 0x02, 0xFF, 0x00, 0x00, 0xFF, 0x20, 0x00, 0x00,
  0x00, 0x2F, 0xF0, 0x00, 0x0F, 0xF2, 0x00, 0x00, 0x00, 0x02, 0xFF, 0x00, 0x00, 0xFF, 0x80, 0x00,
  0x00, 0x0F, 0xF2, 0x00, 0x0F, 0xFF, 0x30, 0x00, 0x00, 0xFF, 0x20, 0x00, 0xFF, 0xFD, 0x10, 0x00,
  0x0F, 0xF2, 0x00, 0x0F, 0xFF, 0xF8, 0x00, 0x00, 0xFF, 0x20, 0x00, 0xFF, 0x8F, 0xF4, 0x00, 0x0F,
  0xF2, 0x00, 0x0F, 0xF2, 0xAF, 0xD1, 0x00, 0xFF, 0x20, 0x00, 0xFF, 0x21, 0xEF, 0x90, 0x0F, 0xF2,
  0x00, 0x0F, 0xF2, 0x05, 0xFF, 0x40, 0xFF, 0x20, 0x00, 0xFF, 0x20, 0x0A, 0xFD, 0x1F, 0xF2, 0x00,
  0x0F, 0xF2, 0x00, 0x1E, 0xF9, 0xFF, 0x20, 0x00, 0xFF, 0x20, 0x00, 0x5F, 0xFF, 0xF2, 0x00, 0x0F,
  0xF2, 0x00, 0x00, 0xAF, 0xFF, 0x20, 0x00, 0xFF, 0x20, 0x00, 0x01, 0xEF, 0xF2, 0x00, 0x0F, 0xF2,
  0x00, 0x00, 0x05, 0xFF, 0x20, 0x00, 0x00, 0x3A, 0xDF, 0xDB, 0x50, 0x00, 0x00, 0x00, 0x8F, 0xFF,
  0xFF, 0xFF, 0xA1, 0x00, 0x00, 0x8F, 0xF9, 0x31, 0x27, 0xFF, 0xA0, 0x00, 0x3F, 0xF6, 0x00, 0x00,
  0x04, 0xFF, 0x50, 0x09, 0xFB, 0x00, 0x00, 0x00, 0x09, 0xFB, 0x00, 0xDF, 0x50, 0x00, 0x00, 0x00,
  0x3F, 0xF0, 0x0E, 0xF3, 0x00, 0x00, 0x00, 0x01, 0xFF, 0x10, 0xEF, 0x30, 0x00, 0x00, 0x00, 0x1F,
  0xF1, 0x0D, 0xF5, 0x00, 0x00, 0x00, 0x03, 0xFF, 0x00, 0x9F, 0xB0, 0x00, 0x00, 0x00, 0x9F, 0xB0,
  0x03, 0xFF, 0x60, 0x00, 0x00, 0x4F, 0xF5, 0x00, 0x08, 0xFF, 0x93, 0x12, 0x7F, 0xFB, 0x00, 0x00,
  0x08, 0xFF, 0xFF, 0xFF, 0xFB, 0x10, 0x00, 0x00, 0x03, 0xAD, 0xFD, 0xB5, 0x00, 0x00, 0x00, 0xFF,
  0xFF, 0xFD, 0x92, 0x00, 0x00, 0xFF, 0xFF, 0xFF, 0xFE, 0x20, 0x00, 0xFF, 0x20, 0x04, 0xDF, 0xA0,
  0x00, 0xFF, 0x20, 0x00, 0x4F, 0xF0, 0x00, 0xFF, 0x20, 0x00, 0x1F, 0xF2, 0x00, 0xFF, 0x20, 0x00,
  0x3F, 0xF0, 0x00, 0xFF, 0x20, 0x02, 0xCF, 0xB0, 0x00, 0xFF, 0xFF, 0xFF, 0xFE, 0x20, 0x00, 0xFF,
  0xFF, 0xFE, 0xA2, 0x00, 0x00, 0xFF, 0x20, 0x00, 0x00, 0x00, 0x00, 0xFF, 0x20, 0x00, 0x00, 0x00,
  0x00, 0xFF, 0x20, 0x00, 0x00, 0x00, 0x00, 0xFF, 0x20, 0x00, 0x00, 0x00, 0x00, 0xFF, 0x20, 0x00,
  0x00, 0x00, 0x00, 0x00, 0x4A, 0xDF, 0xDB, 0x50, 0x00, 0x00, 0x00, 0x9F, 0xFF, 0xFF, 0xFF, 0xA1,
  0x00, 0x00, 0x8F, 0xF9, 0x31, 0x27, 0xFF, 0xA0, 0x00, 0x3F, 0xF6, 0x00, 0x00, 0x04, 0xFF, 0x50,
  0x09, 0xFB, 0x00, 0x00, 0x00, 0x09, 0xFB, 0x00, 0xDF, 0x50, 0x00, 0x00, 0x00, 0x3F, 0xF0, 0x0E,
  0xF3, 0x00, 0x00, 0x00, 0x01, 0xFF, 0x10, 0xEF, 0x30, 0x00, 0x00, 0x00, 0x1F, 0xF2, 0x0D, 0xF5,
  0x00, 0x00, 0x18, 0x03, 0xFF, 0x00, 0x9F, 0xB0, 0x00, 0x0C, 0xF9, 0x9F, 0xB0, 0x03, 0xFF, 0x60,
  0x00, 0x3E, 0xFF, 0xF6, 0x00, 0x08, 0xFF, 0x93, 0x12, 0xBF, 0xFD, 0x00, 0x00, 0x08, 0xFF, 0xFF,
  0xFF, 0xFF, 0xF7, 0x00, 0x00, 0x03, 0xAD, 0xFE, 0xB5, 0x5F, 0xB0, 0x00, 0x00, 0x00, 0x00, 0x00,
  0x00, 0x41, 0x00, 0x00, 0xFF, 0xFF, 0xFD, 0x92, 0x00, 0x00, 0xFF, 0xFF, 0xFF, 0xFE, 0x20, 0x00,
  0xFF, 0x20, 0x04, 0xDF, 0xA0, 0x00, 0xFF, 0x20, 0x00, 0x3F, 0xF0, 0x00, 0xFF, 0x20, 0x00, 0x1F,
  0xF2, 0x00, 0xFF, 0x20, 0x00, 0x3F, 0xF0, 0x00, 0xFF, 0x20, 0x03, 0xDF, 0xA0, 0x00, 0xFF, 0xFF,
  0xFF, 0xFD, 0x20, 0x00, 0xFF, 0xFF, 0xFF, 0xD1, 0x00, 0x00, 0xFF, 0x20, 0x4F, 0xF3, 0x00, 0x00,
  0xFF, 0x20, 0x0B, 0xFB, 0x00, 0x00, 0xFF, 0x20, 0x02, 0xFF, 0x40, 0x00, 0xFF, 0x20, 0x00, 0x9F,
  0xC0, 0x00, 0xFF, 0x20, 0x00, 0x1E, 0xF6, 0x00, 0x3A, 0xEF, 0xEA, 0x20, 0x00, 0x3F, 0xFF, 0xFF,
  0xFE, 0x30, 0x0B, 0xFC, 0x31, 0x3C, 0xFD, 0x00, 0xEF, 0x30, 0x00, 0x19, 0x40, 0x0E, 0xF4, 0x00,
  0x00, 0x00, 0x00, 0xAF, 0xD6, 0x10, 0x00, 0x00, 0x01, 0xCF, 0xFF, 0xC7, 0x10, 0x00, 0x00, 0x5B,
  0xFF, 0xFC, 0x20, 0x00, 0x00, 0x00, 0x5D, 0xFA, 0x00, 0x00, 0x00, 0x00, 0x3F, 0xF1, 0x17, 0x90,
  0x00, 0x02, 0xFF, 0x12, 0xFF, 0xA2, 0x13, 0xBF, 0xD0, 0x06, 0xFF, 0xFF, 0xFF, 0xF4, 0x00, 0x03,
  0xAD, 0xFE, 0xA3, 0x00, 0x0F, 0xFF, 0xFF, 0xFF, 0xFF, 0xF0, 0x0F, 0xFF, 0xFF, 0xFF, 0xFF, 0xF0,
  0x00, 0x00, 0x0F, 0xF2, 0x00, 0x00, 0x00, 0x00, 0x0F, 0xF2, 0x00, 0x00, 0x00, 0x00, 0x0F, 0xF2,
  0x00, 0x00, 0x00, 0x00, 0x0F, 0xF2, 0x00, 0x00, 0x00, 0x00, 0x0F, 0xF2, 0x00, 0x00, 0x00, 0x00,
  0x0F, 0xF2, 0x00, 0x00, 0x00, 0x00, 0x0F, 0xF2, 0x00, 0x00, 0x00, 0x00, 0x0F, 0xF2, 0x00, 0x00,
  0x00, 0x00, 0x0F, 0xF2, 0x00, 0x00, 0x00, 0x00, 0x0F, 0xF2, 0x00, 0x00, 0x00, 0x00, 0x0F, 0xF2,
  0x00, 0x00, 0x00, 0x00, 0x0F, 0xF2, 0x00, 0x00, 0x0F, 0xF2, 0x00, 0x00, 0x02, 0xFF, 0x00, 0xFF,
  0x20, 0x00, 0x00, 0x2F, 0xF0, 0x0F, 0xF2, 0x00, 0x00, 0x02, 0xFF, 0x00, 0xFF, 0x20, 0x00, 0x00,
  0x2F, 0xF0, 0x0F, 0xF2, 0x00, 0x00, 0x02, 0xFF, 0x00, 0xFF, 0x20, 0x00, 0x00, 0x2F, 0xF0, 0x0F,
  0xF2, 0x00, 0x00, 0x02, 0xFF, 0x00, 0xFF, 0x20, 0x00, 0x00, 0x2F, 0xF0, 0x0F, 0xF2, 0x00, 0x00,
  0x02, 0xFF, 0x00, 0xEF, 0x40, 0x00, 0x00, 0x4F, 0xE0, 0x0B, 0xFA, 0x00, 0x00, 0x09, 0xFB, 0x00,
  0x4F, 0xF9, 0x21, 0x29, 0xFF, 0x40, 0x00, 0x8F, 0xFF, 0xFF, 0xFF, 0x70, 0x00, 0x00, 0x4A, 0xEF,
  0xDA, 0x40, 0x00, 0xAF, 0xB0, 0x00, 0x00, 0x00, 0x3F, 0xF2, 0x4F, 0xF1, 0x00, 0x00, 0x00, 0x9F,
  0xC0, 0x0D, 0xF7, 0x00, 0x00, 0x00, 0xEF, 0x60, 0x07, 0xFC, 0x00, 0x00, 0x05, 0xFE, 0x10, 0x02,
  0xFF, 0x30, 0x00, 0x0B, 0xF9, 0x00, 0x00, 0xBF, 0x90, 0x00, 0x1F, 0xF3, 0x00, 0x00, 0x5F, 0xE0,
  0x00, 0x7F, 0xD0, 0x00, 0x00, 0x0E, 0xF5, 0x00, 0xCF, 0x70, 0x00, 0x00, 0x09, 0xFB, 0x03, 0xFF,
  0x10, 0x00, 0x00, 0x03, 0xFF, 0x19, 0xFA, 0x00, 0x00, 0x00, 0x00, 0xCF, 0x7E, 0xF5, 0x00, 0x00,
  0x00, 0x00, 0x6F, 0xFF, 0xE0, 0x00, 0x00, 0x00, 0x00, 0x1F, 0xFF, 0x80, 0x00, 0x00, 0x00, 0x00,
  0x0A, 0xFF, 0x20, 0x00, 0x00, 0xAF, 0x80, 0x00, 0x00, 0xEF, 0x70, 0x00, 0x01, 0xFF, 0x36, 0xFC,
  0x00, 0x00, 0x4F, 0xFC, 0x00, 0x00, 0x5F, 0xE0, 0x2F, 0xF1, 0x00, 0x08, 0xFF, 0xF1, 0x00, 0x09,
  0xFA, 0x00, 0xDF, 0x60, 0x00, 0xCF, 0xFF, 0x50, 0x00, 0xDF, 0x50, 0x08, 0xFA, 0x00, 0x1F, 0xF9,
  0xF9, 0x00, 0x3F, 0xF1, 0x00, 0x4F, 0xE0, 0x05, 0xFB, 0x4F, 0xD0, 0x07, 0xFC, 0x00, 0x00, 0xEF,
  0x30, 0x9F, 0x71, 0xFF, 0x20, 0xBF, 0x70, 0x00, 0x0B, 0xF8, 0x0D, 0xF3, 0x0B, 0xF6, 0x1F, 0xF3,
  0x00, 0x00, 0x6F, 0xC2, 0xFE, 0x00, 0x7F, 0xA5, 0xFE, 0x00, 0x00, 0x02, 0xFF, 0x7F, 0xA0, 0x03,
  0xFE, 0x9F, 0x90, 0x00, 0x00, 0x0D, 0xFE, 0xF6, 0x00, 0x0E, 0xFF, 0xF5, 0x00, 0x00, 0x00, 0x9F,
  0xFF, 0x20, 0x00, 0xAF, 0xFF, 0x10, 0x00, 0x00, 0x04, 0xFF, 0xD0, 0x00, 0x06, 0xFF, 0xB0, 0x00,
  0x00, 0x00, 0x1F, 0xF9, 0x00, 0x00, 0x2F, 0xF7, 0x00, 0x00, 0x6F, 0xF3, 0x00, 0x00, 0x0C, 0xFC,
  0x00, 0xBF, 0xD1, 0x00, 0x07, 0xFF, 0x20, 0x01, 0xEF, 0x80, 0x02, 0xFF, 0x70, 0x00, 0x05, 0xFF,
  0x30, 0xCF, 0xB0, 0x00, 0x00, 0x0A, 0xFD, 0x7F, 0xE2, 0x00, 0x00, 0x00, 0x1D, 0xFF, 0xF6, 0x00,
  0x00, 0x00, 0x00, 0x4F, 0xFB, 0x00, 0x00, 0x00, 0x00, 0x07, 0xFF, 0xD0, 0x00, 0x00, 0x00, 0x02,
  0xEF, 0xEF, 0x80, 0x00, 0x00, 0x00, 0xCF, 0xB5, 0xFF, 0x30, 0x00, 0x00, 0x7F, 0xE2, 0x0A, 0xFD,
  0x00, 0x00, 0x2F, 0xF7, 0x00, 0x1E, 0xF8, 0x00, 0x0C, 0xFC, 0x00, 0x00, 0x6F, 0xF3, 0x07, 0xFF,
  0x30, 0x00, 0x00, 0xBF, 0xD1, 0x7F, 0xE2, 0x00, 0x00, 0x1D, 0xF8, 0x0D, 0xF9, 0x00, 0x00, 0x8F,
  0xE1, 0x04, 0xFF, 0x30, 0x02, 0xEF, 0x60, 0x00, 0xAF, 0xB0, 0x0A, 0xFC, 0x00, 0x00, 0x2F, 0xF5,
  0x3F, 0xF4, 0x00, 0x00, 0x08, 0xFD, 0xCF, 0xA0, 0x00, 0x00, 0x01, 0xEF, 0xFE, 0x20, 0x00, 0x00,
  0x00, 0x5F, 0xF7, 0x00, 0x00, 0x00, 0x00, 0x0F, 0xF2, 0x00, 0x00, 0x00, 0x00, 0x0F, 0xF2, 0x00,
  0x00, 0x00, 0x00, 0x0F, 0xF2, 0x00, 0x00, 0x00, 0x00, 0x0F, 0xF2, 0x00, 0x00, 0x00, 0x00, 0x0F,
  0xF2, 0x00, 0x00, 0x00, 0x00, 0x0F, 0xF2, 0x00, 0x00, 0x0F, 0xFF, 0xFF, 0xFF, 0xFF, 0xFF, 0x00,
  0xFF, 0xFF, 0xFF, 0xFF, 0xFF, 0xF0, 0x00, 0x00, 0x00, 0x00, 0x6F, 0xF9, 0x00, 0x00, 0x00, 0x00,
  0x3F, 0xFC, 0x00, 0x00, 0x00, 0x00, 0x1D, 0xFE, 0x10, 0x00, 0x00, 0x00, 0x0B, 0xFF, 0x30, 0x00,
  0x00, 0x00, 0x09, 0xFF, 0x60, 0x00, 0x00, 0x00, 0x06, 0xFF, 0x90, 0x00, 0x00, 0x00, 0x03, 0xFF,
  0xB0, 0x00, 0x00, 0x00, 0x01, 0xEF, 0xD1, 0x00, 0x00, 0x00, 0x00, 0xCF, 0xF3, 0x00, 0x00, 0x00,
  0x00, 0x9F, 0xF6, 0x00, 0x00, 0x00, 0x00, 0x0F, 0xFF, 0xFF, 0xFF, 0xFF, 0xFF, 0x00, 0xFF, 0xFF,
  0xFF, 0xFF, 0xFF, 0xF0, 0x00, 0xFF, 0xF8, 0x00, 0x0F, 0xFF, 0x80, 0x00, 0xFF, 0x20, 0x00, 0x0F,
  0xF2, 0x00, 0x00, 0xFF, 0x20, 0x00, 0x0F, 0xF2, 0x00, 0x00, 0xFF, 0x20, 0x00, 0x0F, 0xF2, 0x00,
  0x00, 0xFF, 0x20, 0x00, 0x0F, 0xF2, 0x00, 0x00, 0xFF, 0x20, 0x00, 0x0F, 0xF2, 0x00, 0x00, 0xFF,
  0x20, 0x00, 0x0F, 0xF2, 0x00, 0x00, 0xFF, 0x20, 0x00, 0x0F, 0xF2, 0x00, 0x00, 0xFF, 0xF8, 0x00,
  0x0F, 0xFF, 0x80, 0x8F, 0x80, 0x00, 0x00, 0x3F, 0xD0, 0x00, 0x00, 0x0E, 0xF3, 0x00, 0x00, 0x09,
  0xF8, 0x00, 0x00, 0x04, 0xFC, 0x00, 0x00, 0x00, 0xEF, 0x20, 0x00, 0x00, 0x9F, 0x70, 0x00, 0x00,
  0x4F, 0xC0, 0x00, 0x00, 0x0E, 0xF2, 0x00, 0x00, 0x09, 0xF7, 0x00, 0x00, 0x05, 0xFC, 0x00, 0x00,
  0x00, 0xEF, 0x20, 0x00, 0x00, 0xAF, 0x70, 0x00, 0x00, 0x5F, 0xC0, 0x00, 0x00, 0x1E, 0xF2, 0x00,
  0x00, 0x0A, 0xF6, 0x08, 0xFF, 0xF2, 0x00, 0x8F, 0xFF, 0x20, 0x00, 0x0F, 0xF2, 0x00, 0x00, 0xFF,
  0x20, 0x00, 0x0F, 0xF2, 0x00, 0x00, 0xFF, 0x20, 0x00, 0x0F, 0xF2, 0x00, 0x00, 0xFF, 0x20, 0x00,
  0x0F, 0xF2, 0x00, 0x00, 0xFF, 0x20, 0x00, 0x0F, 0xF2, 0x00, 0x00, 0xFF, 0x20, 0x00, 0x0F, 0xF2,
  0x00, 0x00, 0xFF, 0x20, 0x00, 0x0F, 0xF2, 0x00, 0x00, 0xFF, 0x20, 0x08, 0xFF, 0xF2, 0x00, 0x8F,
  0xFF, 0x20, 0x00, 0x00, 0x9F, 0x60, 0x00, 0x00, 0x00, 0x1F, 0xFD, 0x00, 0x00, 0x00, 0x08, 0xFF,
  0xF5, 0x00, 0x00, 0x01, 0xEE, 0x4F, 0xB0, 0x00, 0x00, 0x6F, 0x80, 0xBF, 0x30, 0x00, 0x0D, 0xF1,
  0x04, 0xFA, 0x00, 0x05, 0xF9, 0x00, 0x0C, 0xF2, 0x00, 0x00, 0x00, 0x00, 0x00, 0x00, 0x00, 0x00,
  0x00, 0x00, 0x00, 0x00, 0x00, 0x00, 0x00, 0x00, 0x00, 0x00, 0x00, 0x00, 0x00, 0x00, 0x00, 0x00,
  0x00, 0x00, 0x00, 0x00, 0x00, 0x00, 0x00, 0x00, 0x00, 0x00, 0x00, 0x00, 0x00, 0x00, 0x00, 0x00,
  0x00, 0x00, 0x00, 0x00, 0x0F, 0xFF, 0xFF, 0xFF, 0xF0, 0x0F, 0xFF, 0xFF, 0xFF, 0xF0, 0x68, 0x50,
  0x02, 0xDF, 0x50, 0x02, 0xDF, 0x40, 0x00, 0x00, 0x00, 0x00, 0x00, 0x00, 0x00, 0x00, 0x00, 0x00,
  0x00, 0x00, 0x00, 0x00, 0x00, 0x00, 0x00, 0x00, 0x00, 0x00, 0x00, 0x00, 0x00, 0x00, 0x00, 0x00,
  0x00, 0x00, 0x2B, 0xEE, 0xC4, 0x00, 0x02, 0xEF, 0xFF, 0xFF, 0x40, 0x05, 0xD9, 0x12, 0xBF, 0xC0,
  0x00, 0x00, 0x00, 0x3F, 0xF1, 0x00, 0x8D, 0xFF, 0xFF, 0xF2, 0x09, 0xFF, 0xFF, 0xFF, 0xF2, 0x0E,
  0xF7, 0x10, 0x2F, 0xF2, 0x0E, 0xF6, 0x13, 0xBF, 0xF2, 0x09, 0xFF, 0xFF, 0xDF, 0xF2, 0x01, 0x8D,
  0xFC, 0x3F, 0xF2, 0x0F, 0xF2, 0x00, 0x00, 0x00, 0x00, 0xFF, 0x20, 0x00, 0x00, 0x00, 0x0F, 0xF2,
  0x00, 0x00, 0x00, 0x00, 0xFF, 0x20, 0x00, 0x00, 0x00, 0x0F, 0xF3, 0x9E, 0xEA, 0x20, 0x00, 0xFF,
  0xCF, 0xFF, 0xFE, 0x20, 0x0F, 0xFE, 0x41, 0x4E, 0xF9, 0x00, 0xFF, 0x70, 0x00, 0x5F, 0xE0, 0x0F,
  0xF3, 0x00, 0x01, 0xFF, 0x10, 0xFF, 0x30, 0x00, 0x1F, 0xF1, 0x0F, 0xF7, 0x00, 0x05, 0xFE, 0x00,
  0xFF, 0xE5, 0x14, 0xEF, 0xA0, 0x0F, 0xFC, 0xFF, 0xFF, 0xE2, 0x00, 0xFF, 0x19, 0xEE, 0xA2, 0x00,
  0x00, 0x06, 0xCE, 0xEB, 0x40, 0x00, 0x09, 0xFF, 0xFF, 0xFF, 0x60, 0x05, 0xFF, 0x61, 0x29, 0xFD,
  0x00, 0xCF, 0x80, 0x00, 0x04, 0x00, 0x0E, 0xF3, 0x00, 0x00, 0x00, 0x00, 0xEF, 0x30, 0x00, 0x00,
  0x00, 0x0C, 0xF8, 0x00, 0x00, 0x61, 0x00, 0x6F, 0xF6, 0x12, 0x9F, 0xE1, 0x00, 0x9F, 0xFF, 0xFF,
  0xF5, 0x00, 0x00, 0x6C, 0xEE, 0xB4, 0x00, 0x00, 0x00, 0x00, 0x00, 0xFF, 0x20, 0x00, 0x00, 0x00,
  0x0F, 0xF2, 0x00, 0x00, 0x00, 0x00, 0xFF, 0x20, 0x00, 0x00, 0x00, 0x0F, 0xF2, 0x00, 0x19, 0xEE,
  0xA1, 0xFF, 0x20, 0x1D, 0xFF, 0xFF, 0xCF, 0xF2, 0x08, 0xFE, 0x51, 0x3D, 0xFF, 0x20, 0xCF, 0x70,
  0x00, 0x4F, 0xF2, 0x0E, 0xF3, 0x00, 0x01, 0xFF, 0x20, 0xEF, 0x30, 0x00, 0x1F, 0xF2, 0x0C, 0xF7,
  0x00, 0x04, 0xFF, 0x20, 0x8F, 0xF6, 0x13, 0xDF, 0xF2, 0x01, 0xDF, 0xFF, 0xFC, 0xFF, 0x20, 0x02,
  0xAE, 0xEA, 0x1E, 0xF2, 0x00, 0x07, 0xDE, 0xD7, 0x00, 0x00, 0x0A, 0xFF, 0xFF, 0xF9, 0x00, 0x06,
  0xFE, 0x51, 0x4D, 0xF4, 0x00, 0xCF, 0x60, 0x00, 0x5F, 0x90, 0x0E, 0xFF, 0xFF, 0xFF, 0xFD, 0x00,
  0xEF, 0xFF, 0xFF, 0xFF, 0xE0, 0x0C, 0xF4, 0x00, 0x00, 0x00, 0x00, 0x6F, 0xD4, 0x12, 0x9E, 0x60,
  0x00, 0xBF, 0xFF, 0xFF, 0xE2, 0x00, 0x00, 0x7D, 0xFE, 0x91, 0x00, 0x00, 0x03, 0xCE, 0xC3, 0x00,
  0x0C, 0xFF, 0xF2, 0x00, 0x1F, 0xF3, 0x20, 0x00, 0x2F, 0xF0, 0x00, 0x0F, 0xFF, 0xFF, 0xF0, 0x0F,
  0xFF, 0xFF, 0xF0, 0x00, 0x2F, 0xF0, 0x00, 0x00, 0x2F, 0xF0, 0x00, 0x00, 0x2F, 0xF0, 0x00, 0x00,
  0x2F, 0xF0, 0x00, 0x00, 0x2F, 0xF0, 0x00, 0x00, 0x2F, 0xF0, 0x00, 0x00, 0x2F, 0xF0, 0x00, 0x00,
  0x2F, 0xF0, 0x00, 0x00, 0x19, 0xEE, 0xA1, 0xFF, 0x20, 0x1D, 0xFF, 0xFF, 0xBF, 0xF2, 0x07, 0xFE,
  0x51, 0x4D, 0xFF, 0x20, 0xCF, 0x70, 0x00, 0x5F, 0xF2, 0x0E, 0xF3, 0x00, 0x01, 0xFF, 0x20, 0xEF,
  0x30, 0x00, 0x1F, 0xF2, 0x0D, 0xF7, 0x00, 0x05, 0xFF, 0x20, 0x8F, 0xE5, 0x13, 0xDF, 0xF2, 0x01,
  0xDF, 0xFF, 0xFB, 0xFF, 0x20, 0x02, 0xAE, 0xE9, 0x2F, 0xF1, 0x00, 0x00, 0x00, 0x04, 0xFE, 0x00,
  0x08, 0x41, 0x14, 0xDF, 0x90, 0x04, 0xFF, 0xFF, 0xFF, 0xD1, 0x00, 0x07, 0xBE, 0xFD, 0x81, 0x00,
  0x0F, 0xF2, 0x00, 0x00, 0x00, 0x00, 0xFF, 0x20, 0x00, 0x00, 0x00, 0x0F, 0xF2, 0x00, 0x00, 0x00,
  0x00, 0xFF, 0x20, 0x00, 0x00, 0x00, 0x0F, 0xF3, 0x9E, 0xEC, 0x50, 0x00, 0xFF, 0xDF, 0xFF, 0xFF,
  0x40, 0x0F, 0xFE, 0x41, 0x3D, 0xFB, 0x00, 0xFF, 0x60, 0x00, 0x5F, 0xE0, 0x0F, 0xF3, 0x00, 0x03,
  0xFF, 0x00, 0xFF, 0x20, 0x00, 0x2F, 0xF0, 0x0F, 0xF2, 0x00, 0x02, 0xFF, 0x00, 0xFF, 0x20, 0x00,
  0x2F, 0xF0, 0x0F, 0xF2, 0x00, 0x02, 0xFF, 0x00, 0xFF, 0x20, 0x00, 0x2F, 0xF0, 0x04, 0x50, 0x0E,
  0xF1, 0x04, 0x50, 0x00, 0x00, 0x00, 0x00, 0x0F, 0xF2, 0x0F, 0xF2, 0x0F, 0xF2, 0x0F, 0xF2, 0x0F,
  0xF2, 0x0F, 0xF2, 0x0F, 0xF2, 0x0F, 0xF2, 0x0F, 0xF2, 0x0F, 0xF2, 0x00, 0x04, 0x50, 0x00, 0x0E,
  0xF1, 0x00, 0x04, 0x50, 0x00, 0x00, 0x00, 0x00, 0x00, 0x00, 0x00, 0x0F, 0xF2, 0x00, 0x0F, 0xF2,
  0x00, 0x0F, 0xF2, 0x00, 0x0F, 0xF2, 0x00, 0x0F, 0xF2, 0x00, 0x0F, 0xF2, 0x00, 0x0F, 0xF2, 0x00,
  0x0F, 0xF2, 0x00, 0x0F, 0xF2, 0x00, 0x0F, 0xF2, 0x00, 0x0F, 0xF2, 0x03, 0x4F, 0xF0, 0x6F, 0xFF,
  0xB0, 0x7E, 0xEA, 0x10, 0x0F, 0xF2, 0x00, 0x00, 0x00, 0x0F, 0xF2, 0x00, 0x00, 0x00, 0x0F, 0xF2,
  0x00, 0x00, 0x00, 0x0F, 0xF2, 0x00, 0x00, 0x00, 0x0F, 0xF2, 0x00, 0xBF, 0xC1, 0x0F, 0xF2, 0x09,
  0xFD, 0x10, 0x0F, 0xF2, 0x8F, 0xE2, 0x00, 0x0F, 0xF8, 0xFF, 0x40, 0x00, 0x0F, 0xFF, 0xFD, 0x10,
  0x00, 0x0F, 0xFF, 0xEF, 0x90, 0x00, 0x0F, 0xFA, 0x3F, 0xF4, 0x00, 0x0F, 0xF2, 0x08, 0xFD, 0x10,
  0x0F, 0xF2, 0x01, 0xDF, 0x90, 0x0F, 0xF2, 0x00, 0x4F, 0xF4, 0x0F, 0xF2, 0x0F, 0xF2, 0x0F, 0xF2,
  0x0F, 0xF2, 0x0F, 0xF2, 0x0F, 0xF2, 0x0F, 0xF2, 0x0F, 0xF2, 0x0F, 0xF2, 0x0F, 0xF2, 0x0F, 0xF2,
  0x0F, 0xF2, 0x0F, 0xF2, 0x0F, 0xF2, 0x0F, 0xF3, 0xBE, 0xE8, 0x02, 0xBE, 0xE8, 0x00, 0x0F, 0xFE,
  0xFF, 0xFF, 0x8D, 0xFF, 0xFF, 0x70, 0x0F, 0xFD, 0x32, 0xAF, 0xFD, 0x32, 0xAF, 0xE0, 0x0F, 0xF5,
  0x00, 0x2F, 0xF5, 0x00, 0x2F, 0xF1, 0x0F, 0xF3, 0x00, 0x0F, 0xF3, 0x00, 0x0F, 0xF2, 0x0F, 0xF2,
  0x00, 0x0F, 0xF2, 0x00, 0x0F, 0xF2, 0x0F, 0xF2, 0x00, 0x0F, 0xF2, 0x00, 0x0F, 0xF2, 0x0F, 0xF2,
  0x00, 0x0F, 0xF2, 0x00, 0x0F, 0xF2, 0x0F, 0xF2, 0x00, 0x0F, 0xF2, 0x00, 0x0F, 0xF2, 0x0F, 0xF2,
  0x00, 0x0F, 0xF2, 0x00, 0x0F, 0xF2, 0x0F, 0xF2, 0x9E, 0xEC, 0x50, 0x00, 0xFF, 0xDF, 0xFF, 0xFF,
  0x40, 0x0F, 0xFE, 0x41, 0x3D, 0xFB, 0x00, 0xFF, 0x60, 0x00, 0x5F, 0xE0, 0x0F, 0xF3, 0x00, 0x03,
  0xFF, 0x00, 0xFF, 0x20, 0x00, 0x2F, 0xF0, 0x0F, 0xF2, 0x00, 0x02, 0xFF, 0x00, 0xFF, 0x20, 0x00,
  0x2F, 0xF0, 0x0F, 0xF2, 0x00, 0x02, 0xFF, 0x00, 0xFF, 0x20, 0x00, 0x2F, 0xF0, 0x00, 0x06, 0xCE,
  0xEC, 0x50, 0x00, 0x00, 0xAF, 0xFF, 0xFF, 0xF9, 0x00, 0x06, 0xFF, 0x71, 0x17, 0xFF, 0x50, 0x0C,
  0xF8, 0x00, 0x00, 0x8F, 0xC0, 0x0E, 0xF3, 0x00, 0x00, 0x3F, 0xE0, 0x0E, 0xF3, 0x00, 0x00, 0x3F,
  0xE0, 0x0C, 0xF8, 0x00, 0x00, 0x8F, 0xC0, 0x05, 0xFF, 0x71, 0x17, 0xFF, 0x60, 0x00, 0x9F, 0xFF,
  0xFF, 0xFA, 0x00, 0x00, 0x05, 0xBE, 0xEC, 0x60, 0x00, 0x0F, 0xF1, 0x9E, 0xEA, 0x20, 0x00, 0xFF,
  0xCF, 0xFF, 0xFE, 0x20, 0x0F, 0xFE, 0x41, 0x4E, 0xF9, 0x00, 0xFF, 0x70, 0x00, 0x5F, 0xE0, 0x0F,
  0xF3, 0x00, 0x01, 0xFF, 0x10, 0xFF, 0x30, 0x00, 0x1F, 0xF1, 0x0F, 0xF7, 0x00, 0x05, 0xFE, 0x00,
  0xFF, 0xE5, 0x14, 0xEF, 0xA0, 0x0F, 0xFC, 0xFF, 0xFF, 0xE2, 0x00, 0xFF, 0x39, 0xEE, 0xA2, 0x00,
  0x0F, 0xF2, 0x00, 0x00, 0x00, 0x00, 0xFF, 0x20, 0x00, 0x00, 0x00, 0x0F, 0xF2, 0x00, 0x00, 0x00,
  0x00, 0xFF, 0x20, 0x00, 0x00, 0x00, 0x00, 0x19, 0xEE, 0xA1, 0xFF, 0x20, 0x1D, 0xFF, 0xFF, 0xCF,
  0xF2, 0x08, 0xFE, 0x51, 0x3D, 0xFF, 0x20, 0xCF, 0x70, 0x00, 0x5F, 0xF2, 0x0E, 0xF3, 0x00, 0x01,
  0xFF, 0x20, 0xEF, 0x30, 0x00, 0x1F, 0xF2, 0x0C, 0xF7, 0x00, 0x05, 0xFF, 0x20, 0x8F, 0xE5, 0x14,
  0xDF, 0xF2, 0x01, 0xDF, 0xFF, 0xFC, 0xFF, 0x20, 0x02, 0xAE, 0xEA, 0x1F, 0xF2, 0x00, 0x00, 0x00,
  0x00, 0xFF, 0x20, 0x00, 0x00, 0x00, 0x0F, 0xF2, 0x00, 0x00, 0x00, 0x00, 0xFF, 0x20, 0x00, 0x00,
  0x00, 0x0F, 0xF2, 0x0F, 0xF2, 0x7D, 0x70, 0xFF, 0xCF, 0xF8, 0x0F, 0xFE, 0x73, 0x00, 0xFF, 0x60,
  0x00, 0x0F, 0xF2, 0x00, 0x00, 0xFF, 0x20, 0x00, 0x0F, 0xF2, 0x00, 0x00, 0xFF, 0x20, 0x00, 0x0F,
  0xF2, 0x00, 0x00, 0xFF, 0x20, 0x00, 0x01, 0x8D, 0xFD, 0x70, 0x00, 0x9F, 0xFF, 0xFF, 0xB0, 0x0E,
  0xF6, 0x14, 0xC7, 0x00, 0xDF, 0x71, 0x00, 0x00, 0x05, 0xFF, 0xFC, 0x60, 0x00, 0x03, 0x9E, 0xFF,
  0x70, 0x00, 0x10, 0x05, 0xFF, 0x13, 0xDD, 0x31, 0x5F, 0xF1, 0x0C, 0xFF, 0xFF, 0xFB, 0x00, 0x18,
  0xDF, 0xD8, 0x10, 0x00, 0x2F, 0xF0, 0x00, 0x00, 0x2F, 0xF0, 0x00, 0x00, 0x2F, 0xF0, 0x00, 0x0F,
  0xFF, 0xFF, 0xF0, 0x0F, 0xFF, 0xFF, 0xF0, 0x00, 0x2F, 0xF0, 0x00, 0x00, 0x2F, 0xF0, 0x00, 0x00,
  0x2F, 0xF0, 0x00, 0x00, 0x2F, 0xF0, 0x00, 0x00, 0x2F, 0xF0, 0x00, 0x00, 0x1F, 0xF4, 0x20, 0x00,
  0x0D, 0xFF, 0xF1, 0x00, 0x03, 0xCE, 0xB2, 0x0F, 0xF2, 0x00, 0x02, 0xFF, 0x00, 0xFF, 0x20, 0x00,
  0x2F, 0xF0, 0x0F, 0xF2, 0x00, 0x02, 0xFF, 0x00, 0xFF, 0x20, 0x00, 0x2F, 0xF0, 0x0F, 0xF2, 0x00,
  0x02, 0xFF, 0x00, 0xFF, 0x30, 0x00, 0x3F, 0xF0, 0x0E, 0xF5, 0x00, 0x06, 0xFF, 0x00, 0xBF, 0xD3,
  0x14, 0xEF, 0xF0, 0x04, 0xFF, 0xFF, 0xFD, 0xFF, 0x00, 0x05, 0xCE, 0xE9, 0x2F, 0xF0, 0xAF, 0x80,
  0x00, 0x04, 0xFE, 0x04, 0xFD, 0x00, 0x00, 0x9F, 0x80, 0x0D, 0xF4, 0x00, 0x1E, 0xF2, 0x00, 0x7F,
  0xA0, 0x06, 0xFC, 0x00, 0x01, 0xFF, 0x10, 0xBF, 0x60, 0x00, 0x0A, 0xF6, 0x2F, 0xE1, 0x00, 0x00,
  0x4F, 0xC7, 0xF9, 0x00, 0x00, 0x00, 0xDF, 0xEF, 0x30, 0x00, 0x00, 0x08, 0xFF, 0xC0, 0x00, 0x00,
  0x00, 0x2F, 0xF6, 0x00, 0x00, 0xAF, 0x70, 0x00, 0x7F, 0xE0, 0x00, 0x1F, 0xF2, 0x5F, 0xC0, 0x00,
  0xCF, 0xF4, 0x00, 0x5F, 0xC0, 0x1E, 0xF2, 0x01, 0xFF, 0xF9, 0x00, 0xAF, 0x70, 0x0A, 0xF7, 0x06,
  0xF9, 0xFD, 0x00, 0xEF, 0x20, 0x05, 0xFB, 0x0B, 0xF3, 0xBF, 0x34, 0xFD, 0x00, 0x01, 0xFF, 0x2F,
  0xE0, 0x6F, 0x89, 0xF8, 0x00, 0x00, 0xBF, 0xBF, 0x90, 0x2F, 0xDE, 0xF3, 0x00, 0x00, 0x6F, 0xFF,
  0x50, 0x0C, 0xFF, 0xD0, 0x00, 0x00, 0x1F, 0xFE, 0x10, 0x08, 0xFF, 0x80, 0x00, 0x00, 0x0B, 0xFA,
  0x00, 0x03, 0xFF, 0x30, 0x00, 0x4F, 0xF4, 0x00, 0x8F, 0xE1, 0x08, 0xFD, 0x13, 0xFF, 0x50, 0x00,
  0xCF, 0x9C, 0xFA, 0x00, 0x00, 0x3F, 0xFF, 0xD1, 0x00, 0x00, 0x08, 0xFF, 0x50, 0x00, 0x00, 0x0B,
  0xFF, 0x80, 0x00, 0x00, 0x6F, 0xEF, 0xF3, 0x00, 0x02, 0xEF, 0x59, 0xFC, 0x00, 0x0C, 0xFA, 0x01,
  0xDF, 0x80, 0x7F, 0xE2, 0x00, 0x5F, 0xF3, 0xAF, 0xA0, 0x00, 0x01, 0xFF, 0x44, 0xFF, 0x10, 0x00,
  0x7F, 0xD0, 0x0C, 0xF6, 0x00, 0x0C, 0xF7, 0x00, 0x6F, 0xC0, 0x03, 0xFF, 0x10, 0x00, 0xEF, 0x30,
  0x9F, 0xA0, 0x00, 0x08, 0xF9, 0x1E, 0xF4, 0x00, 0x00, 0x2F, 0xE7, 0xFC, 0x00, 0x00, 0x00, 0xAF,
  0xFF, 0x60, 0x00, 0x00, 0x03, 0xFF, 0xE1, 0x00, 0x00, 0x00, 0x0C, 0xF9, 0x00, 0x00, 0x00, 0x01,
  0xEF, 0x30, 0x00, 0x00, 0x31, 0x8F, 0xB0, 0x00, 0x00, 0x1E, 0xFF, 0xF4, 0x00, 0x00, 0x02, 0xBE,
  0xD6, 0x00, 0x00, 0x00, 0x0F, 0xFF, 0xFF, 0xFF, 0xF0, 0x0F, 0xFF, 0xFF, 0xFF, 0xF0, 0x00, 0x00,
  0x03, 0xFF, 0x60, 0x00, 0x00, 0x2E, 0xF8, 0x00, 0x00, 0x01, 0xCF, 0xA0, 0x00, 0x00, 0x0B, 0xFC,
  0x10, 0x00, 0x00, 0x8F, 0xE2, 0x00, 0x00, 0x06, 0xFF, 0x30, 0x00, 0x00, 0x0F, 0xFF, 0xFF, 0xFF,
  0xF0, 0x0F, 0xFF, 0xFF, 0xFF, 0xF0, 0x00, 0x00, 0x8E, 0x70, 0x00, 0x06, 0xFF, 0x80, 0x00, 0x0B,
  0xFA, 0x00, 0x00, 0x0D, 0xF4, 0x00, 0x00, 0x0E, 0xF3, 0x00, 0x00, 0x0F, 0xF2, 0x00, 0x00, 0x0F,
  0xF2, 0x00, 0x00, 0x2F, 0xF0, 0x00, 0x06, 0xBF, 0xA0, 0x00, 0x0F, 0xFC, 0x10, 0x00, 0x05, 0xAF,
  0xB0, 0x00, 0x00, 0x2F, 0xF1, 0x00, 0x00, 0x0F, 0xF2, 0x00, 0x00, 0x0F, 0xF2, 0x00, 0x00, 0x0E,
  0xF4, 0x00, 0x00, 0x0C, 0xF9, 0x00, 0x00, 0x07, 0xFF, 0x80, 0x00, 0x00, 0x9E, 0x70, 0x00, 0xFF,
  0x20, 0x00, 0xFF, 0x20, 0x00, 0xFF, 0x20, 0x00, 0xFF, 0x20, 0x00, 0xFF, 0x20, 0x00, 0xFF, 0x20,
  0x00, 0xFF, 0x20, 0x00, 0xFF, 0x20, 0x00, 0xFF, 0x20, 0x00, 0xFF, 0x20, 0x00, 0xFF, 0x20, 0x00,
  0xFF, 0x20, 0x00, 0xFF, 0x20, 0x00, 0xFF, 0x20, 0x00, 0xFF, 0x20, 0x00, 0xFF, 0x20, 0x00, 0xFF,
  0x20, 0x00, 0xFF, 0x20, 0x00, 0xFF, 0x20, 0x00, 0xFF, 0x20, 0x07, 0xE9, 0x00, 0x00, 0x08, 0xFF,
  0x80, 0x00, 0x00, 0x8F, 0xD0, 0x00, 0x00, 0x2F, 0xF0, 0x00, 0x00, 0x1F, 0xF1, 0x00, 0x00, 0x0F,
  0xF2, 0x00, 0x00, 0x0F, 0xF2, 0x00, 0x00, 0x0D, 0xF4, 0x00, 0x00, 0x09, 0xFB, 0x30, 0x00, 0x01,
  0xDF, 0xB0, 0x00, 0x0A, 0xFA, 0x20, 0x00, 0x0E, 0xF3, 0x00, 0x00, 0x0F, 0xF2, 0x00, 0x00, 0x0F,
  0xF2, 0x00, 0x00, 0x2F, 0xF1, 0x00, 0x00, 0x8F, 0xE0, 0x00, 0x08, 0xFF, 0x90, 0x00, 0x07, 0xE9,
  0x10, 0x00, 0x00, 0x7E, 0xE8, 0x00, 0x00, 0x00, 0x06, 0xFF, 0xFF, 0x80, 0x0B, 0xD0, 0x0C, 0xF4,
  0x4F, 0xF5, 0x4F, 0xC0, 0x0D, 0xB0, 0x07, 0xFF, 0xFF, 0x60, 0x00, 0x00, 0x00, 0x7D, 0xE7, 0x00,
  0x00, 0x00, 0x00, 0x00, 0x00, 0x00, 0x00, 0x00, 0x00, 0x00, 0x00, 0x00, 0x00, 0x00, 0x00, 0x00,
  0x00, 0x00, 0x00, 0x00, 0x00, 0x00, 0x00, 0x00, 0x00, 0xAC, 0x00, 0x00, 0xEF, 0x10, 0x00, 0x89,
  0x00, 0x00, 0x00, 0x00, 0x00, 0x00, 0x00, 0x00, 0xFF, 0x20, 0x00, 0xFF, 0x20, 0x00, 0xFF, 0x20,
  0x00, 0xFF, 0x20, 0x00, 0xFF, 0x20, 0x00, 0xFF, 0x20, 0x00, 0xFF, 0x20, 0x00, 0xFF, 0x20, 0x00,
  0xFF, 0x20, 0x00, 0x8E, 0xE8, 0x00, 0x09, 0xFF, 0xFF, 0x80, 0x0E, 0xF6, 0x6F, 0xE0, 0x0E, 0xF6,
  0x6F, 0xE0, 0x08, 0xFF, 0xFF, 0x80, 0x00, 0x8E, 0xE8, 0x00, 0x00, 0x00, 0x00, 0x00, 0x00, 0x00,
  0x00, 0x00, 0x00, 0x00, 0x00, 0x00, 0x00, 0x00, 0x00, 0x00, 0x00, 0x00, 0x00, 0x00, 0x00, 0x00,
  0x00, 0x00, 0x00, 0x00, 0x00, 0x00, 0x00, 0x00, 0x00, 0x00, 0x08, 0x90, 0x0E, 0xF1, 0x0A, 0xC0,
  0x00, 0x00, 0x00, 0x00, 0x00, 0x00, 0x00, 0x00, 0x00, 0x00, 0x00, 0x00, 0x0C, 0xA0, 0x00, 0x00,
  0x00, 0x2F, 0xE0, 0x00, 0x00, 0x00, 0x0A, 0x80, 0x00, 0x00, 0x00, 0x00, 0x00, 0x00, 0x00, 0x00,
  0x2F, 0xF0, 0x00, 0x00, 0x00, 0x2F, 0xF0, 0x00, 0x00, 0x16, 0xAF, 0xF0, 0x00, 0x01, 0xDF, 0xFF,
  0xF0, 0x00, 0x0A, 0xFD, 0x40, 0x00, 0x00, 0x0E, 0xF4, 0x00, 0x00, 0x00, 0x0E, 0xF4, 0x00, 0x01,
  0x00, 0x0A, 0xFC, 0x31, 0x4E, 0xD2, 0x02, 0xEF, 0xFF, 0xFF, 0xB0, 0x00, 0x29, 0xEF, 0xD7, 0x00,
  0x00, 0x00, 0x00, 0x06, 0x84, 0x00, 0x00, 0x00, 0x00, 0x00, 0x8F, 0xC1, 0x00, 0x00, 0x00, 0x00,
  0x06, 0xFC, 0x10, 0x00, 0x00, 0x00, 0x00, 0x00, 0x00, 0x00, 0x00, 0x00, 0x00, 0x00, 0x0B, 0xFE,
  0x10, 0x00, 0x00, 0x00, 0x00, 0x2F, 0xFF, 0x60, 0x00, 0x00, 0x00, 0x00, 0x7F, 0xFF, 0xB0, 0x00,
  0x00, 0x00, 0x00, 0xDF, 0xAF, 0xF2, 0x00, 0x00, 0x00, 0x04, 0xFF, 0x2D, 0xF8, 0x00, 0x00, 0x00,
  0x09, 0xFC, 0x07, 0xFD, 0x00, 0x00, 0x00, 0x1E, 0xF6, 0x02, 0xFF, 0x40, 0x00, 0x00, 0x6F, 0xF1,
  0x00, 0xCF, 0xA0, 0x00, 0x00, 0xBF, 0xB0, 0x00, 0x7F, 0xF1, 0x00, 0x02, 0xFF, 0xFF, 0xFF, 0xFF,
  0xF6, 0x00, 0x08, 0xFF, 0xFF, 0xFF, 0xFF, 0xFC, 0x00, 0x0D, 0xF9, 0x00, 0x00, 0x05, 0xFF, 0x30,
  0x4F, 0xF2, 0x00, 0x00, 0x00, 0xDF, 0x80, 0xAF, 0xB0, 0x00, 0x00, 0x00, 0x6F, 0xE0, 0x00, 0x00,
  0x00, 0x38, 0x71, 0x00, 0x00, 0x00, 0x2E, 0xF5, 0x00, 0x00, 0x00, 0x2D, 0xF5, 0x00, 0x00, 0x00,
  0x00, 0x00, 0x00, 0x00, 0x00, 0xFF, 0xFF, 0xFF, 0xFF, 0x00, 0x0F, 0xFF, 0xFF, 0xFF, 0xF0, 0x00,
  0xFF, 0x20, 0x00, 0x00, 0x00, 0x0F, 0xF2, 0x00, 0x00, 0x00, 0x00, 0xFF, 0x20, 0x00, 0x00, 0x00,
  0x0F, 0xF2, 0x00, 0x00, 0x00, 0x00, 0xFF, 0xFF, 0xFF, 0xF8, 0x00, 0x0F, 0xFF, 0xFF, 0xFF, 0x80,
  0x00, 0xFF, 0x20, 0x00, 0x00, 0x00, 0x0F, 0xF2, 0x00, 0x00, 0x00, 0x00, 0xFF, 0x20, 0x00, 0x00,
  0x00, 0x0F, 0xF2, 0x00, 0x00, 0x00, 0x00, 0xFF, 0xFF, 0xFF, 0xFF, 0x00, 0x0F, 0xFF, 0xFF, 0xFF,
  0xF0, 0x00, 0x03, 0x87, 0x00, 0x02, 0xEF, 0x40, 0x01, 0xDF, 0x50, 0x00, 0x00, 0x00, 0x00, 0x00,
  0xFF, 0x20, 0x00, 0x0F, 0xF2, 0x00, 0x00, 0xFF, 0x20, 0x00, 0x0F, 0xF2, 0x00, 0x00, 0xFF, 0x20,
  0x00, 0x0F, 0xF2, 0x00, 0x00, 0xFF, 0x20, 0x00, 0x0F, 0xF2, 0x00, 0x00, 0xFF, 0x20, 0x00, 0x0F,
  0xF2, 0x00, 0x00, 0xFF, 0x20, 0x00, 0x0F, 0xF2, 0x00, 0x00, 0xFF, 0x20, 0x00, 0x0F, 0xF2, 0x00,
  0x00, 0x00, 0x07, 0xDA, 0x12, 0x40, 0x00, 0x00, 0x00, 0x03, 0xFB, 0xEC, 0xCC, 0x00, 0x00, 0x00,
  0x00, 0x25, 0x04, 0xDD, 0x40, 0x00, 0x00, 0x00, 0x00, 0x00, 0x00, 0x00, 0x00, 0x00, 0x00, 0xFF,
  0x80, 0x00, 0x00, 0x0F, 0xF2, 0x00, 0x0F, 0xFF, 0x30, 0x00, 0x00, 0xFF, 0x20, 0x00, 0xFF, 0xFD,
  0x10, 0x00, 0x0F, 0xF2, 0x00, 0x0F, 0xFF, 0xF8, 0x00, 0x00, 0xFF, 0x20, 0x00, 0xFF, 0x8F, 0xF4,
  0x00, 0x0F, 0xF2, 0x00, 0x0F, 0xF2, 0xAF, 0xD1, 0x00, 0xFF, 0x20, 0x00, 0xFF, 0x21, 0xEF, 0x90,
  0x0F, 0xF2, 0x00, 0x0F, 0xF2, 0x05, 0xFF, 0x40, 0xFF, 0x20, 0x00, 0xFF, 0x20, 0x0A, 0xFD, 0x1F,
  0xF2, 0x00, 0x0F, 0xF2, 0x00, 0x1E, 0xF9, 0xFF, 0x20, 0x00, 0xFF, 0x20, 0x00, 0x5F, 0xFF, 0xF2,
  0x00, 0x0F, 0xF2, 0x00, 0x00, 0xAF, 0xFF, 0x20, 0x00, 0xFF, 0x20, 0x00, 0x01, 0xEF, 0xF2, 0x00,
  0x0F, 0xF2, 0x00, 0x00, 0x05, 0xFF, 0x20, 0x00, 0x00, 0x00, 0x00, 0x78, 0x40, 0x00, 0x00, 0x00,
  0x00, 0x00, 0x9F, 0xC1, 0x00, 0x00, 0x00, 0x00, 0x00, 0x7F, 0xC1, 0x00, 0x00, 0x00, 0x00, 0x00,
  0x00, 0x00, 0x00, 0x00, 0x00, 0x00, 0x00, 0x3A, 0xDF, 0xDB, 0x50, 0x00, 0x00, 0x00, 0x8F, 0xFF,
  0xFF, 0xFF, 0xA1, 0x00, 0x00, 0x8F, 0xF9, 0x31, 0x27, 0xFF, 0xA0, 0x00, 0x3F, 0xF6, 0x00, 0x00,
  0x04, 0xFF, 0x50, 0x09, 0xFB, 0x00, 0x00, 0x00, 0x09, 0xFB, 0x00, 0xDF, 0x50, 0x00, 0x00, 0x00,
  0x3F, 0xF0, 0x0E, 0xF3, 0x00, 0x00, 0x00, 0x01, 0xFF, 0x10, 0xEF, 0x30, 0x00, 0x00, 0x00, 0x1F,
  0xF1, 0x0D, 0xF5, 0x00, 0x00, 0x00, 0x03, 0xFF, 0x00, 0x9F, 0xB0, 0x00, 0x00, 0x00, 0x9F, 0xB0,
  0x03, 0xFF, 0x60, 0x00, 0x00, 0x4F, 0xF5, 0x00, 0x08, 0xFF, 0x93, 0x12, 0x7F, 0xFB, 0x00, 0x00,
  0x08, 0xFF, 0xFF, 0xFF, 0xFB, 0x10, 0x00, 0x00, 0x03, 0xAD, 0xFD, 0xB5, 0x00, 0x00, 0x00, 0x00,
  0x00, 0x07, 0x85, 0x00, 0x00, 0x00, 0x00, 0x0A, 0xFC, 0x10, 0x00, 0x00, 0x00, 0x09, 0xFC, 0x10,
  0x00, 0x00, 0x00, 0x00, 0x00, 0x00, 0x00, 0x00, 0x0F, 0xF2, 0x00, 0x00, 0x02, 0xFF, 0x00, 0xFF,
  0x20, 0x00, 0x00, 0x2F, 0xF0, 0x0F, 0xF2, 0x00, 0x00, 0x02, 0xFF, 0x00, 0xFF, 0x20, 0x00, 0x00,
  0x2F, 0xF0, 0x0F, 0xF2, 0x00, 0x00, 0x02, 0xFF, 0x00, 0xFF, 0x20, 0x00, 0x00, 0x2F, 0xF0, 0x0F,
  0xF2, 0x00, 0x00, 0x02, 0xFF, 0x00, 0xFF, 0x20, 0x00, 0x00, 0x2F, 0xF0, 0x0F, 0xF2, 0x00, 0x00,
  0x02, 0xFF, 0x00, 0xEF, 0x40, 0x00, 0x00, 0x4F, 0xE0, 0x0B, 0xFA, 0x00, 0x00, 0x0A, 0xFB, 0x00,
  0x4F, 0xFA, 0x32, 0x3A, 0xFF, 0x40, 0x00, 0x8F, 0xFF, 0xFF, 0xFF, 0x70, 0x00, 0x00, 0x4A, 0xEF,
  0xDA, 0x40, 0x00, 0x00, 0x1D, 0xB0, 0x01, 0xDB, 0x00, 0x00, 0x01, 0xDB, 0x00, 0x1D, 0xB0, 0x00,
  0x00, 0x00, 0x00, 0x00, 0x00, 0x00, 0x00, 0x00, 0x00, 0x00, 0x00, 0x00, 0x00, 0x0F, 0xF2, 0x00,
  0x00, 0x02, 0xFF, 0x00, 0xFF, 0x20, 0x00, 0x00, 0x2F, 0xF0, 0x0F, 0xF2, 0x00, 0x00, 0x02, 0xFF,
  0x00, 0xFF, 0x20, 0x00, 0x00, 0x2F, 0xF0, 0x0F, 0xF2, 0x00, 0x00, 0x02, 0xFF, 0x00, 0xFF, 0x20,
  0x00, 0x00, 0x2F, 0xF0, 0x0F, 0xF2, 0x00, 0x00, 0x02, 0xFF, 0x00, 0xFF, 0x20, 0x00, 0x00, 0x2F,
  0xF0, 0x0F, 0xF2, 0x00, 0x00, 0x02, 0xFF, 0x00, 0xEF, 0x40, 0x00, 0x00, 0x4F, 0xE0, 0x0B, 0xFA,
  0x00, 0x00, 0x09, 0xFB, 0x00, 0x4F, 0xF9, 0x21, 0x29, 0xFF, 0x40, 0x00, 0x8F, 0xFF, 0xFF, 0xFF,
  0x70, 0x00, 0x00, 0x4A, 0xEF, 0xDA, 0x40, 0x00, 0x00, 0x00, 0x0A, 0xFA, 0x00, 0x00, 0x00, 0x6F,
  0xC1, 0x00, 0x00, 0x02, 0xDC, 0x20, 0x00, 0x00, 0x00, 0x00, 0x00, 0x00, 0x00, 0x2B, 0xEE, 0xC4,
  0x00, 0x02, 0xEF, 0xFF, 0xFF, 0x40, 0x05, 0xD9, 0x12, 0xBF, 0xC0, 0x00, 0x00, 0x00, 0x3F, 0xF1,
  0x00, 0x8D, 0xFF, 0xFF, 0xF2, 0x09, 0xFF, 0xFF, 0xFF, 0xF2, 0x0E, 0xF7, 0x10, 0x2F, 0xF2, 0x0E,
  0xF6, 0x13, 0xBF, 0xF2, 0x09, 0xFF, 0xFF, 0xDF, 0xF2, 0x01, 0x8D, 0xFC, 0x3F, 0xF2, 0x00, 0x00,
  0x01, 0xEF, 0x50, 0x00, 0x00, 0x00, 0xBF, 0x80, 0x00, 0x00, 0x00, 0x6D, 0xA0, 0x00, 0x00, 0x00,
  0x00, 0x00, 0x00, 0x00, 0x00, 0x07, 0xDE, 0xD7, 0x00, 0x00, 0x0A, 0xFF, 0xFF, 0xFA, 0x00, 0x06,
  0xFE, 0x51, 0x4D, 0xF5, 0x00, 0xCF, 0x60, 0x00, 0x5F, 0xA0, 0x0E, 0xFF, 0xFF, 0xFF, 0xFD, 0x00,
  0xEF, 0xBA, 0xAA, 0xAA, 0xA0, 0x0C, 0xF6, 0x00, 0x00, 0x20, 0x00, 0x6F, 0xE5, 0x12, 0xAF, 0x70,
  0x00, 0xBF, 0xFF, 0xFF, 0xE2, 0x00, 0x00, 0x7D, 0xFE, 0x92, 0x00, 0x00, 0x9F, 0xC1, 0x06, 0xFD,
  0x10, 0x2A, 0xA2, 0x00, 0x00, 0x00, 0x00, 0x0F, 0xF2, 0x00, 0x0F, 0xF2, 0x00, 0x0F, 0xF2, 0x00,
  0x0F, 0xF2, 0x00, 0x0F, 0xF2, 0x00, 0x0F, 0xF2, 0x00, 0x0F, 0xF2, 0x00, 0x0F, 0xF2, 0x00, 0x0F,
  0xF2, 0x00, 0x0F, 0xF2, 0x00, 0x00, 0x1B, 0xEA, 0x11, 0x41, 0x00, 0x0A, 0xEA, 0xFC, 0xCE, 0x10,
  0x00, 0x43, 0x06, 0xDD, 0x50, 0x00, 0x00, 0x00, 0x00, 0x00, 0x00, 0x0F, 0xF2, 0x9E, 0xEC, 0x50,
  0x00, 0xFF, 0xDF, 0xFF, 0xFF, 0x40, 0x0F, 0xFE, 0x41, 0x3D, 0xFB, 0x00, 0xFF, 0x60, 0x00, 0x5F,
  0xE0, 0x0F, 0xF3, 0x00, 0x03, 0xFF, 0x00, 0xFF, 0x20, 0x00, 0x2F, 0xF0, 0x0F, 0xF2, 0x00, 0x02,
  0xFF, 0x00, 0xFF, 0x20, 0x00, 0x2F, 0xF0, 0x0F, 0xF2, 0x00, 0x02, 0xFF, 0x00, 0xFF, 0x20, 0x00,
  0x2F, 0xF0, 0x00, 0x00, 0x00, 0xAF, 0xC1, 0x00, 0x00, 0x00, 0x07, 0xFD, 0x10, 0x00, 0x00, 0x00,
  0x3D, 0xD2, 0x00, 0x00, 0x00, 0x00, 0x00, 0x00, 0x00, 0x00, 0x00, 0x06, 0xCE, 0xEC, 0x50, 0x00,
  0x00, 0xAF, 0xFF, 0xFF, 0xF9, 0x00, 0x06, 0xFF, 0x71, 0x17, 0xFF, 0x50, 0x0C, 0xF8, 0x00, 0x00,
  0x8F, 0xC0, 0x0E, 0xF3, 0x00, 0x00, 0x3F, 0xE0, 0x0E, 0xF3, 0x00, 0x00, 0x3F, 0xE0, 0x0C, 0xF8,
  0x00, 0x00, 0x8F, 0xC0, 0x05, 0xFF, 0x71, 0x17, 0xFF, 0x60, 0x00, 0x9F, 0xFF, 0xFF, 0xFA, 0x00,
  0x00, 0x05, 0xBE, 0xEC, 0x60, 0x00, 0x00, 0x00, 0x02, 0xEF, 0x80, 0x00, 0x00, 0x01, 0xDF, 0x80,
  0x00, 0x00, 0x00, 0x8B, 0x80, 0x00, 0x00, 0x00, 0x00, 0x00, 0x00, 0x00, 0x0F, 0xF2, 0x00, 0x02,
  0xFF, 0x00, 0xFF, 0x20, 0x00, 0x2F, 0xF0, 0x0F, 0xF2, 0x00, 0x02, 0xFF, 0x00, 0xFF, 0x20, 0x00,
  0x2F, 0xF0, 0x0F, 0xF2, 0x00, 0x02, 0xFF, 0x00, 0xFF, 0x30, 0x00, 0x3F, 0xF0, 0x0E, 0xF5, 0x00,
  0x06, 0xFF, 0x00, 0xBF, 0xD3, 0x14, 0xEF, 0xF0, 0x04, 0xFF, 0xFF, 0xFD, 0xFF, 0x00, 0x05, 0xCE,
  0xE9, 0x2F, 0xF0, 0x00, 0x54, 0x00, 0x05, 0x40, 0x00, 0x1F, 0xE0, 0x01, 0xFE, 0x00, 0x00, 0x54,
  0x00, 0x05, 0x40, 0x00, 0x00, 0x00, 0x00, 0x00, 0x00, 0x00, 0x00, 0x00, 0x00, 0x00, 0x00, 0xFF,
  0x20, 0x00, 0x2F, 0xF0, 0x0F, 0xF2, 0x00, 0x02, 0xFF, 0x00, 0xFF, 0x20, 0x00, 0x2F, 0xF0, 0x0F,
  0xF2, 0x00, 0x02, 0xFF, 0x00, 0xFF, 0x20, 0x00, 0x2F, 0xF0, 0x0F, 0xF3, 0x00, 0x03, 0xFF, 0x00,
  0xEF, 0x50, 0x00, 0x6F, 0xF0, 0x0B, 0xFD, 0x31, 0x4E, 0xFF, 0x00, 0x4F, 0xFF, 0xFF, 0xDF, 0xF0,
  0x00, 0x5C, 0xEE, 0x92, 0xFF, 0x00, 0x00, 0x00, 0x00, 0x00, 0x00, 0xFF, 0xFF, 0xFF, 0xFF, 0xFF,
  0xFF, 0xFF, 0xFF, 0xFF, 0xFF, 0x00, 0x00, 0x00, 0x00, 0x00, 0x00, 0x00, 0x00, 0x00, 0x00, 0x00,
  0x00, 0x00, 0x00, 0x00, 0x00, 0x00, 0x00, 0x00, 0x00, 0x00, 0x00, 0x00, 0x00, 0x00, 0x00, 0x00,
  0x00, 0x00, 0x00, 0x00, 0x00, 0x00, 0x00, 0x00, 0x0F, 0xFF, 0xFF, 0xFF, 0xFF, 0xFF, 0xFF, 0xFF,
  0xFF, 0xFF, 0xFF, 0xFF, 0xFF, 0xFF, 0xFF, 0xFF, 0xFF, 0xFF, 0xFF, 0xFF, 0xFF, 0xF0, 0x00, 0x00,
  0x00, 0x00, 0x00, 0x00, 0x00, 0x00, 0x00, 0x00, 0x00, 0x00, 0x00, 0x00, 0x00, 0x00, 0x00, 0x00,
  0x00, 0x00, 0x00, 0x00, 0x00, 0x00, 0x00, 0x00, 0x00, 0x00, 0x00, 0x00, 0x00, 0x00, 0x00, 0x00,
  0x00, 0x00, 0x00, 0x00, 0x00, 0x00, 0x00, 0x00, 0x00, 0x00, 0x00, 0x00, 0x00, 0x00, 0x00, 0x00,
  0x00, 0x00, 0x04, 0xF7, 0x0B, 0xF2, 0x2F, 0xD0, 0x9F, 0x90, 0x00, 0x00, 0x00, 0x00, 0x00, 0x00,
  0x00, 0x00, 0x00, 0x00, 0x00, 0x00, 0x00, 0x00, 0x00, 0x00, 0x00, 0x00, 0x00, 0x00, 0x0B, 0xF6,
  0x1F, 0xE1, 0x5F, 0x90, 0x9F, 0x20, 0x00, 0x00, 0x00, 0x00, 0x00, 0x00, 0x00, 0x00, 0x00, 0x00,
  0x00, 0x00, 0x00, 0x00, 0x00, 0x00, 0x00, 0x00, 0x00, 0x00, 0x04, 0xF7, 0x0D, 0xC0, 0xBF, 0x25,
  0xF8, 0x2F, 0xD0, 0xCF, 0x49, 0xF9, 0x3F, 0xE0, 0x00, 0x00, 0x00, 0x00, 0x00, 0x00, 0x00, 0x00,
  0x00, 0x00, 0x00, 0x00, 0x00, 0x00, 0x00, 0x00, 0x00, 0x00, 0x00, 0x00, 0x00, 0x00, 0x00, 0x00,
  0x00, 0x00, 0x00, 0x00, 0x00, 0x00, 0x00, 0x00, 0x00, 0x00, 0x00, 0x0B, 0xF6, 0x5F, 0xC0, 0x1F,
  0xE1, 0xAF, 0x60, 0x4F, 0x90, 0xEE, 0x00, 0x9F, 0x23, 0xF8, 0x00, 0x00, 0x00, 0x00, 0x00, 0x00,
  0x00, 0x00, 0x00, 0x00, 0x00, 0x00, 0x00, 0x00, 0x00, 0x00, 0x00, 0x00, 0x00, 0x00, 0x00, 0x00,
  0x00, 0x00, 0x00, 0x00, 0x00, 0x00, 0x00, 0x00, 0x00, 0x00, 0x00, 0x00, 0x00, 0x00, 0x00, 0x00,
  0x00, 0x00, 0x00, 0x08, 0x90, 0x00, 0x97, 0x00, 0x0B, 0x60, 0x0E, 0xF1, 0x02, 0xFE, 0x00, 0x4F,
  0xC0, 0x0A, 0xC0, 0x00, 0xCA, 0x00, 0x1D, 0x80, 0x00, 0x09, 0xFD, 0x10, 0x05, 0xFF, 0x30, 0x01,
  0xEF, 0x70, 0x00, 0xBF, 0xC0, 0x00, 0x0B, 0xFC, 0x00, 0x00, 0x2E, 0xF7, 0x00, 0x00, 0x5F, 0xF3,
  0x00, 0x00, 0x9F, 0xD1, 0x00, 0x00, 0x00, 0x00, 0x00, 0x00, 0x00, 0x09, 0xFD, 0x10, 0x00, 0x1D,
  0xF9, 0x00, 0x00, 0x3F, 0xF5, 0x00, 0x00, 0x8F, 0xE2, 0x00, 0x08, 0xFE, 0x20, 0x03, 0xFF, 0x50,
  0x01, 0xDF, 0x90, 0x00, 0x9F, 0xD1, 0x00, 0x00, 0x00, 0x00, 0x00, 0x00, 0x00, 0x00
};
const Glifo F_TITULO_GLIFOS[] = {
  {0x0020, 0, 5, 0, 0, 0, 20},
  {0x0021, 0, 6, 14, 0, -14, 24},
  {0x0022, 42, 7, 14, 0, -14, 28},
  {0x0023, 91, 12, 14, 0, -14, 48},
  {0x0024, 175, 10, 18, 0, -15, 40},
  {0x0025, 265, 16, 14, 0, -14, 64},
  {0x0026, 377, 13, 14, 0, -14, 52},
  {0x0027, 468, 4, 14, 0, -14, 16},
  {0x0028, 496, 7, 18, 0, -16, 28},
  {0x0029, 559, 7, 18, 0, -16, 28},
  {0x002A, 622, 9, 14, 0, -14, 36},
  {0x002B, 685, 12, 11, 0, -11, 48},
  {0x002C, 751, 5, 4, 0, -2, 20},
  {0x002D, 761, 8, 8, 0, -8, 32},
  {0x002E, 793, 4, 3, 0, -3, 16},
  {0x002F, 799, 8, 16, 0, -14, 32},
  {0x0030, 863, 13, 14, 0, -14, 52},
  {0x0031, 954, 8, 14, 0, -14, 32},
  {0x0032, 1010, 11, 14, 0, -14, 44},
  {0x0033, 1087, 10, 14, 0, -14, 40},
  {0x0034, 1157, 13, 14, 0, -14, 52},
  {0x0035, 1248, 11, 14, 0, -14, 44},
  {0x0036, 1325, 11, 14, 0, -14, 44},
  {0x0037, 1402, 11, 14, 0, -14, 44},
  {0x0038, 1479, 12, 14, 0, -14, 48},
  {0x0039, 1563, 12, 14, 0, -14, 48},
  {0x003A, 1647, 4, 10, 0, -10, 16},
  {0x003B, 1667, 5, 12, 0, -10, 20},
  {0x003C, 1697, 12, 10, 0, -10, 48},
  {0x003D, 1757, 12, 9, 0, -9, 48},
  {0x003E, 1811, 12, 10, 0, -10, 48},
  {0x003F, 1871, 10, 14, 0, -14, 40},
  {0x0040, 1941, 19, 18, 0, -14, 76},
  {0x0041, 2112, 14, 14, 0, -14, 52},
  {0x0042, 2210, 12, 14, 0, -14, 48},
  {0x0043, 2294, 14, 14, 0, -14, 56},
  {0x0044, 2392, 14, 14, 0, -14, 56},
  {0x0045, 2490, 11, 14, 0, -14, 44},
  {0x0046, 2567, 11, 14, 0, -14, 44},
  {0x0047, 2644, 15, 14, 0, -14, 60},
  {0x0048, 2749, 15, 14, 0, -14, 60},
  {0x0049, 2854, 6, 14, 0, -14, 24},
  {0x004A, 2896, 11, 14, 0, -14, 44},
  {0x004B, 2973, 13, 14, 0, -14, 52},
  {0x004C, 3064, 11, 14, 0, -14, 44},
  {0x004D, 3141, 17, 14, 0, -14, 68},
  {0x004E, 3260, 15, 14, 0, -14, 60},
  {0x004F, 3365, 15, 14, 0, -14, 60},
  {0x0050, 3470, 12, 14, 0, -14, 48},
  {0x0051, 3554, 15, 15, 0, -14, 60},
  {0x0052, 3667, 12, 14, 0, -14, 48},
  {0x0053, 3751, 11, 14, 0, -14, 44},
  {0x0054, 3828, 12, 14, 0, -14, 48},
  {0x0055, 3912, 13, 14, 0, -14, 52},
  {0x0056, 4003, 14, 14, 0, -14, 56},
  {0x0057, 4101, 19, 14, 0, -14, 76},
  {0x0058, 4234, 13, 14, 0, -14, 48},
  {0x0059, 4325, 12, 14, 0, -14, 48},
  {0x005A, 4409, 13, 14, 0, -14, 52},
  {0x005B, 4500, 7, 18, 0, -16, 28},
  {0x005C, 4563, 8, 16, 0, -14, 32},
  {0x005D, 4627, 7, 18, 0, -16, 28},
  {0x005E, 4690, 11, 14, 0, -14, 44},
  {0x005F, 4767, 10, 3, 0, -1, 40},
  {0x0060, 4782, 5, 14, 0, -14, 20},
  {0x0061, 4817, 10, 10, 0, -10, 40},
  {0x0062, 4867, 11, 14, 0, -14, 44},
  {0x0063, 4944, 11, 10, 0, -10, 44},
  {0x0064, 4999, 11, 14, 0, -14, 44},
  {0x0065, 5076, 11, 10, 0, -10, 44},
  {0x0066, 5131, 8, 14, 0, -14, 32},
  {0x0067, 5187, 11, 14, 0, -10, 44},
  {0x0068, 5264, 11, 14, 0, -14, 44},
  {0x0069, 5341, 4, 15, 0, -15, 16},
  {0x006A, 5371, 6, 19, -1, -15, 20},
  {0x006B, 5428, 10, 14, 0, -14, 40},
  {0x006C, 5498, 4, 14, 0, -14, 16},
  {0x006D, 5526, 16, 10, 0, -10, 64},
  {0x006E, 5606, 11, 10, 0, -10, 44},
  {0x006F, 5661, 12, 10, 0, -10, 48},
  {0x0070, 5721, 11, 14, 0, -10, 44},
  {0x0071, 5798, 11, 14, 0, -10, 44},
  {0x0072, 5875, 7, 10, 0, -10, 28},
  {0x0073, 5910, 9, 10, 0, -10, 36},
  {0x0074, 5955, 8, 13, 0, -13, 32},
  {0x0075, 6007, 11, 10, 0, -10, 44},
  {0x0076, 6062, 11, 10, 0, -10, 40},
  {0x0077, 6117, 16, 10, 0, -10, 60},
  {0x0078, 6197, 10, 10, 0, -10, 40},
  {0x0079, 6247, 11, 14, 0, -10, 44},
  {0x007A, 6324, 10, 10, 0, -10, 40},
  {0x007B, 6374, 8, 18, 0, -16, 32},
  {0x007C, 6446, 6, 20, 0, -16, 24},
  {0x007D, 6506, 8, 18, 0, -16, 32},
  {0x007E, 6578, 12, 9, 0, -9, 48},
  {0x00A1, 6632, 6, 14, 0, -10, 24},
  {0x00B0, 6674, 8, 14, 0, -14, 32},
  {0x00B7, 6730, 4, 8, 0, -8, 16},
  {0x00BF, 6746, 10, 14, 0, -10, 40},
  {0x00C1, 6816, 14, 18, 0, -18, 52},
  {0x00C9, 6942, 11, 18, 0, -18, 44},
  {0x00CD, 7041, 7, 18, 0, -18, 24},
  {0x00D1, 7104, 15, 18, 0, -18, 60},
  {0x00D3, 7239, 15, 18, 0, -18, 60},
  {0x00DA, 7374, 13, 18, 0, -18, 52},
  {0x00DC, 7491, 13, 18, 0, -18, 52},
  {0x00E1, 7608, 10, 14, 0, -14, 40},
  {0x00E9, 7678, 11, 14, 0, -14, 44},
  {0x00ED, 7755, 6, 14, 0, -14, 16},
  {0x00F1, 7797, 11, 14, 0, -14, 44},
  {0x00F3, 7874, 12, 14, 0, -14, 48},
  {0x00FA, 7958, 11, 14, 0, -14, 44},
  {0x00FC, 8035, 11, 15, 0, -15, 44},
  {0x2013, 8118, 10, 8, 0, -8, 40},
  {0x2014, 8158, 21, 8, 0, -8, 84},
  {0x2018, 8242, 4, 14, 0, -14, 16},
  {0x2019, 8270, 4, 14, 0, -14, 16},
  {0x201C, 8298, 7, 14, 0, -14, 28},
  {0x201D, 8347, 8, 14, 0, -14, 28},
  {0x2026, 8403, 14, 3, 0, -3, 56},
  {0x2039, 8424, 7, 10, 0, -10, 28},
  {0x203A, 8459, 7, 10, 0, -10, 28}
};
const Fuente F_TITULO = {F_TITULO_BITS, F_TITULO_GLIFOS, 122, 19, 5};

// F_TECLA: Figtree 600, 24 px, 122 glifos, 12309 bytes
const uint8_t F_TECLA_BITS[] = {
  0x00, 0xBF, 0xF0, 0x00, 0x0B, 0xFF, 0x00, 0x00, 0xBF, 0xF0, 0x00, 0x0B, 0xFF, 0x00, 0x00, 0xBF,
  0xF0, 0x00, 0x0B, 0xFF, 0x00, 0x00, 0xBF, 0xF0, 0x00, 0x0B, 0xFF, 0x00, 0x00, 0xBF, 0xF0, 0x00,
  0x0B, 0xFF, 0x00, 0x00, 0xBF, 0xF0, 0x00, 0x00, 0x00, 0x00, 0x00, 0x00, 0x00, 0x00, 0x08, 0xE8,
  0x00, 0x00, 0xEF, 0xE0, 0x00, 0x08, 0xE8, 0x00, 0x00, 0xFF, 0xBB, 0xFF, 0x00, 0x00, 0xFF, 0xBB,
  0xFF, 0x00, 0x00, 0xFF, 0xBB, 0xFF, 0x00, 0x00, 0xFF, 0xBB, 0xFF, 0x00, 0x00, 0xFF, 0xBB, 0xFF,
  0x00, 0x00, 0xFF, 0xBB, 0xFF, 0x00, 0x00, 0x00, 0x00, 0x00, 0x00, 0x00, 0x00, 0x00, 0x00, 0x00,
  0x00, 0x00, 0x00, 0x00, 0x00, 0x00, 0x00, 0x00, 0x00, 0x00, 0x00, 0x00, 0x00, 0x00, 0x00, 0x00,
  0x00, 0x00, 0x00, 0x00, 0x00, 0x00, 0x00, 0x00, 0x00, 0x00, 0x00, 0x00, 0x00, 0x00, 0x00, 0x00,
  0x00, 0x00, 0x00, 0x00, 0x00, 0x00, 0x00, 0x00, 0x00, 0x00, 0x0D, 0xF3, 0x00, 0x8F, 0x70, 0x00,
  0x00, 0x00, 0xFF, 0x10, 0x0B, 0xF4, 0x00, 0x00, 0x00, 0x2F, 0xD0, 0x00, 0xDF, 0x20, 0x00, 0x00,
  0x05, 0xFB, 0x00, 0x1F, 0xE0, 0x00, 0x0A, 0xFF, 0xFF, 0xFF, 0xFF, 0xFF, 0xFF, 0xC0, 0xCF, 0xFF,
  0xFF, 0xFF, 0xFF, 0xFF, 0xFA, 0x06, 0x66, 0xFF, 0xA6, 0x6F, 0xFD, 0x66, 0x40, 0x00, 0x0F, 0xF1,
  0x00, 0xBF, 0x50, 0x00, 0x00, 0x02, 0xFD, 0x00, 0x0D, 0xF2, 0x00, 0x03, 0x66, 0xBF, 0xF6, 0x67,
  0xFF, 0x66, 0x60, 0x9F, 0xFF, 0xFF, 0xFF, 0xFF, 0xFF, 0xFD, 0x0B, 0xFF, 0xFF, 0xFF, 0xFF, 0xFF,
  0xFF, 0xC0, 0x00, 0x0C, 0xF3, 0x00, 0x8F, 0x70, 0x00, 0x00, 0x00, 0xFF, 0x10, 0x0B, 0xF5, 0x00,
  0x00, 0x00, 0x2F, 0xE0, 0x00, 0xDF, 0x20, 0x00, 0x00, 0x05, 0xFB, 0x00, 0x1F, 0xF0, 0x00, 0x00,
  0x00, 0x00, 0x00, 0xFF, 0xB0, 0x00, 0x00, 0x00, 0x00, 0x00, 0xFF, 0xB0, 0x00, 0x00, 0x00, 0x00,
  0x01, 0xFF, 0xD0, 0x00, 0x00, 0x00, 0x03, 0xBF, 0xFF, 0xFD, 0x70, 0x00, 0x00, 0x3E, 0xFF, 0xFF,
  0xFF, 0xFA, 0x00, 0x00, 0xBF, 0xF8, 0xFF, 0xFC, 0xFF, 0x60, 0x00, 0xEF, 0xD0, 0xFF, 0xB1, 0xB7,
  0x20, 0x00, 0xEF, 0xC0, 0xFF, 0xB0, 0x00, 0x00, 0x00, 0xBF, 0xF9, 0xFF, 0xB0, 0x00, 0x00, 0x00,
  0x2E, 0xFF, 0xFF, 0xF3, 0x00, 0x00, 0x00, 0x02, 0x8E, 0xFF, 0xFF, 0xB1, 0x00, 0x00, 0x00, 0x01,
  0xFF, 0xFF, 0xFD, 0x10, 0x00, 0x00, 0x00, 0xFF, 0xB8, 0xFF, 0x70, 0x00, 0x02, 0x10, 0xFF, 0xB1,
  0xFF, 0xA0, 0x04, 0xDF, 0x90, 0xFF, 0xB5, 0xFF, 0x90, 0x01, 0xEF, 0xFC, 0xFF, 0xFF, 0xFF, 0x40,
  0x00, 0x3D, 0xFF, 0xFF, 0xFF, 0xF8, 0x00, 0x00, 0x01, 0x7C, 0xFF, 0xFA, 0x40, 0x00, 0x00, 0x00,
  0x00, 0xFF, 0xB0, 0x00, 0x00, 0x00, 0x00, 0x00, 0xFF, 0xB0, 0x00, 0x00, 0x00, 0x00, 0x00, 0xFF,
  0xB0, 0x00, 0x00, 0x00, 0x4B, 0xEE, 0xB4, 0x00, 0x00, 0x09, 0xFF, 0x60, 0x00, 0x5F, 0xFF, 0xFF,
  0xF5, 0x00, 0x05, 0xFF, 0xA0, 0x00, 0x0C, 0xFC, 0x77, 0xCF, 0xC0, 0x02, 0xEF, 0xD1, 0x00, 0x00,
  0xFF, 0x10, 0x02, 0xFF, 0x00, 0xBF, 0xF3, 0x00, 0x00, 0x0C, 0xFC, 0x77, 0xCF, 0xC0, 0x7F, 0xF7,
  0x00, 0x00, 0x00, 0x5F, 0xFF, 0xFF, 0xF5, 0x3F, 0xFB, 0x00, 0x00, 0x00, 0x00, 0x4B, 0xEE, 0xB4,
  0x1D, 0xFE, 0x10, 0x00, 0x00, 0x00, 0x00, 0x00, 0x00, 0x0A, 0xFF, 0x40, 0x00, 0x00, 0x00, 0x00,
  0x00, 0x00, 0x06, 0xFF, 0x83, 0xBE, 0xEB, 0x30, 0x00, 0x00, 0x00, 0x02, 0xEF, 0xC3, 0xFF, 0xEE,
  0xFF, 0x30, 0x00, 0x00, 0x00, 0xCF, 0xE2, 0xBF, 0x80, 0x08, 0xFB, 0x00, 0x00, 0x00, 0x9F, 0xF5,
  0x0E, 0xF1, 0x00, 0x1F, 0xF0, 0x00, 0x00, 0x4F, 0xF9, 0x00, 0xEF, 0x40, 0x03, 0xFF, 0x00, 0x00,
  0x1E, 0xFD, 0x10, 0x0B, 0xFE, 0x88, 0xEF, 0xB0, 0x00, 0x0B, 0xFF, 0x30, 0x00, 0x3E, 0xFF, 0xFF,
  0xF3, 0x00, 0x07, 0xFF, 0x60, 0x00, 0x00, 0x3B, 0xEE, 0xB3, 0x00, 0x00, 0x00, 0x7C, 0xEE, 0xC7,
  0x00, 0x00, 0x00, 0x00, 0x1C, 0xFF, 0xFF, 0xFF, 0xC1, 0x00, 0x00, 0x00, 0x7F, 0xFD, 0x78, 0xDF,
  0xF7, 0x00, 0x00, 0x00, 0xAF, 0xF2, 0x00, 0x2F, 0xFA, 0x00, 0x00, 0x00, 0x8F, 0xF2, 0x00, 0x2F,
  0xF7, 0x00, 0x00, 0x00, 0x1E, 0xFC, 0x12, 0xDF, 0xC1, 0x00, 0x00, 0x00, 0x04, 0xFF, 0xFF, 0xFB,
  0x10, 0x00, 0x00, 0x00, 0x00, 0xBF, 0xFF, 0x70, 0x00, 0x00, 0x00, 0x00, 0x1A, 0xFF, 0xFF, 0xA0,
  0x00, 0x00, 0x00, 0x01, 0xCF, 0xD3, 0x9F, 0xF9, 0x01, 0xFF, 0xA0, 0x09, 0xFF, 0x20, 0x0A, 0xFF,
  0x85, 0xFF, 0x80, 0x0E, 0xFC, 0x00, 0x00, 0xBF, 0xFF, 0xFF, 0x30, 0x0E, 0xFE, 0x10, 0x00, 0x1F,
  0xFF, 0xFA, 0x00, 0x0A, 0xFF, 0xD8, 0x78, 0xCF, 0xFF, 0xF6, 0x00, 0x01, 0xCF, 0xFF, 0xFF, 0xFF,
  0xFF, 0xFF, 0x40, 0x00, 0x07, 0xCE, 0xED, 0xB7, 0x23, 0xEF, 0xE3, 0x00, 0xFF, 0xB0, 0x00, 0xFF,
  0xB0, 0x00, 0xFF, 0xB0, 0x00, 0xFF, 0xB0, 0x00, 0xFF, 0xB0, 0x00, 0xFF, 0xB0, 0x00, 0x00, 0x00,
  0x00, 0x00, 0x00, 0x00, 0x00, 0x00, 0x00, 0x00, 0x00, 0x00, 0x00, 0x00, 0x00, 0x00, 0x00, 0x00,
  0x00, 0x00, 0x00, 0x00, 0x00, 0x00, 0x00, 0x00, 0x00, 0x00, 0x00, 0x00, 0x00, 0x5F, 0xF6, 0x00,
  0x00, 0x1E, 0xFB, 0x00, 0x00, 0x09, 0xFF, 0x20, 0x00, 0x03, 0xFF, 0x80, 0x00, 0x00, 0xAF, 0xF2,
  0x00, 0x00, 0x1F, 0xFA, 0x00, 0x00, 0x06, 0xFF, 0x50, 0x00, 0x00, 0xAF, 0xF1, 0x00, 0x00, 0x0D,
  0xFD, 0x00, 0x00, 0x00, 0xEF, 0xC0, 0x00, 0x00, 0x0F, 0xFB, 0x00, 0x00, 0x00, 0xEF, 0xC0, 0x00,
  0x00, 0x0D, 0xFD, 0x00, 0x00, 0x00, 0xAF, 0xF1, 0x00, 0x00, 0x06, 0xFF, 0x50, 0x00, 0x00, 0x1F,
  0xFA, 0x00, 0x00, 0x00, 0xAF, 0xF1, 0x00, 0x00, 0x03, 0xFF, 0x80, 0x00, 0x00, 0x0A, 0xFF, 0x20,
  0x00, 0x00, 0x1E, 0xFB, 0x00, 0x00, 0x00, 0x5F, 0xF6, 0x00, 0x0A, 0xFE, 0x10, 0x00, 0x00, 0x1E,
  0xFA, 0x00, 0x00, 0x00, 0x6F, 0xF5, 0x00, 0x00, 0x00, 0xCF, 0xD0, 0x00, 0x00, 0x05, 0xFF, 0x60,
  0x00, 0x00, 0x0E, 0xFC, 0x00, 0x00, 0x00, 0x9F, 0xF2, 0x00, 0x00, 0x06, 0xFF, 0x50, 0x00, 0x00,
  0x2F, 0xF8, 0x00, 0x00, 0x01, 0xFF, 0xA0, 0x00, 0x00, 0x0F, 0xFB, 0x00, 0x00, 0x01, 0xFF, 0xA0,
  0x00, 0x00, 0x2F, 0xF8, 0x00, 0x00, 0x06, 0xFF, 0x50, 0x00, 0x00, 0x9F, 0xF2, 0x00, 0x00, 0x0E,
  0xFC, 0x00, 0x00, 0x05, 0xFF, 0x60, 0x00, 0x00, 0xCF, 0xE0, 0x00, 0x00, 0x6F, 0xF5, 0x00, 0x00,
  0x1E, 0xFA, 0x00, 0x00, 0x0A, 0xFE, 0x10, 0x00, 0x00, 0x00, 0x00, 0x0F, 0xD0, 0x00, 0x00, 0x00,
  0x10, 0x0F, 0xD0, 0x00, 0x00, 0x02, 0xEA, 0x4F, 0xD5, 0xAE, 0x10, 0x05, 0xEF, 0xFF, 0xFF, 0xFD,
  0x30, 0x00, 0x02, 0xDF, 0xFC, 0x20, 0x00, 0x00, 0x05, 0xFD, 0xDF, 0x50, 0x00, 0x00, 0x3F, 0xF3,
  0x4F, 0xE2, 0x00, 0x00, 0x08, 0x80, 0x09, 0x60, 0x00, 0x00, 0x00, 0x00, 0x00, 0x00, 0x00, 0x00,
  0x00, 0x00, 0x00, 0x00, 0x00, 0x00, 0x00, 0x00, 0x00, 0x00, 0x00, 0x00, 0x00, 0x00, 0x00, 0x00,
  0x00, 0x00, 0x00, 0x00, 0x00, 0x00, 0x00, 0x00, 0x00, 0x00, 0x00, 0x00, 0x00, 0x00, 0x00, 0x00,
  0x00, 0x00, 0x00, 0x00, 0x00, 0x00, 0x00, 0x00, 0x00, 0x00, 0x00, 0x00, 0x08, 0x85, 0x00, 0x00,
  0x00, 0x00, 0x00, 0x00, 0x0F, 0xFB, 0x00, 0x00, 0x00, 0x00, 0x00, 0x00, 0x0F, 0xFB, 0x00, 0x00,
  0x00, 0x00, 0x00, 0x00, 0x0F, 0xFB, 0x00, 0x00, 0x00, 0x00, 0x36, 0x66, 0x6F, 0xFF, 0x66, 0x63,
  0x00, 0x00, 0x8F, 0xFF, 0xFF, 0xFF, 0xFF, 0xF8, 0x00, 0x00, 0x8F, 0xFF, 0xFF, 0xFF, 0xFF, 0xF8,
  0x00, 0x00, 0x00, 0x00, 0x0F, 0xFB, 0x00, 0x00, 0x00, 0x00, 0x00, 0x00, 0x0F, 0xFB, 0x00, 0x00,
  0x00, 0x00, 0x00, 0x00, 0x0F, 0xFB, 0x00, 0x00, 0x00, 0x00, 0x00, 0x00, 0x0F, 0xFB, 0x00, 0x00,
  0x00, 0x00, 0x00, 0x00, 0x08, 0x85, 0x00, 0x00, 0x00, 0x00, 0x00, 0x00, 0x00, 0x00, 0x00, 0x00,
  0x00, 0x00, 0xEF, 0xD0, 0x03, 0xFF, 0x60, 0x07, 0xFE, 0x10, 0x0C, 0xF8, 0x00, 0x1F, 0xF2, 0x00,
  0x06, 0x66, 0x66, 0x66, 0x00, 0xFF, 0xFF, 0xFF, 0xF0, 0x0F, 0xFF, 0xFF, 0xFF, 0x00, 0x00, 0x00,
  0x00, 0x00, 0x00, 0x00, 0x00, 0x00, 0x00, 0x00, 0x00, 0x00, 0x00, 0x00, 0x00, 0x00, 0x00, 0x00,
  0x00, 0x00, 0x00, 0x00, 0x00, 0x00, 0x00, 0x00, 0x00, 0x08, 0xE8, 0x00, 0xEF, 0xE0, 0x08, 0xE8,
  0x00, 0x00, 0x00, 0x00, 0x18, 0x84, 0x00, 0x00, 0x00, 0x5F, 0xF4, 0x00, 0x00, 0x00, 0xAF, 0xE0,
  0x00, 0x00, 0x01, 0xFF, 0x90, 0x00, 0x00, 0x06, 0xFF, 0x40, 0x00, 0x00, 0x0B, 0xFE, 0x00, 0x00,
  0x00, 0x1F, 0xF9, 0x00, 0x00, 0x00, 0x6F, 0xF4, 0x00, 0x00, 0x00, 0xBF, 0xD0, 0x00, 0x00, 0x01,
  0xFF, 0x80, 0x00, 0x00, 0x06, 0xFF, 0x30, 0x00, 0x00, 0x0B, 0xFD, 0x00, 0x00, 0x00, 0x2F, 0xF8,
  0x00, 0x00, 0x00, 0x7F, 0xF3, 0x00, 0x00, 0x00, 0xCF, 0xD0, 0x00, 0x00, 0x02, 0xFF, 0x80, 0x00,
  0x00, 0x07, 0xFF, 0x30, 0x00, 0x00, 0x0C, 0xFD, 0x00, 0x00, 0x00, 0x2F, 0xF8, 0x00, 0x00, 0x00,
  0x7F, 0xF3, 0x00, 0x00, 0x00, 0x00, 0x00, 0x29, 0xDF, 0xEC, 0x70, 0x00, 0x00, 0x00, 0x04, 0xEF,
  0xFF, 0xFF, 0xFC, 0x20, 0x00, 0x00, 0x4F, 0xFF, 0xB7, 0x8D, 0xFF, 0xD1, 0x00, 0x00, 0xDF, 0xF5,
  0x00, 0x00, 0xAF, 0xF9, 0x00, 0x05, 0xFF, 0x90, 0x00, 0x00, 0x0D, 0xFF, 0x10, 0x0A, 0xFF, 0x20,
  0x00, 0x00, 0x06, 0xFF, 0x60, 0x0D, 0xFD, 0x00, 0x00, 0x00, 0x02, 0xFF, 0x90, 0x0E, 0xFB, 0x00,
  0x00, 0x00, 0x01, 0xFF, 0xA0, 0x0E, 0xFB, 0x00, 0x00, 0x00, 0x01, 0xFF, 0xA0, 0x0D, 0xFD, 0x00,
  0x00, 0x00, 0x02, 0xFF, 0x90, 0x0A, 0xFF, 0x20, 0x00, 0x00, 0x06, 0xFF, 0x60, 0x05, 0xFF, 0x90,
  0x00, 0x00, 0x0D, 0xFF, 0x10, 0x00, 0xDF, 0xF5, 0x00, 0x00, 0x9F, 0xF9, 0x00, 0x00, 0x4F, 0xFF,
  0xB7, 0x8D, 0xFF, 0xD1, 0x00, 0x00, 0x04, 0xEF, 0xFF, 0xFF, 0xFC, 0x20, 0x00, 0x00, 0x00, 0x28,
  0xDF, 0xEC, 0x71, 0x00, 0x00, 0x00, 0x00, 0x6F, 0xFB, 0x00, 0x00, 0x3B, 0xFF, 0xFB, 0x00, 0x08,
  0xFF, 0xFF, 0xFB, 0x00, 0x08, 0xFD, 0x6F, 0xFB, 0x00, 0x03, 0x40, 0x0F, 0xFB, 0x00, 0x00, 0x00,
  0x0F, 0xFB, 0x00, 0x00, 0x00, 0x0F, 0xFB, 0x00, 0x00, 0x00, 0x0F, 0xFB, 0x00, 0x00, 0x00, 0x0F,
  0xFB, 0x00, 0x00, 0x00, 0x0F, 0xFB, 0x00, 0x00, 0x00, 0x0F, 0xFB, 0x00, 0x00, 0x00, 0x0F, 0xFB,
  0x00, 0x00, 0x00, 0x0F, 0xFB, 0x00, 0x00, 0x00, 0x0F, 0xFB, 0x00, 0x00, 0x00, 0x0F, 0xFB, 0x00,
  0x00, 0x00, 0x0F, 0xFB, 0x00, 0x00, 0x17, 0xCE, 0xFD, 0xA4, 0x00, 0x00, 0x2D, 0xFF, 0xFF, 0xFF,
  0xF8, 0x00, 0x1D, 0xFF, 0xE8, 0x79, 0xFF, 0xF6, 0x07, 0xFF, 0xC1, 0x00, 0x03, 0xFF, 0xC0, 0x14,
  0x73, 0x00, 0x00, 0x0C, 0xFE, 0x00, 0x00, 0x00, 0x00, 0x00, 0xDF, 0xD0, 0x00, 0x00, 0x00, 0x00,
  0x8F, 0xF8, 0x00, 0x00, 0x00, 0x01, 0x9F, 0xFD, 0x10, 0x00, 0x00, 0x04, 0xDF, 0xFC, 0x20, 0x00,
  0x00, 0x09, 0xFF, 0xF9, 0x10, 0x00, 0x00, 0x1C, 0xFF, 0xE4, 0x00, 0x00, 0x00, 0x1C, 0xFF, 0xC1,
  0x00, 0x00, 0x00, 0x08, 0xFF, 0xD1, 0x00, 0x00, 0x00, 0x00, 0xEF, 0xFA, 0x66, 0x66, 0x66, 0x60,
  0x0F, 0xFF, 0xFF, 0xFF, 0xFF, 0xFF, 0x00, 0xFF, 0xFF, 0xFF, 0xFF, 0xFF, 0xF0, 0x00, 0x05, 0xBE,
  0xFE, 0xA4, 0x00, 0x00, 0x0A, 0xFF, 0xFF, 0xFF, 0xF9, 0x00, 0x07, 0xFF, 0xD8, 0x79, 0xEF, 0xF5,
  0x00, 0x15, 0x81, 0x00, 0x04, 0xFF, 0xA0, 0x00, 0x00, 0x00, 0x00, 0x2F, 0xF9, 0x00, 0x00, 0x00,
  0x01, 0x5C, 0xFF, 0x30, 0x00, 0x00, 0x8F, 0xFF, 0xFE, 0x50, 0x00, 0x00, 0x08, 0xFF, 0xFF, 0x91,
  0x00, 0x00, 0x00, 0x37, 0x8C, 0xFF, 0xC1, 0x00, 0x00, 0x00, 0x00, 0x05, 0xFF, 0x80, 0x00, 0x00,
  0x00, 0x00, 0x0C, 0xFD, 0x00, 0x00, 0x00, 0x00, 0x00, 0xCF, 0xE0, 0x05, 0xAD, 0x20, 0x00, 0x4F,
  0xFC, 0x00, 0x8F, 0xFE, 0x87, 0xAF, 0xFF, 0x60, 0x00, 0xAF, 0xFF, 0xFF, 0xFF, 0x80, 0x00, 0x00,
  0x5B, 0xEF, 0xEA, 0x40, 0x00, 0x00, 0x00, 0x00, 0x00, 0xAF, 0xFB, 0x00, 0x00, 0x00, 0x00, 0x00,
  0x06, 0xFF, 0xFB, 0x00, 0x00, 0x00, 0x00, 0x00, 0x3F, 0xFF, 0xFB, 0x00, 0x00, 0x00, 0x00, 0x01,
  0xDF, 0xDF, 0xFB, 0x00, 0x00, 0x00, 0x00, 0x0A, 0xFF, 0x3F, 0xFB, 0x00, 0x00, 0x00, 0x00, 0x6F,
  0xF7, 0x0F, 0xFB, 0x00, 0x00, 0x00, 0x03, 0xFF, 0xA0, 0x0F, 0xFB, 0x00, 0x00, 0x00, 0x1D, 0xFD,
  0x10, 0x0F, 0xFB, 0x00, 0x00, 0x00, 0xAF, 0xF3, 0x00, 0x0F, 0xFB, 0x00, 0x00, 0x07, 0xFF, 0x60,
  0x00, 0x0F, 0xFB, 0x00, 0x00, 0x0F, 0xFF, 0xFF, 0xFF, 0xFF, 0xFF, 0xFF, 0xF0, 0x0F, 0xFF, 0xFF,
  0xFF, 0xFF, 0xFF, 0xFF, 0xF0, 0x06, 0x66, 0x66, 0x66, 0x6F, 0xFC, 0x66, 0x60, 0x00, 0x00, 0x00,
  0x00, 0x0F, 0xFB, 0x00, 0x00, 0x00, 0x00, 0x00, 0x00, 0x0F, 0xFB, 0x00, 0x00, 0x00, 0x00, 0x00,
  0x00, 0x0F, 0xFB, 0x00, 0x00, 0x00, 0x6F, 0xFF, 0xFF, 0xFF, 0xFD, 0x00, 0x00, 0x8F, 0xFF, 0xFF,
  0xFF, 0xFD, 0x00, 0x00, 0x9F, 0xF7, 0x66, 0x66, 0x66, 0x00, 0x00, 0xBF, 0xE0, 0x00, 0x00, 0x00,
  0x00, 0x00, 0xDF, 0xC0, 0x00, 0x00, 0x00, 0x00, 0x00, 0xEF, 0xB8, 0xCE, 0xD9, 0x20, 0x00, 0x01,
  0xFF, 0xFF, 0xFF, 0xFF, 0xE4, 0x00, 0x03, 0xFF, 0xFB, 0x78, 0xDF, 0xFE, 0x10, 0x00, 0x47, 0x50,
  0x00, 0x0B, 0xFF, 0x60, 0x00, 0x00, 0x00, 0x00, 0x03, 0xFF, 0x90, 0x00, 0x00, 0x00, 0x00, 0x01,
  0xFF, 0xA0, 0x00, 0x00, 0x00, 0x00, 0x03, 0xFF, 0x90, 0x04, 0xAE, 0x30, 0x00, 0x0B, 0xFF, 0x40,
  0x07, 0xFF, 0xFA, 0x78, 0xDF, 0xFB, 0x00, 0x00, 0x7F, 0xFF, 0xFF, 0xFF, 0xC1, 0x00, 0x00, 0x02,
  0x9D, 0xFE, 0xC7, 0x00, 0x00, 0x00, 0x00, 0x39, 0xDF, 0xEB, 0x71, 0x00, 0x00, 0x06, 0xFF, 0xFF,
  0xFF, 0xFE, 0x20, 0x00, 0x5F, 0xFF, 0xA7, 0x7A, 0xE8, 0x00, 0x00, 0xDF, 0xE4, 0x00, 0x00, 0x00,
  0x00, 0x05, 0xFF, 0x70, 0x00, 0x00, 0x00, 0x00, 0x0A, 0xFF, 0x27, 0xDE, 0xDA, 0x30, 0x00, 0x0C,
  0xFE, 0xBF, 0xFF, 0xFF, 0xF5, 0x00, 0x0E, 0xFF, 0xFE, 0x87, 0xAF, 0xFF, 0x30, 0x0F, 0xFF, 0xD1,
  0x00, 0x07, 0xFF, 0x90, 0x0E, 0xFF, 0x70, 0x00, 0x00, 0xDF, 0xD0, 0x0D, 0xFF, 0x40, 0x00, 0x00,
  0xBF, 0xF0, 0x0A, 0xFF, 0x70, 0x00, 0x00, 0xDF, 0xD0, 0x05, 0xFF, 0xD1, 0x00, 0x07, 0xFF, 0xA0,
  0x00, 0xCF, 0xFE, 0x87, 0xAF, 0xFF, 0x30, 0x00, 0x2D, 0xFF, 0xFF, 0xFF, 0xE5, 0x00, 0x00, 0x01,
  0x7C, 0xEE, 0xD9, 0x20, 0x00, 0x0F, 0xFF, 0xFF, 0xFF, 0xFF, 0xFF, 0xF0, 0x0F, 0xFF, 0xFF, 0xFF,
  0xFF, 0xFF, 0xF0, 0x06, 0x66, 0x66, 0x66, 0x69, 0xFF, 0xB0, 0x00, 0x00, 0x00, 0x00, 0x0C, 0xFF,
  0x30, 0x00, 0x00, 0x00, 0x00, 0x5F, 0xFA, 0x00, 0x00, 0x00, 0x00, 0x00, 0xDF, 0xF2, 0x00, 0x00,
  0x00, 0x00, 0x07, 0xFF, 0x90, 0x00, 0x00, 0x00, 0x00, 0x1E, 0xFE, 0x20, 0x00, 0x00, 0x00, 0x00,
  0x8F, 0xF8, 0x00, 0x00, 0x00, 0x00, 0x02, 0xFF, 0xE1, 0x00, 0x00, 0x00, 0x00, 0x0A, 0xFF, 0x70,
  0x00, 0x00, 0x00, 0x00, 0x3F, 0xFD, 0x00, 0x00, 0x00, 0x00, 0x00, 0xBF, 0xF6, 0x00, 0x00, 0x00,
  0x00, 0x05, 0xFF, 0xC0, 0x00, 0x00, 0x00, 0x00, 0x0D, 0xFF, 0x50, 0x00, 0x00, 0x00, 0x00, 0x6F,
  0xFC, 0x00, 0x00, 0x00, 0x00, 0x00, 0x04, 0x9D, 0xEF, 0xDA, 0x50, 0x00, 0x00, 0x09, 0xFF, 0xFF,
  0xFF, 0xFF, 0xC1, 0x00, 0x05, 0xFF, 0xFB, 0x77, 0x9E, 0xFF, 0x90, 0x00, 0xAF, 0xF5, 0x00, 0x00,
  0x2E, 0xFE, 0x00, 0x09, 0xFF, 0x10, 0x00, 0x00, 0xCF, 0xE0, 0x00, 0x3F, 0xFC, 0x41, 0x13, 0x9F,
  0xF8, 0x00, 0x00, 0x5D, 0xFF, 0xFF, 0xFF, 0xF9, 0x00, 0x00, 0x02, 0xBF, 0xFF, 0xFF, 0xFF, 0x70,
  0x00, 0x01, 0xDF, 0xFC, 0x87, 0x9E, 0xFF, 0xA0, 0x00, 0x9F, 0xF6, 0x00, 0x00, 0x0A, 0xFF, 0x40,
  0x0D, 0xFC, 0x00, 0x00, 0x00, 0x1F, 0xF9, 0x00, 0xEF, 0xC0, 0x00, 0x00, 0x01, 0xFF, 0xA0, 0x0C,
  0xFF, 0x60, 0x00, 0x00, 0x9F, 0xF8, 0x00, 0x6F, 0xFF, 0xB7, 0x79, 0xDF, 0xFF, 0x20, 0x00, 0x8F,
  0xFF, 0xFF, 0xFF, 0xFE, 0x40, 0x00, 0x00, 0x39, 0xCE, 0xFE, 0xC7, 0x10, 0x00, 0x00, 0x03, 0x9D,
  0xEE, 0xC7, 0x10, 0x00, 0x00, 0x7F, 0xFF, 0xFF, 0xFF, 0xD2, 0x00, 0x04, 0xFF, 0xFA, 0x78, 0xDF,
  0xFC, 0x00, 0x0B, 0xFF, 0x40, 0x00, 0x1C, 0xFF, 0x50, 0x0E, 0xFC, 0x00, 0x00, 0x05, 0xFF, 0xA0,
  0x0E, 0xFC, 0x00, 0x00, 0x06, 0xFF, 0xD0, 0x0B, 0xFF, 0x40, 0x00, 0x1C, 0xFF, 0xE0, 0x04, 0xFF,
  0xFA, 0x78, 0xDF, 0xFF, 0xF0, 0x00, 0x7F, 0xFF, 0xFF, 0xFC, 0xDF, 0xE0, 0x00, 0x04, 0xAE, 0xFD,
  0x71, 0xEF, 0xC0, 0x00, 0x00, 0x00, 0x00, 0x03, 0xFF, 0xA0, 0x00, 0x00, 0x00, 0x00, 0x0A, 0xFF,
  0x50, 0x00, 0x12, 0x00, 0x00, 0x6F, 0xFD, 0x00, 0x00, 0xAF, 0xB8, 0x7B, 0xFF, 0xF5, 0x00, 0x03,
  0xEF, 0xFF, 0xFF, 0xFF, 0x70, 0x00, 0x00, 0x28, 0xCE, 0xFD, 0xA3, 0x00, 0x00, 0x00, 0x8E, 0x80,
  0x00, 0x0E, 0xFE, 0x00, 0x00, 0x8E, 0x80, 0x00, 0x00, 0x00, 0x00, 0x00, 0x00, 0x00, 0x00, 0x00,
  0x00, 0x00, 0x00, 0x00, 0x00, 0x00, 0x00, 0x00, 0x00, 0x00, 0x00, 0x00, 0x00, 0x08, 0xE8, 0x00,
  0x00, 0xEF, 0xE0, 0x00, 0x08, 0xE8, 0x00, 0x00, 0x8E, 0x80, 0x00, 0x0E, 0xFE, 0x00, 0x00, 0x8E,
  0x80, 0x00, 0x00, 0x00, 0x00, 0x00, 0x00, 0x00, 0x00, 0x00, 0x00, 0x00, 0x00, 0x00, 0x00, 0x00,
  0x00, 0x00, 0x00, 0x00, 0x00, 0x00, 0x00, 0x08, 0xFE, 0x00, 0x00, 0xCF, 0x90, 0x00, 0x1F, 0xF3,
  0x00, 0x05, 0xFC, 0x00, 0x00, 0x9F, 0x60, 0x00, 0x00, 0x00, 0x00, 0x00, 0x01, 0x86, 0x00, 0x00,
  0x00, 0x00, 0x00, 0x29, 0xFF, 0x80, 0x00, 0x00, 0x00, 0x04, 0xAF, 0xFF, 0xD4, 0x00, 0x00, 0x00,
  0x5C, 0xFF, 0xFC, 0x50, 0x00, 0x00, 0x00, 0x0F, 0xFF, 0xA4, 0x00, 0x00, 0x00, 0x00, 0x00, 0xFF,
  0xFA, 0x30, 0x00, 0x00, 0x00, 0x00, 0x06, 0xCF, 0xFF, 0xC5, 0x00, 0x00, 0x00, 0x00, 0x00, 0x4B,
  0xFF, 0xFD, 0x40, 0x00, 0x00, 0x00, 0x00, 0x03, 0x9F, 0xF8, 0x00, 0x00, 0x00, 0x00, 0x00, 0x00,
  0x18, 0x60, 0x00, 0x00, 0x00, 0x00, 0x00, 0x00, 0x00, 0x00, 0x00, 0x00, 0x00, 0x00, 0x00, 0x00,
  0x00, 0x00, 0x00, 0x0F, 0xFF, 0xFF, 0xFF, 0xFF, 0xF0, 0x00, 0x00, 0x0F, 0xFF, 0xFF, 0xFF, 0xFF,
  0xF0, 0x00, 0x00, 0x06, 0x66, 0x66, 0x66, 0x66, 0x60, 0x00, 0x00, 0x00, 0x00, 0x00, 0x00, 0x00,
  0x00, 0x00, 0x00, 0x06, 0x66, 0x66, 0x66, 0x66, 0x60, 0x00, 0x00, 0x0F, 0xFF, 0xFF, 0xFF, 0xFF,
  0xF0, 0x00, 0x00, 0x0F, 0xFF, 0xFF, 0xFF, 0xFF, 0xF0, 0x00, 0x00, 0x00, 0x00, 0x00, 0x00, 0x00,
  0x00, 0x00, 0x00, 0x00, 0x00, 0x00, 0x00, 0x00, 0x00, 0x00, 0x00, 0x00, 0x00, 0x00, 0x00, 0x00,
  0x00, 0x00, 0x00, 0x00, 0x00, 0x00, 0x00, 0x00, 0x00, 0x00, 0x00, 0x0B, 0x40, 0x00, 0x00, 0x00,
  0x00, 0x00, 0x00, 0xFF, 0xC6, 0x00, 0x00, 0x00, 0x00, 0x00, 0x0B, 0xFF, 0xFE, 0x71, 0x00, 0x00,
  0x00, 0x00, 0x02, 0x9E, 0xFF, 0xE9, 0x20, 0x00, 0x00, 0x00, 0x00, 0x17, 0xDF, 0xF8, 0x00, 0x00,
  0x00, 0x00, 0x01, 0x7D, 0xFF, 0x80, 0x00, 0x00, 0x00, 0x28, 0xEF, 0xFE, 0x92, 0x00, 0x00, 0x00,
  0xAF, 0xFF, 0xE7, 0x10, 0x00, 0x00, 0x00, 0x0F, 0xFC, 0x60, 0x00, 0x00, 0x00, 0x00, 0x00, 0xB4,
  0x00, 0x00, 0x00, 0x00, 0x00, 0x00, 0x00, 0x00, 0x00, 0x00, 0x00, 0x00, 0x00, 0x00, 0x00, 0x00,
  0x00, 0x00, 0x00, 0x00, 0x00, 0x17, 0xCE, 0xED, 0x92, 0x00, 0x00, 0x1C, 0xFF, 0xFF, 0xFF, 0xE5,
  0x00, 0x0A, 0xFF, 0xC7, 0x7B, 0xFF, 0xF2, 0x00, 0x47, 0x80, 0x00, 0x07, 0xFF, 0x80, 0x00, 0x00,
  0x00, 0x00, 0x1F, 0xFA, 0x00, 0x00, 0x00, 0x00, 0x03, 0xFF, 0x90, 0x00, 0x00, 0x00, 0x15, 0xDF,
  0xF3, 0x00, 0x00, 0x0B, 0xFF, 0xFF, 0xE5, 0x00, 0x00, 0x00, 0xBF, 0xFA, 0x61, 0x00, 0x00, 0x00,
  0x0B, 0xFF, 0x00, 0x00, 0x00, 0x00, 0x00, 0xBF, 0xF0, 0x00, 0x00, 0x00, 0x00, 0x00, 0x00, 0x00,
  0x00, 0x00, 0x00, 0x00, 0x00, 0x00, 0x00, 0x00, 0x00, 0x00, 0x08, 0xE8, 0x00, 0x00, 0x00, 0x00,
  0x00, 0xEF, 0xE0, 0x00, 0x00, 0x00, 0x00, 0x08, 0xE8, 0x00, 0x00, 0x00, 0x00, 0x00, 0x00, 0x01,
  0x6A, 0xDE, 0xFE, 0xC9, 0x50, 0x00, 0x00, 0x00, 0x00, 0x00, 0x01, 0x9E, 0xFF, 0xFF, 0xFF, 0xFF,
  0xFD, 0x50, 0x00, 0x00, 0x00, 0x00, 0x4E, 0xFF, 0xFD, 0x98, 0x78, 0xAE, 0xFF, 0xF9, 0x00, 0x00,
  0x00, 0x04, 0xFF, 0xFB, 0x30, 0x00, 0x00, 0x01, 0x7E, 0xFF, 0x90, 0x00, 0x00, 0x2E, 0xFF, 0x70,
  0x3A, 0xEE, 0xC5, 0x0B, 0xBB, 0xEF, 0xF6, 0x00, 0x00, 0xBF, 0xF7, 0x06, 0xFF, 0xFF, 0xFF, 0x9F,
  0xFB, 0x3F, 0xFD, 0x10, 0x03, 0xFF, 0xC0, 0x2F, 0xFF, 0xC7, 0x8D, 0xFF, 0xFB, 0x09, 0xFF, 0x50,
  0x08, 0xFF, 0x40, 0x9F, 0xF9, 0x00, 0x01, 0xCF, 0xFB, 0x03, 0xFF, 0xA0, 0x0C, 0xFE, 0x00, 0xDF,
  0xE1, 0x00, 0x00, 0x4F, 0xFB, 0x00, 0xEF, 0xD0, 0x0E, 0xFC, 0x00, 0xEF, 0xC0, 0x00, 0x00, 0x0F,
  0xFB, 0x00, 0xCF, 0xE0, 0x0F, 0xFB, 0x00, 0xEF, 0xC0, 0x00, 0x00, 0x0F, 0xFB, 0x00, 0xBF, 0xE0,
  0x0E, 0xFC, 0x00, 0xDF, 0xE1, 0x00, 0x00, 0x4F, 0xFB, 0x00, 0xDF, 0xD0, 0x0C, 0xFE, 0x00, 0x8F,
  0xF9, 0x00, 0x01, 0xCF, 0xFB, 0x01, 0xFF, 0x90, 0x08, 0xFF, 0x50, 0x2E, 0xFF, 0xC7, 0x8D, 0xFE,
  0xFC, 0x08, 0xFF, 0x30, 0x03, 0xFF, 0xC0, 0x05, 0xFF, 0xFF, 0xFF, 0x88, 0xFF, 0xEF, 0xF7, 0x00,
  0x00, 0xAF, 0xF8, 0x00, 0x3A, 0xEE, 0xC5, 0x00, 0x9E, 0xEC, 0x50, 0x00, 0x00, 0x2E, 0xFF, 0x80,
  0x00, 0x00, 0x00, 0x00, 0x00, 0x00, 0x00, 0x00, 0x00, 0x04, 0xFF, 0xFC, 0x50, 0x00, 0x00, 0x00,
  0x20, 0x00, 0x00, 0x00, 0x00, 0x00, 0x4D, 0xFF, 0xFE, 0xA8, 0x78, 0xAE, 0xD1, 0x00, 0x00, 0x00,
  0x00, 0x00, 0x01, 0x8E, 0xFF, 0xFF, 0xFF, 0xFF, 0xF5, 0x00, 0x00, 0x00, 0x00, 0x00, 0x00, 0x01,
  0x59, 0xCE, 0xFE, 0xB7, 0x10, 0x00, 0x00, 0x00, 0x00, 0x00, 0x00, 0x5F, 0xFF, 0x10, 0x00, 0x00,
  0x00, 0x00, 0x00, 0x0B, 0xFF, 0xF7, 0x00, 0x00, 0x00, 0x00, 0x00, 0x02, 0xFF, 0xFF, 0xD0, 0x00,
  0x00, 0x00, 0x00, 0x00, 0x8F, 0xFC, 0xFF, 0x50, 0x00, 0x00, 0x00, 0x00, 0x1E, 0xFD, 0x2F, 0xFB,
  0x00, 0x00, 0x00, 0x00, 0x06, 0xFF, 0x70, 0xAF, 0xF3, 0x00, 0x00, 0x00, 0x00, 0xCF, 0xE1, 0x04,
  0xFF, 0x90, 0x00, 0x00, 0x00, 0x3F, 0xF9, 0x00, 0x0C, 0xFE, 0x10, 0x00, 0x00, 0x0A, 0xFF, 0x30,
  0x00, 0x6F, 0xF6, 0x00, 0x00, 0x01, 0xFF, 0xE6, 0x66, 0x67, 0xFF, 0xD0, 0x00, 0x00, 0x7F, 0xFF,
  0xFF, 0xFF, 0xFF, 0xFF, 0x40, 0x00, 0x0D, 0xFF, 0xFF, 0xFF, 0xFF, 0xFF, 0xFA, 0x00, 0x05, 0xFF,
  0x90, 0x00, 0x00, 0x00, 0xCF, 0xF2, 0x00, 0xBF, 0xF3, 0x00, 0x00, 0x00, 0x06, 0xFF, 0x80, 0x2F,
  0xFC, 0x00, 0x00, 0x00, 0x00, 0x1E, 0xFE, 0x09, 0xFF, 0x60, 0x00, 0x00, 0x00, 0x00, 0x9F, 0xF6,
  0x00, 0xFF, 0xFF, 0xFF, 0xEB, 0x60, 0x00, 0x00, 0x0F, 0xFF, 0xFF, 0xFF, 0xFF, 0xC1, 0x00, 0x00,
  0xFF, 0xD6, 0x67, 0x9E, 0xFF, 0x80, 0x00, 0x0F, 0xFB, 0x00, 0x00, 0x2E, 0xFD, 0x00, 0x00, 0xFF,
  0xB0, 0x00, 0x00, 0xCF, 0xF0, 0x00, 0x0F, 0xFB, 0x00, 0x00, 0x1E, 0xFD, 0x00, 0x00, 0xFF, 0xD6,
  0x66, 0x8D, 0xFF, 0x60, 0x00, 0x0F, 0xFF, 0xFF, 0xFF, 0xFF, 0x90, 0x00, 0x00, 0xFF, 0xFF, 0xFF,
  0xFF, 0xFF, 0x70, 0x00, 0x0F, 0xFB, 0x00, 0x01, 0x5D, 0xFF, 0x30, 0x00, 0xFF, 0xB0, 0x00, 0x00,
  0x4F, 0xF9, 0x00, 0x0F, 0xFB, 0x00, 0x00, 0x01, 0xFF, 0xA0, 0x00, 0xFF, 0xB0, 0x00, 0x00, 0x6F,
  0xF9, 0x00, 0x0F, 0xFD, 0x66, 0x67, 0xAF, 0xFF, 0x40, 0x00, 0xFF, 0xFF, 0xFF, 0xFF, 0xFF, 0x80,
  0x00, 0x0F, 0xFF, 0xFF, 0xFF, 0xDA, 0x40, 0x00, 0x00, 0x00, 0x03, 0x9D, 0xEF, 0xDA, 0x50, 0x00,
  0x00, 0x00, 0x19, 0xFF, 0xFF, 0xFF, 0xFF, 0xD3, 0x00, 0x00, 0x1C, 0xFF, 0xFA, 0x87, 0x9E, 0xFF,
  0xF4, 0x00, 0x0A, 0xFF, 0xC2, 0x00, 0x00, 0x08, 0xFF, 0xE2, 0x04, 0xFF, 0xD1, 0x00, 0x00, 0x00,
  0x08, 0xFA, 0x30, 0x9F, 0xF4, 0x00, 0x00, 0x00, 0x00, 0x01, 0x00, 0x0D, 0xFE, 0x00, 0x00, 0x00,
  0x00, 0x00, 0x00, 0x00, 0xFF, 0xC0, 0x00, 0x00, 0x00, 0x00, 0x00, 0x00, 0x0F, 0xFC, 0x00, 0x00,
  0x00, 0x00, 0x00, 0x00, 0x00, 0xDF, 0xE0, 0x00, 0x00, 0x00, 0x00, 0x00, 0x00, 0x0A, 0xFF, 0x40,
  0x00, 0x00, 0x00, 0x00, 0x40, 0x00, 0x4F, 0xFD, 0x10, 0x00, 0x00, 0x00, 0x8F, 0xD4, 0x00, 0xAF,
  0xFC, 0x20, 0x00, 0x00, 0x8F, 0xFE, 0x10, 0x01, 0xCF, 0xFF, 0xB8, 0x79, 0xEF, 0xFF, 0x40, 0x00,
  0x01, 0x9F, 0xFF, 0xFF, 0xFF, 0xFD, 0x30, 0x00, 0x00, 0x00, 0x39, 0xDE, 0xFD, 0xA5, 0x00, 0x00,
  0x00, 0xFF, 0xFF, 0xFF, 0xEB, 0x71, 0x00, 0x00, 0x00, 0x0F, 0xFF, 0xFF, 0xFF, 0xFF, 0xE5, 0x00,
  0x00, 0x00, 0xFF, 0xD6, 0x67, 0x9D, 0xFF, 0xF8, 0x00, 0x00, 0x0F, 0xFB, 0x00, 0x00, 0x06, 0xEF,
  0xF5, 0x00, 0x00, 0xFF, 0xB0, 0x00, 0x00, 0x04, 0xFF, 0xE1, 0x00, 0x0F, 0xFB, 0x00, 0x00, 0x00,
  0x09, 0xFF, 0x50, 0x00, 0xFF, 0xB0, 0x00, 0x00, 0x00, 0x3F, 0xF9, 0x00, 0x0F, 0xFB, 0x00, 0x00,
  0x00, 0x01, 0xFF, 0xA0, 0x00, 0xFF, 0xB0, 0x00, 0x00, 0x00, 0x1F, 0xFA, 0x00, 0x0F, 0xFB, 0x00,
  0x00, 0x00, 0x03, 0xFF, 0x90, 0x00, 0xFF, 0xB0, 0x00, 0x00, 0x00, 0x9F, 0xF5, 0x00, 0x0F, 0xFB,
  0x00, 0x00, 0x00, 0x4F, 0xFE, 0x10, 0x00, 0xFF, 0xB0, 0x00, 0x00, 0x6E, 0xFF, 0x50, 0x00, 0x0F,
  0xFD, 0x66, 0x78, 0xDF, 0xFF, 0x80, 0x00, 0x00, 0xFF, 0xFF, 0xFF, 0xFF, 0xFE, 0x50, 0x00, 0x00,
  0x0F, 0xFF, 0xFF, 0xFE, 0xB7, 0x10, 0x00, 0x00, 0x00, 0xFF, 0xFF, 0xFF, 0xFF, 0xFF, 0x80, 0x00,
  0xFF, 0xFF, 0xFF, 0xFF, 0xFF, 0x80, 0x00, 0xFF, 0xD6, 0x66, 0x66, 0x66, 0x30, 0x00, 0xFF, 0xB0,
  0x00, 0x00, 0x00, 0x00, 0x00, 0xFF, 0xB0, 0x00, 0x00, 0x00, 0x00, 0x00, 0xFF, 0xB0, 0x00, 0x00,
  0x00, 0x00, 0x00, 0xFF, 0xD6, 0x66, 0x66, 0x63, 0x00, 0x00, 0xFF, 0xFF, 0xFF, 0xFF, 0xF8, 0x00,
  0x00, 0xFF, 0xFF, 0xFF, 0xFF, 0xF8, 0x00, 0x00, 0xFF, 0xB0, 0x00, 0x00, 0x00, 0x00, 0x00, 0xFF,
  0xB0, 0x00, 0x00, 0x00, 0x00, 0x00, 0xFF, 0xB0, 0x00, 0x00, 0x00, 0x00, 0x00, 0xFF, 0xB0, 0x00,
  0x00, 0x00, 0x00, 0x00, 0xFF, 0xD6, 0x66, 0x66, 0x66, 0x30, 0x00, 0xFF, 0xFF, 0xFF, 0xFF, 0xFF,
  0x80, 0x00, 0xFF, 0xFF, 0xFF, 0xFF, 0xFF, 0x80, 0x00, 0xFF, 0xFF, 0xFF, 0xFF, 0xFF, 0x80, 0x0F,
  0xFF, 0xFF, 0xFF, 0xFF, 0xF8, 0x00, 0xFF, 0xD6, 0x66, 0x66, 0x66, 0x30, 0x0F, 0xFB, 0x00, 0x00,
  0x00, 0x00, 0x00, 0xFF, 0xB0, 0x00, 0x00, 0x00, 0x00, 0x0F, 0xFB, 0x00, 0x00, 0x00, 0x00, 0x00,
  0xFF, 0xD6, 0x66, 0x66, 0x63, 0x00, 0x0F, 0xFF, 0xFF, 0xFF, 0xFF, 0x80, 0x00, 0xFF, 0xFF, 0xFF,
  0xFF, 0xF8, 0x00, 0x0F, 0xFB, 0x00, 0x00, 0x00, 0x00, 0x00, 0xFF, 0xB0, 0x00, 0x00, 0x00, 0x00,
  0x0F, 0xFB, 0x00, 0x00, 0x00, 0x00, 0x00, 0xFF, 0xB0, 0x00, 0x00, 0x00, 0x00, 0x0F, 0xFB, 0x00,
  0x00, 0x00, 0x00, 0x00, 0xFF, 0xB0, 0x00, 0x00, 0x00, 0x00, 0x0F, 0xFB, 0x00, 0x00, 0x00, 0x00,
  0x00, 0x00, 0x02, 0x8C, 0xEF, 0xEB, 0x71, 0x00, 0x00, 0x00, 0x00, 0x8F, 0xFF, 0xFF, 0xFF, 0xFE,
  0x70, 0x00, 0x00, 0x0B, 0xFF, 0xFB, 0x87, 0x8C, 0xFF, 0xF9, 0x00, 0x00, 0x9F, 0xFD, 0x30, 0x00,
  0x00, 0x4D, 0xE8, 0x00, 0x03, 0xFF, 0xD1, 0x00, 0x00, 0x00, 0x01, 0x10, 0x00, 0x09, 0xFF, 0x50,
  0x00, 0x00, 0x00, 0x00, 0x00, 0x00, 0x0D, 0xFE, 0x00, 0x00, 0x00, 0x00, 0x00, 0x00, 0x00, 0x0F,
  0xFC, 0x00, 0x00, 0x00, 0x9F, 0xFF, 0xFF, 0xF0, 0x0F, 0xFC, 0x00, 0x00, 0x00, 0x9F, 0xFF, 0xFF,
  0xF0, 0x0D, 0xFE, 0x00, 0x00, 0x00, 0x46, 0x66, 0xDF, 0xE0, 0x09, 0xFF, 0x40, 0x00, 0x00, 0x00,
  0x00, 0xDF, 0xC0, 0x04, 0xFF, 0xD1, 0x00, 0x00, 0x00, 0x05, 0xFF, 0x80, 0x00, 0x9F, 0xFD, 0x30,
  0x00, 0x00, 0x4E, 0xFF, 0x20, 0x00, 0x0B, 0xFF, 0xFC, 0x87, 0x8C, 0xFF, 0xF6, 0x00, 0x00, 0x00,
  0x8F, 0xFF, 0xFF, 0xFF, 0xFE, 0x60, 0x00, 0x00, 0x00, 0x02, 0x8C, 0xEF, 0xEC, 0x72, 0x00, 0x00,
  0x00, 0xFF, 0xB0, 0x00, 0x00, 0x00, 0x0B, 0xFF, 0x00, 0x00, 0xFF, 0xB0, 0x00, 0x00, 0x00, 0x0B,
  0xFF, 0x00, 0x00, 0xFF, 0xB0, 0x00, 0x00, 0x00, 0x0B, 0xFF, 0x00, 0x00, 0xFF, 0xB0, 0x00, 0x00,
  0x00, 0x0B, 0xFF, 0x00, 0x00, 0xFF, 0xB0, 0x00, 0x00, 0x00, 0x0B, 0xFF, 0x00, 0x00, 0xFF, 0xB0,
  0x00, 0x00, 0x00, 0x0B, 0xFF, 0x00, 0x00, 0xFF, 0xD6, 0x66, 0x66, 0x66, 0x6D, 0xFF, 0x00, 0x00,
  0xFF, 0xFF, 0xFF, 0xFF, 0xFF, 0xFF, 0xFF, 0x00, 0x00, 0xFF, 0xFF, 0xFF, 0xFF, 0xFF, 0xFF, 0xFF,
  0x00, 0x00, 0xFF, 0xB0, 0x00, 0x00, 0x00, 0x0B, 0xFF, 0x00, 0x00, 0xFF, 0xB0, 0x00, 0x00, 0x00,
  0x0B, 0xFF, 0x00, 0x00, 0xFF, 0xB0, 0x00, 0x00, 0x00, 0x0B, 0xFF, 0x00, 0x00, 0xFF, 0xB0, 0x00,
  0x00, 0x00, 0x0B, 0xFF, 0x00, 0x00, 0xFF, 0xB0, 0x00, 0x00, 0x00, 0x0B, 0xFF, 0x00, 0x00, 0xFF,
  0xB0, 0x00, 0x00, 0x00, 0x0B, 0xFF, 0x00, 0x00, 0xFF, 0xB0, 0x00, 0x00, 0x00, 0x0B, 0xFF, 0x00,
  0x00, 0xFF, 0xB0, 0x00, 0x0F, 0xFB, 0x00, 0x00, 0xFF, 0xB0, 0x00, 0x0F, 0xFB, 0x00, 0x00, 0xFF,
  0xB0, 0x00, 0x0F, 0xFB, 0x00, 0x00, 0xFF, 0xB0, 0x00, 0x0F, 0xFB, 0x00, 0x00, 0xFF, 0xB0, 0x00,
  0x0F, 0xFB, 0x00, 0x00, 0xFF, 0xB0, 0x00, 0x0F, 0xFB, 0x00, 0x00, 0xFF, 0xB0, 0x00, 0x0F, 0xFB,
  0x00, 0x00, 0xFF, 0xB0, 0x00, 0x0F, 0xFB, 0x00, 0x00, 0x00, 0x00, 0x00, 0x0F, 0xFB, 0x00, 0x00,
  0x00, 0x00, 0x00, 0xFF, 0xB0, 0x00, 0x00, 0x00, 0x00, 0x0F, 0xFB, 0x00, 0x00, 0x00, 0x00, 0x00,
  0xFF, 0xB0, 0x00, 0x00, 0x00, 0x00, 0x0F, 0xFB, 0x00, 0x00, 0x00, 0x00, 0x00, 0xFF, 0xB0, 0x00,
  0x00, 0x00, 0x00, 0x0F, 0xFB, 0x00, 0x00, 0x00, 0x00, 0x00, 0xFF, 0xB0, 0x00, 0x00, 0x00, 0x00,
  0x0F, 0xFB, 0x00, 0x00, 0x00, 0x00, 0x00, 0xFF, 0xB0, 0x00, 0x00, 0x00, 0x00, 0x1F, 0xFB, 0x00,
  0x03, 0x10, 0x00, 0x03, 0xFF, 0xA0, 0x1C, 0xFA, 0x00, 0x00, 0xBF, 0xF7, 0x00, 0xAF, 0xFC, 0x78,
  0xDF, 0xFE, 0x10, 0x01, 0xCF, 0xFF, 0xFF, 0xFE, 0x30, 0x00, 0x00, 0x7D, 0xFE, 0xC8, 0x10, 0x00,
  0x00, 0xFF, 0xB0, 0x00, 0x00, 0x3E, 0xFF, 0x70, 0x00, 0xFF, 0xB0, 0x00, 0x02, 0xEF, 0xF7, 0x00,
  0x00, 0xFF, 0xB0, 0x00, 0x2E, 0xFF, 0x70, 0x00, 0x00, 0xFF, 0xB0, 0x02, 0xEF, 0xF8, 0x00, 0x00,
  0x00, 0xFF, 0xB0, 0x2E, 0xFF, 0x80, 0x00, 0x00, 0x00, 0xFF, 0xB2, 0xDF, 0xF8, 0x00, 0x00, 0x00,
  0x00, 0xFF, 0xCD, 0xFF, 0x80, 0x00, 0x00, 0x00, 0x00, 0xFF, 0xFF, 0xFF, 0x20, 0x00, 0x00, 0x00,
  0x00, 0xFF, 0xFF, 0xFF, 0xD1, 0x00, 0x00, 0x00, 0x00, 0xFF, 0xF9, 0x9F, 0xFB, 0x00, 0x00, 0x00,
  0x00, 0xFF, 0xC0, 0x0B, 0xFF, 0x90, 0x00, 0x00, 0x00, 0xFF, 0xB0, 0x01, 0xDF, 0xF7, 0x00, 0x00,
  0x00, 0xFF, 0xB0, 0x00, 0x2E, 0xFF, 0x50, 0x00, 0x00, 0xFF, 0xB0, 0x00, 0x04, 0xFF, 0xE3, 0x00,
  0x00, 0xFF, 0xB0, 0x00, 0x00, 0x6F, 0xFD, 0x20, 0x00, 0xFF, 0xB0, 0x00, 0x00, 0x09, 0xFF, 0xC1,
  0x00, 0xFF, 0xB0, 0x00, 0x00, 0x00, 0x00, 0x0F, 0xFB, 0x00, 0x00, 0x00, 0x00, 0x00, 0xFF, 0xB0,
  0x00, 0x00, 0x00, 0x00, 0x0F, 0xFB, 0x00, 0x00, 0x00, 0x00, 0x00, 0xFF, 0xB0, 0x00, 0x00, 0x00,
  0x00, 0x0F, 0xFB, 0x00, 0x00, 0x00, 0x00, 0x00, 0xFF, 0xB0, 0x00, 0x00, 0x00, 0x00, 0x0F, 0xFB,
  0x00, 0x00, 0x00, 0x00, 0x00, 0xFF, 0xB0, 0x00, 0x00, 0x00, 0x00, 0x0F, 0xFB, 0x00, 0x00, 0x00,
  0x00, 0x00, 0xFF, 0xB0, 0x00, 0x00, 0x00, 0x00, 0x0F, 0xFB, 0x00, 0x00, 0x00, 0x00, 0x00, 0xFF,
  0xB0, 0x00, 0x00, 0x00, 0x00, 0x0F, 0xFD, 0x77, 0x77, 0x77, 0x74, 0x00, 0xFF, 0xFF, 0xFF, 0xFF,
  0xFF, 0x80, 0x0F, 0xFF, 0xFF, 0xFF, 0xFF, 0xF8, 0x00, 0xFF, 0xF4, 0x00, 0x00, 0x00, 0x00, 0x09,
  0xFF, 0xB0, 0x00, 0x0F, 0xFF, 0xE2, 0x00, 0x00, 0x00, 0x05, 0xFF, 0xFB, 0x00, 0x00, 0xFF, 0xFF,
  0xB0, 0x00, 0x00, 0x02, 0xEF, 0xFF, 0xB0, 0x00, 0x0F, 0xFF, 0xFF, 0x70, 0x00, 0x00, 0xBF, 0xFF,
  0xFB, 0x00, 0x00, 0xFF, 0xDE, 0xFF, 0x40, 0x00, 0x8F, 0xFB, 0xFF, 0xB0, 0x00, 0x0F, 0xFB, 0x5F,
  0xFD, 0x10, 0x4F, 0xFE, 0x2F, 0xFB, 0x00, 0x00, 0xFF, 0xB0, 0x9F, 0xFB, 0x1D, 0xFF, 0x50, 0xFF,
  0xB0, 0x00, 0x0F, 0xFB, 0x01, 0xDF, 0xFD, 0xFF, 0x90, 0x0F, 0xFB, 0x00, 0x00, 0xFF, 0xB0, 0x03,
  0xFF, 0xFF, 0xC0, 0x00, 0xFF, 0xB0, 0x00, 0x0F, 0xFB, 0x00, 0x06, 0xFF, 0xE2, 0x00, 0x0F, 0xFB,
  0x00, 0x00, 0xFF, 0xB0, 0x00, 0x0A, 0xF5, 0x00, 0x00, 0xFF, 0xB0, 0x00, 0x0F, 0xFB, 0x00, 0x00,
  0x18, 0x00, 0x00, 0x0F, 0xFB, 0x00, 0x00, 0xFF, 0xB0, 0x00, 0x00, 0x00, 0x00, 0x00, 0xFF, 0xB0,
  0x00, 0x0F, 0xFB, 0x00, 0x00, 0x00, 0x00, 0x00, 0x0F, 0xFB, 0x00, 0x00, 0xFF, 0xB0, 0x00, 0x00,
  0x00, 0x00, 0x00, 0xFF, 0xB0, 0x00, 0x0F, 0xFB, 0x00, 0x00, 0x00, 0x00, 0x00, 0x0F, 0xFB, 0x00,
  0x00, 0xFF, 0xF3, 0x00, 0x00, 0x00, 0x00, 0xFF, 0xB0, 0x00, 0x0F, 0xFF, 0xE1, 0x00, 0x00, 0x00,
  0x0F, 0xFB, 0x00, 0x00, 0xFF, 0xFF, 0xC0, 0x00, 0x00, 0x00, 0xFF, 0xB0, 0x00, 0x0F, 0xFF, 0xFF,
  0x90, 0x00, 0x00, 0x0F, 0xFB, 0x00, 0x00, 0xFF, 0xDE, 0xFF, 0x60, 0x00, 0x00, 0xFF, 0xB0, 0x00,
  0x0F, 0xFB, 0x5F, 0xFF, 0x30, 0x00, 0x0F, 0xFB, 0x00, 0x00, 0xFF, 0xB0, 0x8F, 0xFD, 0x10, 0x00,
  0xFF, 0xB0, 0x00, 0x0F, 0xFB, 0x00, 0xBF, 0xFB, 0x00, 0x0F, 0xFB, 0x00, 0x00, 0xFF, 0xB0, 0x01,
  0xDF, 0xF8, 0x00, 0xFF, 0xB0, 0x00, 0x0F, 0xFB, 0x00, 0x03, 0xEF, 0xF5, 0x0F, 0xFB, 0x00, 0x00,
  0xFF, 0xB0, 0x00, 0x05, 0xFF, 0xE3, 0xFF, 0xB0, 0x00, 0x0F, 0xFB, 0x00, 0x00, 0x09, 0xFF, 0xDF,
  0xFB, 0x00, 0x00, 0xFF, 0xB0, 0x00, 0x00, 0x0B, 0xFF, 0xFF, 0xB0, 0x00, 0x0F, 0xFB, 0x00, 0x00,
  0x00, 0x1D, 0xFF, 0xFB, 0x00, 0x00, 0xFF, 0xB0, 0x00, 0x00, 0x00, 0x3F, 0xFF, 0xB0, 0x00, 0x0F,
  0xFB, 0x00, 0x00, 0x00, 0x00, 0x6F, 0xFB, 0x00, 0x00, 0x00, 0x03, 0x9C, 0xEF, 0xEB, 0x71, 0x00,
  0x00, 0x00, 0x00, 0x09, 0xFF, 0xFF, 0xFF, 0xFF, 0xE6, 0x00, 0x00, 0x00, 0x0C, 0xFF, 0xFB, 0x87,
  0x8C, 0xFF, 0xF8, 0x00, 0x00, 0x09, 0xFF, 0xC2, 0x00, 0x00, 0x05, 0xEF, 0xF5, 0x00, 0x04, 0xFF,
  0xD1, 0x00, 0x00, 0x00, 0x03, 0xFF, 0xE1, 0x00, 0x9F, 0xF4, 0x00, 0x00, 0x00, 0x00, 0x09, 0xFF,
  0x50, 0x0D, 0xFE, 0x00, 0x00, 0x00, 0x00, 0x00, 0x3F, 0xF9, 0x00, 0xFF, 0xC0, 0x00, 0x00, 0x00,
  0x00, 0x01, 0xFF, 0xA0, 0x0F, 0xFC, 0x00, 0x00, 0x00, 0x00, 0x00, 0x1F, 0xFA, 0x00, 0xDF, 0xE0,
  0x00, 0x00, 0x00, 0x00, 0x03, 0xFF, 0x90, 0x09, 0xFF, 0x40, 0x00, 0x00, 0x00, 0x00, 0x9F, 0xF5,
  0x00, 0x4F, 0xFD, 0x10, 0x00, 0x00, 0x00, 0x3F, 0xFE, 0x10, 0x00, 0xAF, 0xFC, 0x30, 0x00, 0x00,
  0x4E, 0xFF, 0x60, 0x00, 0x01, 0xCF, 0xFF, 0xB8, 0x78, 0xCF, 0xFF, 0x90, 0x00, 0x00, 0x00, 0x9F,
  0xFF, 0xFF, 0xFF, 0xFF, 0x60, 0x00, 0x00, 0x00, 0x00, 0x39, 0xCE, 0xFE, 0xC8, 0x20, 0x00, 0x00,
  0x00, 0xFF, 0xFF, 0xFF, 0xEC, 0x71, 0x00, 0x00, 0xFF, 0xFF, 0xFF, 0xFF, 0xFD, 0x30, 0x00, 0xFF,
  0xD6, 0x66, 0x8D, 0xFF, 0xD1, 0x00, 0xFF, 0xB0, 0x00, 0x00, 0xAF, 0xF6, 0x00, 0xFF, 0xB0, 0x00,
  0x00, 0x2F, 0xF9, 0x00, 0xFF, 0xB0, 0x00, 0x00, 0x1F, 0xFA, 0x00, 0xFF, 0xB0, 0x00, 0x00, 0x5F,
  0xF8, 0x00, 0xFF, 0xB0, 0x00, 0x15, 0xEF, 0xF3, 0x00, 0xFF, 0xFF, 0xFF, 0xFF, 0xFF, 0x80, 0x00,
  0xFF, 0xFF, 0xFF, 0xFF, 0xE7, 0x00, 0x00, 0xFF, 0xD6, 0x66, 0x64, 0x00, 0x00, 0x00, 0xFF, 0xB0,
  0x00, 0x00, 0x00, 0x00, 0x00, 0xFF, 0xB0, 0x00, 0x00, 0x00, 0x00, 0x00, 0xFF, 0xB0, 0x00, 0x00,
  0x00, 0x00, 0x00, 0xFF, 0xB0, 0x00, 0x00, 0x00, 0x00, 0x00, 0xFF, 0xB0, 0x00, 0x00, 0x00, 0x00,
  0x00, 0x00, 0x02, 0x8C, 0xEF, 0xEB, 0x71, 0x00, 0x00, 0x00, 0x00, 0x19, 0xFF, 0xFF, 0xFF, 0xFF,
  0xE6, 0x00, 0x00, 0x00, 0x1C, 0xFF, 0xFB, 0x87, 0x8C, 0xFF, 0xF9, 0x00, 0x00, 0x0A, 0xFF, 0xC2,
  0x00, 0x00, 0x05, 0xEF, 0xF6, 0x00, 0x03, 0xFF, 0xD1, 0x00, 0x00, 0x00, 0x03, 0xFF, 0xE1, 0x00,
  0x9F, 0xF4, 0x00, 0x00, 0x00, 0x00, 0x08, 0xFF, 0x50, 0x0D, 0xFE, 0x00, 0x00, 0x00, 0x00, 0x00,
  0x3F, 0xF9, 0x00, 0xEF, 0xC0, 0x00, 0x00, 0x00, 0x00, 0x01, 0xFF, 0xA0, 0x0F, 0xFC, 0x00, 0x00,
  0x00, 0x00, 0x00, 0x1F, 0xFA, 0x00, 0xDF, 0xE0, 0x00, 0x00, 0x00, 0x61, 0x03, 0xFF, 0x90, 0x09,
  0xFF, 0x40, 0x00, 0x00, 0xAF, 0xC1, 0x8F, 0xF5, 0x00, 0x4F, 0xFD, 0x10, 0x00, 0x07, 0xFF, 0xDF,
  0xFE, 0x10, 0x00, 0xAF, 0xFC, 0x30, 0x00, 0x06, 0xFF, 0xFF, 0x60, 0x00, 0x01, 0xCF, 0xFF, 0xB8,
  0x79, 0xDF, 0xFF, 0xF3, 0x00, 0x00, 0x00, 0x9F, 0xFF, 0xFF, 0xFF, 0xFE, 0xFF, 0xE3, 0x00, 0x00,
  0x00, 0x38, 0xCE, 0xFE, 0xC7, 0x14, 0xFE, 0x30, 0x00, 0x00, 0x00, 0x00, 0x00, 0x00, 0x00, 0x05,
  0x30, 0x00, 0x00, 0xFF, 0xFF, 0xFF, 0xEC, 0x81, 0x00, 0x00, 0x0F, 0xFF, 0xFF, 0xFF, 0xFF, 0xE3,
  0x00, 0x00, 0xFF, 0xD6, 0x66, 0x8C, 0xFF, 0xE1, 0x00, 0x0F, 0xFB, 0x00, 0x00, 0x09, 0xFF, 0x70,
  0x00, 0xFF, 0xB0, 0x00, 0x00, 0x2F, 0xFA, 0x00, 0x0F, 0xFB, 0x00, 0x00, 0x01, 0xFF, 0xA0, 0x00,
  0xFF, 0xB0, 0x00, 0x00, 0x9F, 0xF6, 0x00, 0x0F, 0xFD, 0x66, 0x67, 0xCF, 0xFD, 0x10, 0x00, 0xFF,
  0xFF, 0xFF, 0xFF, 0xFD, 0x20, 0x00, 0x0F, 0xFF, 0xFF, 0xFF, 0xFC, 0x10, 0x00, 0x00, 0xFF, 0xB0,
  0x01, 0xEF, 0xF2, 0x00, 0x00, 0x0F, 0xFB, 0x00, 0x06, 0xFF, 0xB0, 0x00, 0x00, 0xFF, 0xB0, 0x00,
  0x0B, 0xFF, 0x50, 0x00, 0x0F, 0xFB, 0x00, 0x00, 0x3F, 0xFD, 0x10, 0x00, 0xFF, 0xB0, 0x00, 0x00,
  0x8F, 0xF8, 0x00, 0x0F, 0xFB, 0x00, 0x00, 0x01, 0xDF, 0xF2, 0x00, 0x00, 0x5B, 0xDF, 0xED, 0x92,
  0x00, 0x00, 0x01, 0xBF, 0xFF, 0xFF, 0xFF, 0xF7, 0x00, 0x00, 0x8F, 0xFE, 0x97, 0x8B, 0xFF, 0xF5,
  0x00, 0x0D, 0xFF, 0x30, 0x00, 0x04, 0xFF, 0xA0, 0x00, 0xFF, 0xC0, 0x00, 0x00, 0x03, 0x10, 0x00,
  0x0D, 0xFE, 0x10, 0x00, 0x00, 0x00, 0x00, 0x00, 0x6F, 0xFE, 0x73, 0x00, 0x00, 0x00, 0x00, 0x00,
  0x6E, 0xFF, 0xFF, 0xC7, 0x10, 0x00, 0x00, 0x00, 0x16, 0xBE, 0xFF, 0xFE, 0x50, 0x00, 0x00, 0x00,
  0x00, 0x03, 0x8E, 0xFF, 0x40, 0x00, 0x00, 0x00, 0x00, 0x00, 0x2E, 0xFC, 0x00, 0x00, 0x41, 0x00,
  0x00, 0x00, 0xCF, 0xF0, 0x05, 0xEF, 0xB1, 0x00, 0x00, 0x3F, 0xFD, 0x00, 0x1D, 0xFF, 0xE9, 0x77,
  0xAF, 0xFF, 0x70, 0x00, 0x2C, 0xFF, 0xFF, 0xFF, 0xFF, 0xA0, 0x00, 0x00, 0x04, 0xAD, 0xFE, 0xDA,
  0x40, 0x00, 0x0F, 0xFF, 0xFF, 0xFF, 0xFF, 0xFF, 0xFF, 0x00, 0xFF, 0xFF, 0xFF, 0xFF, 0xFF, 0xFF,
  0xF0, 0x06, 0x66, 0x66, 0xDF, 0xF6, 0x66, 0x66, 0x00, 0x00, 0x00, 0x0B, 0xFF, 0x00, 0x00, 0x00,
  0x00, 0x00, 0x00, 0xBF, 0xF0, 0x00, 0x00, 0x00, 0x00, 0x00, 0x0B, 0xFF, 0x00, 0x00, 0x00, 0x00,
  0x00, 0x00, 0xBF, 0xF0, 0x00, 0x00, 0x00, 0x00, 0x00, 0x0B, 0xFF, 0x00, 0x00, 0x00, 0x00, 0x00,
  0x00, 0xBF, 0xF0, 0x00, 0x00, 0x00, 0x00, 0x00, 0x0B, 0xFF, 0x00, 0x00, 0x00, 0x00, 0x00, 0x00,
  0xBF, 0xF0, 0x00, 0x00, 0x00, 0x00, 0x00, 0x0B, 0xFF, 0x00, 0x00, 0x00, 0x00, 0x00, 0x00, 0xBF,
  0xF0, 0x00, 0x00, 0x00, 0x00, 0x00, 0x0B, 0xFF, 0x00, 0x00, 0x00, 0x00, 0x00, 0x00, 0xBF, 0xF0,
  0x00, 0x00, 0x00, 0x00, 0x00, 0x0B, 0xFF, 0x00, 0x00, 0x00, 0x00, 0xFF, 0xB0, 0x00, 0x00, 0x00,
  0x0F, 0xFB, 0x00, 0x0F, 0xFB, 0x00, 0x00, 0x00, 0x00, 0xFF, 0xB0, 0x00, 0xFF, 0xB0, 0x00, 0x00,
  0x00, 0x0F, 0xFB, 0x00, 0x0F, 0xFB, 0x00, 0x00, 0x00, 0x00, 0xFF, 0xB0, 0x00, 0xFF, 0xB0, 0x00,
  0x00, 0x00, 0x0F, 0xFB, 0x00, 0x0F, 0xFB, 0x00, 0x00, 0x00, 0x00, 0xFF, 0xB0, 0x00, 0xFF, 0xB0,
  0x00, 0x00, 0x00, 0x0F, 0xFB, 0x00, 0x0F, 0xFB, 0x00, 0x00, 0x00, 0x00, 0xFF, 0xB0, 0x00, 0xFF,
  0xB0, 0x00, 0x00, 0x00, 0x0F, 0xFB, 0x00, 0x0F, 0xFB, 0x00, 0x00, 0x00, 0x00, 0xFF, 0xB0, 0x00,
  0xEF, 0xC0, 0x00, 0x00, 0x00, 0x1F, 0xFA, 0x00, 0x0C, 0xFF, 0x20, 0x00, 0x00, 0x05, 0xFF, 0x80,
  0x00, 0x6F, 0xFB, 0x10, 0x00, 0x03, 0xEF, 0xF2, 0x00, 0x01, 0xCF, 0xFE, 0x97, 0x7A, 0xFF, 0xF8,
  0x00, 0x00, 0x02, 0xBF, 0xFF, 0xFF, 0xFF, 0xF9, 0x00, 0x00, 0x00, 0x00, 0x5A, 0xDF, 0xED, 0x93,
  0x00, 0x00, 0x9F, 0xF6, 0x00, 0x00, 0x00, 0x00, 0x05, 0xFF, 0x92, 0xFF, 0xC0, 0x00, 0x00, 0x00,
  0x00, 0xBF, 0xF3, 0x0B, 0xFF, 0x30, 0x00, 0x00, 0x00, 0x2F, 0xFC, 0x00, 0x4F, 0xF9, 0x00, 0x00,
  0x00, 0x09, 0xFF, 0x50, 0x00, 0xDF, 0xE1, 0x00, 0x00, 0x01, 0xEF, 0xE0, 0x00, 0x07, 0xFF, 0x70,
  0x00, 0x00, 0x6F, 0xF8, 0x00, 0x00, 0x1E, 0xFD, 0x00, 0x00, 0x0C, 0xFF, 0x20, 0x00, 0x00, 0x9F,
  0xF4, 0x00, 0x04, 0xFF, 0xA0, 0x00, 0x00, 0x03, 0xFF, 0xA0, 0x00, 0xAF, 0xF4, 0x00, 0x00, 0x00,
  0x0B, 0xFF, 0x20, 0x1F, 0xFC, 0x00, 0x00, 0x00, 0x00, 0x5F, 0xF8, 0x07, 0xFF, 0x60, 0x00, 0x00,
  0x00, 0x00, 0xDF, 0xE1, 0xDF, 0xE1, 0x00, 0x00, 0x00, 0x00, 0x07, 0xFF, 0xAF, 0xF8, 0x00, 0x00,
  0x00, 0x00, 0x00, 0x1F, 0xFF, 0xFF, 0x20, 0x00, 0x00, 0x00, 0x00, 0x00, 0x9F, 0xFF, 0xA0, 0x00,
  0x00, 0x00, 0x00, 0x00, 0x03, 0xFF, 0xF4, 0x00, 0x00, 0x00, 0x9F, 0xF3, 0x00, 0x00, 0x00, 0xDF,
  0xF3, 0x00, 0x00, 0x00, 0xCF, 0xF1, 0x5F, 0xF7, 0x00, 0x00, 0x02, 0xFF, 0xF8, 0x00, 0x00, 0x02,
  0xFF, 0xB0, 0x1E, 0xFC, 0x00, 0x00, 0x07, 0xFF, 0xFC, 0x00, 0x00, 0x06, 0xFF, 0x60, 0x0A, 0xFF,
  0x20, 0x00, 0x0B, 0xFF, 0xFF, 0x20, 0x00, 0x0B, 0xFF, 0x10, 0x06, 0xFF, 0x60, 0x00, 0x1F, 0xFC,
  0xFF, 0x60, 0x00, 0x1F, 0xFB, 0x00, 0x01, 0xFF, 0xB0, 0x00, 0x5F, 0xF5, 0xEF, 0xB0, 0x00, 0x6F,
  0xF7, 0x00, 0x00, 0xBF, 0xF1, 0x00, 0x9F, 0xF1, 0xAF, 0xF1, 0x00, 0xAF, 0xF2, 0x00, 0x00, 0x7F,
  0xF5, 0x00, 0xEF, 0xB0, 0x5F, 0xF5, 0x01, 0xFF, 0xC0, 0x00, 0x00, 0x2F, 0xFA, 0x03, 0xFF, 0x60,
  0x1F, 0xF9, 0x05, 0xFF, 0x70, 0x00, 0x00, 0x0C, 0xFE, 0x08, 0xFF, 0x20, 0x0B, 0xFE, 0x0A, 0xFF,
  0x20, 0x00, 0x00, 0x07, 0xFF, 0x5C, 0xFC, 0x00, 0x07, 0xFF, 0x4E, 0xFD, 0x00, 0x00, 0x00, 0x03,
  0xFF, 0xBF, 0xF8, 0x00, 0x03, 0xFF, 0xCF, 0xF8, 0x00, 0x00, 0x00, 0x00, 0xDF, 0xFF, 0xF3, 0x00,
  0x00, 0xDF, 0xFF, 0xF3, 0x00, 0x00, 0x00, 0x00, 0x8F, 0xFF, 0xE0, 0x00, 0x00, 0x9F, 0xFF, 0xD0,
  0x00, 0x00, 0x00, 0x00, 0x4F, 0xFF, 0x90, 0x00, 0x00, 0x4F, 0xFF, 0x90, 0x00, 0x00, 0x00, 0x00,
  0x0E, 0xFF, 0x50, 0x00, 0x00, 0x1F, 0xFF, 0x40, 0x00, 0x00, 0x5F, 0xFE, 0x10, 0x00, 0x00, 0x05,
  0xFF, 0xD1, 0x08, 0xFF, 0xB0, 0x00, 0x00, 0x2E, 0xFF, 0x40, 0x00, 0xCF, 0xF7, 0x00, 0x00, 0xCF,
  0xF7, 0x00, 0x00, 0x2E, 0xFF, 0x30, 0x08, 0xFF, 0xA0, 0x00, 0x00, 0x04, 0xFF, 0xD1, 0x4F, 0xFD,
  0x10, 0x00, 0x00, 0x00, 0x8F, 0xFB, 0xEF, 0xF3, 0x00, 0x00, 0x00, 0x00, 0x0B, 0xFF, 0xFF, 0x60,
  0x00, 0x00, 0x00, 0x00, 0x01, 0xEF, 0xFA, 0x00, 0x00, 0x00, 0x00, 0x00, 0x03, 0xFF, 0xFD, 0x10,
  0x00, 0x00, 0x00, 0x00, 0x1D, 0xFF, 0xFF, 0x90, 0x00, 0x00, 0x00, 0x00, 0xAF, 0xF8, 0xCF, 0xF6,
  0x00, 0x00, 0x00, 0x06, 0xFF, 0xC0, 0x2E, 0xFE, 0x20, 0x00, 0x00, 0x3F, 0xFE, 0x20, 0x06, 0xFF,
  0xC0, 0x00, 0x01, 0xDF, 0xF6, 0x00, 0x00, 0xAF, 0xF9, 0x00, 0x0A, 0xFF, 0xA0, 0x00, 0x00, 0x1E,
  0xFF, 0x50, 0x6F, 0xFD, 0x10, 0x00, 0x00, 0x04, 0xFF, 0xE2, 0xAF, 0xF8, 0x00, 0x00, 0x00, 0x0C,
  0xFF, 0x51, 0xEF, 0xF3, 0x00, 0x00, 0x07, 0xFF, 0xB0, 0x06, 0xFF, 0xC0, 0x00, 0x02, 0xEF, 0xE2,
  0x00, 0x0B, 0xFF, 0x60, 0x00, 0xAF, 0xF6, 0x00, 0x00, 0x2E, 0xFE, 0x10, 0x5F, 0xFC, 0x00, 0x00,
  0x00, 0x7F, 0xFA, 0x1D, 0xFF, 0x20, 0x00, 0x00, 0x00, 0xCF, 0xFC, 0xFF, 0x70, 0x00, 0x00, 0x00,
  0x03, 0xFF, 0xFF, 0xC0, 0x00, 0x00, 0x00, 0x00, 0x08, 0xFF, 0xF3, 0x00, 0x00, 0x00, 0x00, 0x00,
  0x0F, 0xFB, 0x00, 0x00, 0x00, 0x00, 0x00, 0x00, 0xFF, 0xB0, 0x00, 0x00, 0x00, 0x00, 0x00, 0x0F,
  0xFB, 0x00, 0x00, 0x00, 0x00, 0x00, 0x00, 0xFF, 0xB0, 0x00, 0x00, 0x00, 0x00, 0x00, 0x0F, 0xFB,
  0x00, 0x00, 0x00, 0x00, 0x00, 0x00, 0xFF, 0xB0, 0x00, 0x00, 0x00, 0x00, 0x00, 0x0F, 0xFB, 0x00,
  0x00, 0x00, 0x0F, 0xFF, 0xFF, 0xFF, 0xFF, 0xFF, 0xFF, 0x00, 0xFF, 0xFF, 0xFF, 0xFF, 0xFF, 0xFF,
  0xF0, 0x06, 0x66, 0x66, 0x66, 0x66, 0xDF, 0xFD, 0x00, 0x00, 0x00, 0x00, 0x00, 0x6F, 0xFE, 0x20,
  0x00, 0x00, 0x00, 0x00, 0x4F, 0xFF, 0x40, 0x00, 0x00, 0x00, 0x00, 0x3E, 0xFF, 0x60, 0x00, 0x00,
  0x00, 0x00, 0x1D, 0xFF, 0x80, 0x00, 0x00, 0x00, 0x00, 0x1C, 0xFF, 0xA0, 0x00, 0x00, 0x00, 0x00,
  0x0A, 0xFF, 0xC1, 0x00, 0x00, 0x00, 0x00, 0x08, 0xFF, 0xD1, 0x00, 0x00, 0x00, 0x00, 0x06, 0xFF,
  0xE3, 0x00, 0x00, 0x00, 0x00, 0x04, 0xFF, 0xF4, 0x00, 0x00, 0x00, 0x00, 0x02, 0xEF, 0xF6, 0x00,
  0x00, 0x00, 0x00, 0x00, 0xDF, 0xFD, 0x66, 0x66, 0x66, 0x66, 0x60, 0x0F, 0xFF, 0xFF, 0xFF, 0xFF,
  0xFF, 0xFF, 0x00, 0xFF, 0xFF, 0xFF, 0xFF, 0xFF, 0xFF, 0xF0, 0x00, 0xFF, 0xFF, 0x80, 0x00, 0xFF,
  0xFF, 0x80, 0x00, 0xFF, 0xD6, 0x30, 0x00, 0xFF, 0xB0, 0x00, 0x00, 0xFF, 0xB0, 0x00, 0x00, 0xFF,
  0xB0, 0x00, 0x00, 0xFF, 0xB0, 0x00, 0x00, 0xFF, 0xB0, 0x00, 0x00, 0xFF, 0xB0, 0x00, 0x00, 0xFF,
  0xB0, 0x00, 0x00, 0xFF, 0xB0, 0x00, 0x00, 0xFF, 0xB0, 0x00, 0x00, 0xFF, 0xB0, 0x00, 0x00, 0xFF,
  0xB0, 0x00, 0x00, 0xFF, 0xB0, 0x00, 0x00, 0xFF, 0xB0, 0x00, 0x00, 0xFF, 0xB0, 0x00, 0x00, 0xFF,
  0xB0, 0x00, 0x00, 0xFF, 0xD6, 0x30, 0x00, 0xFF, 0xFF, 0x80, 0x00, 0xFF, 0xFF, 0x80, 0x48, 0x70,
  0x00, 0x00, 0x00, 0x5F, 0xF5, 0x00, 0x00, 0x00, 0x0E, 0xFA, 0x00, 0x00, 0x00, 0x09, 0xFE, 0x10,
  0x00, 0x00, 0x04, 0xFF, 0x50, 0x00, 0x00, 0x00, 0xEF, 0xA0, 0x00, 0x00, 0x00, 0x9F, 0xE1, 0x00,
  0x00, 0x00, 0x4F, 0xF5, 0x00, 0x00, 0x00, 0x0E, 0xFA, 0x00, 0x00, 0x00, 0x09, 0xFF, 0x10, 0x00,
  0x00, 0x04, 0xFF, 0x50, 0x00, 0x00, 0x00, 0xEF, 0xB0, 0x00, 0x00, 0x00, 0x9F, 0xF1, 0x00, 0x00,
  0x00, 0x4F, 0xF6, 0x00, 0x00, 0x00, 0x0E, 0xFB, 0x00, 0x00, 0x00, 0x09, 0xFF, 0x10, 0x00, 0x00,
  0x04, 0xFF, 0x60, 0x00, 0x00, 0x00, 0xDF, 0xB0, 0x00, 0x00, 0x00, 0x9F, 0xF1, 0x00, 0x00, 0x00,
  0x3F, 0xF6, 0x00, 0xFF, 0xFF, 0xB0, 0x00, 0x0F, 0xFF, 0xFB, 0x00, 0x00, 0x66, 0xFF, 0xB0, 0x00,
  0x00, 0x0F, 0xFB, 0x00, 0x00, 0x00, 0xFF, 0xB0, 0x00, 0x00, 0x0F, 0xFB, 0x00, 0x00, 0x00, 0xFF,
  0xB0, 0x00, 0x00, 0x0F, 0xFB, 0x00, 0x00, 0x00, 0xFF, 0xB0, 0x00, 0x00, 0x0F, 0xFB, 0x00, 0x00,
  0x00, 0xFF, 0xB0, 0x00, 0x00, 0x0F, 0xFB, 0x00, 0x00, 0x00, 0xFF, 0xB0, 0x00, 0x00, 0x0F, 0xFB,
  0x00, 0x00, 0x00, 0xFF, 0xB0, 0x00, 0x00, 0x0F, 0xFB, 0x00, 0x00, 0x00, 0xFF, 0xB0, 0x00, 0x00,
  0x0F, 0xFB, 0x00, 0x00, 0x66, 0xFF, 0xB0, 0x00, 0x0F, 0xFF, 0xFB, 0x00, 0x00, 0xFF, 0xFF, 0xB0,
  0x00, 0x00, 0x00, 0x07, 0xFE, 0x10, 0x00, 0x00, 0x00, 0x00, 0x1E, 0xFF, 0x80, 0x00, 0x00, 0x00,
  0x00, 0x7F, 0xFF, 0xF1, 0x00, 0x00, 0x00, 0x01, 0xEF, 0x8D, 0xF9, 0x00, 0x00, 0x00, 0x07, 0xFE,
  0x16, 0xFF, 0x20, 0x00, 0x00, 0x0E, 0xF8, 0x00, 0xDF, 0x90, 0x00, 0x00, 0x6F, 0xE1, 0x00, 0x5F,
  0xF2, 0x00, 0x00, 0xDF, 0x80, 0x00, 0x0C, 0xF9, 0x00, 0x00, 0x00, 0x00, 0x00, 0x00, 0x00, 0x00,
  0x00, 0x00, 0x00, 0x00, 0x00, 0x00, 0x00, 0x00, 0x00, 0x00, 0x00, 0x00, 0x00, 0x00, 0x00, 0x00,
  0x00, 0x00, 0x00, 0x00, 0x00, 0x00, 0x00, 0x00, 0x00, 0x00, 0x00, 0x00, 0x00, 0x00, 0x00, 0x00,
  0x00, 0x00, 0x00, 0x00, 0x00, 0x00, 0x00, 0x00, 0x00, 0x00, 0x00, 0x00, 0x00, 0x00, 0x00, 0x00,
  0x00, 0x00, 0x00, 0x00, 0x00, 0x00, 0x00, 0x00, 0x06, 0x66, 0x66, 0x66, 0x66, 0x60, 0x0F, 0xFF,
  0xFF, 0xFF, 0xFF, 0xF0, 0x0F, 0xFF, 0xFF, 0xFF, 0xFF, 0xF0, 0x7F, 0xF9, 0x00, 0x07, 0xFF, 0x80,
  0x00, 0x6F, 0xF7, 0x00, 0x00, 0x00, 0x00, 0x00, 0x00, 0x00, 0x00, 0x00, 0x00, 0x00, 0x00, 0x00,
  0x00, 0x00, 0x00, 0x00, 0x00, 0x00, 0x00, 0x00, 0x00, 0x00, 0x00, 0x00, 0x00, 0x00, 0x00, 0x00,
  0x00, 0x00, 0x00, 0x00, 0x00, 0x00, 0x00, 0x00, 0x00, 0x00, 0x00, 0x05, 0xBE, 0xFD, 0xA3, 0x00,
  0x00, 0x09, 0xFF, 0xFF, 0xFF, 0xF5, 0x00, 0x06, 0xFF, 0xD8, 0x7A, 0xFF, 0xE2, 0x00, 0x04, 0x71,
  0x00, 0x08, 0xFF, 0x60, 0x00, 0x01, 0x46, 0x66, 0x8F, 0xF9, 0x00, 0x08, 0xEF, 0xFF, 0xFF, 0xFF,
  0xB0, 0x08, 0xFF, 0xFF, 0xFF, 0xFF, 0xFB, 0x00, 0xDF, 0xE5, 0x10, 0x01, 0xFF, 0xB0, 0x0F, 0xFC,
  0x00, 0x00, 0x8F, 0xFB, 0x00, 0xCF, 0xFA, 0x77, 0xBF, 0xFF, 0xB0, 0x05, 0xFF, 0xFF, 0xFF, 0xBF,
  0xFB, 0x00, 0x03, 0xAD, 0xFD, 0x91, 0xFF, 0xB0, 0x0F, 0xFB, 0x00, 0x00, 0x00, 0x00, 0x00, 0x0F,
  0xFB, 0x00, 0x00, 0x00, 0x00, 0x00, 0x0F, 0xFB, 0x00, 0x00, 0x00, 0x00, 0x00, 0x0F, 0xFB, 0x00,
  0x00, 0x00, 0x00, 0x00, 0x0F, 0xFB, 0x18, 0xDF, 0xD9, 0x30, 0x00, 0x0F, 0xFB, 0xCF, 0xFF, 0xFF,
  0xE5, 0x00, 0x0F, 0xFF, 0xFC, 0x77, 0xCF, 0xFE, 0x20, 0x0F, 0xFF, 0x90, 0x00, 0x09, 0xFF, 0x80,
  0x0F, 0xFE, 0x10, 0x00, 0x01, 0xEF, 0xD0, 0x0F, 0xFC, 0x00, 0x00, 0x00, 0xCF, 0xE0, 0x0F, 0xFC,
  0x00, 0x00, 0x00, 0xCF, 0xE0, 0x0F, 0xFE, 0x10, 0x00, 0x01, 0xFF, 0xD0, 0x0F, 0xFF, 0x90, 0x00,
  0x0A, 0xFF, 0x80, 0x0F, 0xFF, 0xFC, 0x78, 0xCF, 0xFE, 0x20, 0x0F, 0xFB, 0xCF, 0xFF, 0xFF, 0xF5,
  0x00, 0x0F, 0xFB, 0x18, 0xDF, 0xDA, 0x30, 0x00, 0x00, 0x00, 0x6C, 0xEE, 0xD8, 0x20, 0x00, 0x02,
  0xCF, 0xFF, 0xFF, 0xFE, 0x50, 0x01, 0xDF, 0xFD, 0x87, 0xBF, 0xFF, 0x20, 0x7F, 0xFA, 0x00, 0x00,
  0x6E, 0x82, 0x0C, 0xFE, 0x10, 0x00, 0x00, 0x00, 0x00, 0xEF, 0xC0, 0x00, 0x00, 0x00, 0x00, 0x0E,
  0xFC, 0x00, 0x00, 0x00, 0x00, 0x00, 0xCF, 0xE1, 0x00, 0x00, 0x01, 0x00, 0x07, 0xFF, 0xA0, 0x00,
  0x06, 0xFB, 0x40, 0x1D, 0xFF, 0xD8, 0x7B, 0xFF, 0xF2, 0x00, 0x2C, 0xFF, 0xFF, 0xFF, 0xE4, 0x00,
  0x00, 0x06, 0xBE, 0xED, 0x82, 0x00, 0x00, 0x00, 0x00, 0x00, 0x00, 0xBF, 0xF0, 0x00, 0x00, 0x00,
  0x00, 0x00, 0xBF, 0xF0, 0x00, 0x00, 0x00, 0x00, 0x00, 0xBF, 0xF0, 0x00, 0x00, 0x00, 0x00, 0x00,
  0xBF, 0xF0, 0x00, 0x03, 0x9D, 0xFD, 0x81, 0xBF, 0xF0, 0x00, 0x5E, 0xFF, 0xFF, 0xFC, 0xBF, 0xF0,
  0x02, 0xEF, 0xFC, 0x87, 0xBF, 0xFF, 0xF0, 0x08, 0xFF, 0x90, 0x00, 0x08, 0xFF, 0xF0, 0x0D, 0xFE,
  0x10, 0x00, 0x00, 0xEF, 0xF0, 0x0E, 0xFC, 0x00, 0x00, 0x00, 0xBF, 0xF0, 0x0E, 0xFC, 0x00, 0x00,
  0x00, 0xBF, 0xF0, 0x0D, 0xFE, 0x10, 0x00, 0x00, 0xEF, 0xF0, 0x08, 0xFF, 0xA0, 0x00, 0x08, 0xFF,
  0xF0, 0x02, 0xEF, 0xFC, 0x87, 0xBF, 0xFF, 0xF0, 0x00, 0x5F, 0xFF, 0xFF, 0xFC, 0xBF, 0xF0, 0x00,
  0x03, 0xAD, 0xFD, 0x81, 0xBF, 0xF0, 0x00, 0x01, 0x6C, 0xEE, 0xD8, 0x10, 0x00, 0x00, 0x2C, 0xFF,
  0xFF, 0xFF, 0xD3, 0x00, 0x01, 0xDF, 0xFB, 0x87, 0xAF, 0xFD, 0x10, 0x07, 0xFF, 0x40, 0x00, 0x03,
  0xFF, 0x60, 0x0C, 0xFF, 0xFF, 0xFF, 0xFF, 0xFF, 0xB0, 0x0E, 0xFF, 0xFF, 0xFF, 0xFF, 0xFF, 0xE0,
  0x0E, 0xFE, 0x66, 0x66, 0x66, 0x66, 0x60, 0x0C, 0xFF, 0x20, 0x00, 0x00, 0x10, 0x00, 0x07, 0xFF,
  0xB1, 0x00, 0x03, 0xEA, 0x30, 0x01, 0xDF, 0xFE, 0x87, 0x9F, 0xFF, 0x50, 0x00, 0x2D, 0xFF, 0xFF,
  0xFF, 0xF6, 0x00, 0x00, 0x01, 0x7C, 0xEF, 0xD9, 0x30, 0x00, 0x00, 0x00, 0x7D, 0xEE, 0xA3, 0x00,
  0x08, 0xFF, 0xFF, 0xF4, 0x00, 0x0E, 0xFF, 0x87, 0x70, 0x00, 0x0F, 0xFB, 0x00, 0x00, 0x0F, 0xFF,
  0xFF, 0xFF, 0xF0, 0x0F, 0xFF, 0xFF, 0xFF, 0xF0, 0x06, 0x6F, 0xFD, 0x66, 0x60, 0x00, 0x0F, 0xFB,
  0x00, 0x00, 0x00, 0x0F, 0xFB, 0x00, 0x00, 0x00, 0x0F, 0xFB, 0x00, 0x00, 0x00, 0x0F, 0xFB, 0x00,
  0x00, 0x00, 0x0F, 0xFB, 0x00, 0x00, 0x00, 0x0F, 0xFB, 0x00, 0x00, 0x00, 0x0F, 0xFB, 0x00, 0x00,
  0x00, 0x0F, 0xFB, 0x00, 0x00, 0x00, 0x0F, 0xFB, 0x00, 0x00, 0x00, 0x03, 0xAD, 0xFD, 0x70, 0xBF,
  0xF0, 0x00, 0x4E, 0xFF, 0xFF, 0xFA, 0xBF, 0xF0, 0x02, 0xEF, 0xFC, 0x77, 0xCF, 0xFF, 0xF0, 0x08,
  0xFF, 0x90, 0x00, 0x09, 0xFF, 0xF0, 0x0C, 0xFE, 0x10, 0x00, 0x01, 0xEF, 0xF0, 0x0E, 0xFC, 0x00,
  0x00, 0x00, 0xCF, 0xF0, 0x0E, 0xFC, 0x00, 0x00, 0x00, 0xCF, 0xF0, 0x0D, 0xFE, 0x10, 0x00, 0x01,
  0xEF, 0xF0, 0x08, 0xFF, 0xA0, 0x00, 0x09, 0xFF, 0xF0, 0x02, 0xEF, 0xFC, 0x87, 0xBF, 0xFF, 0xF0,
  0x00, 0x5F, 0xFF, 0xFF, 0xFA, 0xBF, 0xF0, 0x00, 0x03, 0xAD, 0xFD, 0x70, 0xCF, 0xE0, 0x00, 0x00,
  0x00, 0x00, 0x01, 0xEF, 0xC0, 0x00, 0x21, 0x00, 0x00, 0x09, 0xFF, 0x70, 0x00, 0xBE, 0xB8, 0x78,
  0xCF, 0xFD, 0x10, 0x02, 0xFF, 0xFF, 0xFF, 0xFF, 0xD3, 0x00, 0x00, 0x28, 0xBD, 0xFE, 0xC7, 0x10,
  0x00, 0x00, 0xFF, 0xB0, 0x00, 0x00, 0x00, 0x00, 0x00, 0xFF, 0xB0, 0x00, 0x00, 0x00, 0x00, 0x00,
  0xFF, 0xB0, 0x00, 0x00, 0x00, 0x00, 0x00, 0xFF, 0xB0, 0x00, 0x00, 0x00, 0x00, 0x00, 0xFF, 0xB2,
  0xAE, 0xEC, 0x70, 0x00, 0x00, 0xFF, 0xCD, 0xFF, 0xFF, 0xFA, 0x00, 0x00, 0xFF, 0xFF, 0x97, 0xAF,
  0xFF, 0x30, 0x00, 0xFF, 0xF6, 0x00, 0x08, 0xFF, 0x80, 0x00, 0xFF, 0xE0, 0x00, 0x02, 0xFF, 0xA0,
  0x00, 0xFF, 0xB0, 0x00, 0x00, 0xFF, 0xB0, 0x00, 0xFF, 0xB0, 0x00, 0x00, 0xFF, 0xB0, 0x00, 0xFF,
  0xB0, 0x00, 0x00, 0xFF, 0xB0, 0x00, 0xFF, 0xB0, 0x00, 0x00, 0xFF, 0xB0, 0x00, 0xFF, 0xB0, 0x00,
  0x00, 0xFF, 0xB0, 0x00, 0xFF, 0xB0, 0x00, 0x00, 0xFF, 0xB0, 0x00, 0xFF, 0xB0, 0x00, 0x00, 0xFF,
  0xB0, 0x02, 0x72, 0x00, 0xDF, 0xD0, 0x0D, 0xFD, 0x00, 0x27, 0x20, 0x00, 0x00, 0x00, 0xBF, 0xF0,
  0x0B, 0xFF, 0x00, 0xBF, 0xF0, 0x0B, 0xFF, 0x00, 0xBF, 0xF0, 0x0B, 0xFF, 0x00, 0xBF, 0xF0, 0x0B,
  0xFF, 0x00, 0xBF, 0xF0, 0x0B, 0xFF, 0x00, 0xBF, 0xF0, 0x0B, 0xFF, 0x00, 0x00, 0x00, 0x27, 0x20,
  0x00, 0x00, 0xDF, 0xD0, 0x00, 0x00, 0xDF, 0xD0, 0x00, 0x00, 0x27, 0x20, 0x00, 0x00, 0x00, 0x00,
  0x00, 0x00, 0xBF, 0xF0, 0x00, 0x00, 0xBF, 0xF0, 0x00, 0x00, 0xBF, 0xF0, 0x00, 0x00, 0xBF, 0xF0,
  0x00, 0x00, 0xBF, 0xF0, 0x00, 0x00, 0xBF, 0xF0, 0x00, 0x00, 0xBF, 0xF0, 0x00, 0x00, 0xBF, 0xF0,
  0x00, 0x00, 0xBF, 0xF0, 0x00, 0x00, 0xBF, 0xF0, 0x00, 0x00, 0xBF, 0xF0, 0x00, 0x00, 0xBF, 0xF0,
  0x00, 0x00, 0xBF, 0xF0, 0x00, 0x00, 0xCF, 0xE0, 0x08, 0x89, 0xFF, 0xC0, 0x3F, 0xFF, 0xFF, 0x50,
  0x3B, 0xEE, 0xC5, 0x00, 0x0F, 0xFB, 0x00, 0x00, 0x00, 0x00, 0x0F, 0xFB, 0x00, 0x00, 0x00, 0x00,
  0x0F, 0xFB, 0x00, 0x00, 0x00, 0x00, 0x0F, 0xFB, 0x00, 0x00, 0x00, 0x00, 0x0F, 0xFB, 0x00, 0x04,
  0xFF, 0xD2, 0x0F, 0xFB, 0x00, 0x3E, 0xFE, 0x20, 0x0F, 0xFB, 0x03, 0xEF, 0xE3, 0x00, 0x0F, 0xFB,
  0x2E, 0xFF, 0x40, 0x00, 0x0F, 0xFC, 0xDF, 0xF6, 0x00, 0x00, 0x0F, 0xFF, 0xFF, 0xF5, 0x00, 0x00,
  0x0F, 0xFF, 0xFF, 0xFE, 0x10, 0x00, 0x0F, 0xFF, 0xA6, 0xFF, 0xB0, 0x00, 0x0F, 0xFC, 0x00, 0xBF,
  0xF6, 0x00, 0x0F, 0xFB, 0x00, 0x1E, 0xFE, 0x20, 0x0F, 0xFB, 0x00, 0x05, 0xFF, 0xC0, 0x0F, 0xFB,
  0x00, 0x00, 0xAF, 0xF8, 0x0F, 0xFB, 0x00, 0xFF, 0xB0, 0x0F, 0xFB, 0x00, 0xFF, 0xB0, 0x0F, 0xFB,
  0x00, 0xFF, 0xB0, 0x0F, 0xFB, 0x00, 0xFF, 0xB0, 0x0F, 0xFB, 0x00, 0xFF, 0xB0, 0x0F, 0xFB, 0x00,
  0xFF, 0xB0, 0x0F, 0xFB, 0x00, 0xFF, 0xB0, 0x0F, 0xFB, 0x00, 0xFF, 0xB0, 0x0F, 0xF9, 0x3B, 0xEE,
  0xA2, 0x01, 0x9E, 0xFC, 0x50, 0x00, 0x0F, 0xFC, 0xEF, 0xFF, 0xFE, 0x2C, 0xFF, 0xFF, 0xF5, 0x00,
  0x0F, 0xFF, 0xE8, 0x7D, 0xFF, 0xDF, 0xA7, 0xCF, 0xFD, 0x00, 0x0F, 0xFF, 0x40, 0x02, 0xFF, 0xF9,
  0x00, 0x0D, 0xFF, 0x20, 0x0F, 0xFD, 0x00, 0x00, 0xDF, 0xF3, 0x00, 0x09, 0xFF, 0x40, 0x0F, 0xFB,
  0x00, 0x00, 0xBF, 0xF1, 0x00, 0x07, 0xFF, 0x40, 0x0F, 0xFB, 0x00, 0x00, 0xBF, 0xF0, 0x00, 0x07,
  0xFF, 0x40, 0x0F, 0xFB, 0x00, 0x00, 0xBF, 0xF0, 0x00, 0x07, 0xFF, 0x40, 0x0F, 0xFB, 0x00, 0x00,
  0xBF, 0xF0, 0x00, 0x07, 0xFF, 0x40, 0x0F, 0xFB, 0x00, 0x00, 0xBF, 0xF0, 0x00, 0x07, 0xFF, 0x40,
  0x0F, 0xFB, 0x00, 0x00, 0xBF, 0xF0, 0x00, 0x07, 0xFF, 0x40, 0x0F, 0xFB, 0x00, 0x00, 0xBF, 0xF0,
  0x00, 0x07, 0xFF, 0x40, 0x0F, 0xFB, 0x29, 0xEF, 0xD7, 0x00, 0x00, 0xFF, 0xCD, 0xFF, 0xFF, 0xFA,
  0x00, 0x0F, 0xFF, 0xFA, 0x7A, 0xFF, 0xF3, 0x00, 0xFF, 0xF6, 0x00, 0x08, 0xFF, 0x80, 0x0F, 0xFE,
  0x00, 0x00, 0x2F, 0xFA, 0x00, 0xFF, 0xB0, 0x00, 0x00, 0xFF, 0xB0, 0x0F, 0xFB, 0x00, 0x00, 0x0F,
  0xFB, 0x00, 0xFF, 0xB0, 0x00, 0x00, 0xFF, 0xB0, 0x0F, 0xFB, 0x00, 0x00, 0x0F, 0xFB, 0x00, 0xFF,
  0xB0, 0x00, 0x00, 0xFF, 0xB0, 0x0F, 0xFB, 0x00, 0x00, 0x0F, 0xFB, 0x00, 0xFF, 0xB0, 0x00, 0x00,
  0xFF, 0xB0, 0x00, 0x01, 0x7C, 0xEE, 0xC7, 0x10, 0x00, 0x00, 0x3D, 0xFF, 0xFF, 0xFF, 0xD3, 0x00,
  0x01, 0xDF, 0xFC, 0x77, 0xCF, 0xFD, 0x10, 0x07, 0xFF, 0x90, 0x00, 0x0A, 0xFF, 0x70, 0x0C, 0xFE,
  0x10, 0x00, 0x01, 0xEF, 0xC0, 0x0E, 0xFC, 0x00, 0x00, 0x00, 0xCF, 0xE0, 0x0E, 0xFC, 0x00, 0x00,
  0x00, 0xCF, 0xE0, 0x0C, 0xFE, 0x10, 0x00, 0x01, 0xEF, 0xC0, 0x07, 0xFF, 0xA0, 0x00, 0x09, 0xFF,
  0x70, 0x01, 0xDF, 0xFC, 0x77, 0xCF, 0xFD, 0x10, 0x00, 0x2D, 0xFF, 0xFF, 0xFF, 0xD3, 0x00, 0x00,
  0x01, 0x7C, 0xEE, 0xC7, 0x10, 0x00, 0x00, 0xFF, 0xB1, 0x8D, 0xFD, 0xA3, 0x00, 0x00, 0x0F, 0xFB,
  0xCF, 0xFF, 0xFF, 0xF5, 0x00, 0x00, 0xFF, 0xFF, 0xC7, 0x7C, 0xFF, 0xE2, 0x00, 0x0F, 0xFF, 0x90,
  0x00, 0x09, 0xFF, 0x80, 0x00, 0xFF, 0xE1, 0x00, 0x00, 0x1E, 0xFD, 0x00, 0x0F, 0xFC, 0x00, 0x00,
  0x00, 0xCF, 0xE0, 0x00, 0xFF, 0xC0, 0x00, 0x00, 0x0C, 0xFE, 0x00, 0x0F, 0xFE, 0x10, 0x00, 0x01,
  0xFF, 0xC0, 0x00, 0xFF, 0xF9, 0x00, 0x00, 0xAF, 0xF8, 0x00, 0x0F, 0xFF, 0xFB, 0x78, 0xDF, 0xFE,
  0x20, 0x00, 0xFF, 0xBC, 0xFF, 0xFF, 0xFE, 0x50, 0x00, 0x0F, 0xFB, 0x08, 0xDF, 0xD9, 0x30, 0x00,
  0x00, 0xFF, 0xB0, 0x00, 0x00, 0x00, 0x00, 0x00, 0x0F, 0xFB, 0x00, 0x00, 0x00, 0x00, 0x00, 0x00,
  0xFF, 0xB0, 0x00, 0x00, 0x00, 0x00, 0x00, 0x0F, 0xFB, 0x00, 0x00, 0x00, 0x00, 0x00, 0x00, 0xFF,
  0xB0, 0x00, 0x00, 0x00, 0x00, 0x00, 0x00, 0x03, 0xAD, 0xFD, 0x80, 0xBF, 0xF0, 0x00, 0x5F, 0xFF,
  0xFF, 0xFC, 0xBF, 0xF0, 0x02, 0xEF, 0xFC, 0x77, 0xCF, 0xFF, 0xF0, 0x08, 0xFF, 0x90, 0x00, 0x09,
  0xFF, 0xF0, 0x0D, 0xFE, 0x10, 0x00, 0x01, 0xEF, 0xF0, 0x0E, 0xFC, 0x00, 0x00, 0x00, 0xCF, 0xF0,
  0x0E, 0xFC, 0x00, 0x00, 0x00, 0xCF, 0xF0, 0x0D, 0xFE, 0x10, 0x00, 0x01, 0xEF, 0xF0, 0x08, 0xFF,
  0xA0, 0x00, 0x09, 0xFF, 0xF0, 0x02, 0xEF, 0xFC, 0x77, 0xCF, 0xFF, 0xF0, 0x00, 0x5E, 0xFF, 0xFF,
  0xFC, 0xBF, 0xF0, 0x00, 0x03, 0x9D, 0xFD, 0x81, 0xBF, 0xF0, 0x00, 0x00, 0x00, 0x00, 0x00, 0xBF,
  0xF0, 0x00, 0x00, 0x00, 0x00, 0x00, 0xBF, 0xF0, 0x00, 0x00, 0x00, 0x00, 0x00, 0xBF, 0xF0, 0x00,
  0x00, 0x00, 0x00, 0x00, 0xBF, 0xF0, 0x00, 0x00, 0x00, 0x00, 0x00, 0xBF, 0xF0, 0x0F, 0xFB, 0x06,
  0xCE, 0x00, 0xFF, 0xBB, 0xFF, 0xF0, 0x0F, 0xFF, 0xFD, 0x97, 0x00, 0xFF, 0xF9, 0x00, 0x00, 0x0F,
  0xFE, 0x00, 0x00, 0x00, 0xFF, 0xB0, 0x00, 0x00, 0x0F, 0xFB, 0x00, 0x00, 0x00, 0xFF, 0xB0, 0x00,
  0x00, 0x0F, 0xFB, 0x00, 0x00, 0x00, 0xFF, 0xB0, 0x00, 0x00, 0x0F, 0xFB, 0x00, 0x00, 0x00, 0xFF,
  0xB0, 0x00, 0x00, 0x00, 0x4B, 0xEF, 0xDA, 0x20, 0x00, 0x5F, 0xFF, 0xFF, 0xFF, 0x40, 0x0D, 0xFF,
  0x97, 0x9F, 0xFB, 0x00, 0xEF, 0xC0, 0x00, 0x44, 0x00, 0x0B, 0xFF, 0x83, 0x00, 0x00, 0x00, 0x2D,
  0xFF, 0xFE, 0xA2, 0x00, 0x00, 0x18, 0xDF, 0xFF, 0xE3, 0x00, 0x00, 0x00, 0x27, 0xFF, 0xB0, 0x16,
  0xB2, 0x00, 0x0C, 0xFE, 0x06, 0xFF, 0xE8, 0x7A, 0xFF, 0xC0, 0x09, 0xFF, 0xFF, 0xFF, 0xF4, 0x00,
  0x05, 0xBE, 0xFD, 0xA3, 0x00, 0x00, 0x08, 0x85, 0x00, 0x00, 0x00, 0x0F, 0xFB, 0x00, 0x00, 0x00,
  0x0F, 0xFB, 0x00, 0x00, 0x00, 0x0F, 0xFB, 0x00, 0x00, 0x0F, 0xFF, 0xFF, 0xFF, 0xF0, 0x0F, 0xFF,
  0xFF, 0xFF, 0xF0, 0x06, 0x6F, 0xFD, 0x66, 0x60, 0x00, 0x0F, 0xFB, 0x00, 0x00, 0x00, 0x0F, 0xFB,
  0x00, 0x00, 0x00, 0x0F, 0xFB, 0x00, 0x00, 0x00, 0x0F, 0xFB, 0x00, 0x00, 0x00, 0x0F, 0xFB, 0x00,
  0x00, 0x00, 0x0F, 0xFC, 0x00, 0x00, 0x00, 0x0D, 0xFF, 0x97, 0x80, 0x00, 0x07, 0xFF, 0xFF, 0xF3,
  0x00, 0x00, 0x5C, 0xEE, 0x92, 0x0F, 0xFB, 0x00, 0x00, 0x0B, 0xFF, 0x00, 0xFF, 0xB0, 0x00, 0x00,
  0xBF, 0xF0, 0x0F, 0xFB, 0x00, 0x00, 0x0B, 0xFF, 0x00, 0xFF, 0xB0, 0x00, 0x00, 0xBF, 0xF0, 0x0F,
  0xFB, 0x00, 0x00, 0x0B, 0xFF, 0x00, 0xFF, 0xB0, 0x00, 0x00, 0xBF, 0xF0, 0x0F, 0xFB, 0x00, 0x00,
  0x0C, 0xFF, 0x00, 0xEF, 0xD0, 0x00, 0x00, 0xEF, 0xF0, 0x0C, 0xFF, 0x40, 0x00, 0x6F, 0xFF, 0x00,
  0x7F, 0xFE, 0x87, 0xAF, 0xFF, 0xF0, 0x01, 0xDF, 0xFF, 0xFF, 0xDC, 0xFF, 0x00, 0x01, 0x8D, 0xFE,
  0x91, 0xBF, 0xF0, 0x9F, 0xF2, 0x00, 0x00, 0x03, 0xFF, 0x93, 0xFF, 0x80, 0x00, 0x00, 0x8F, 0xF3,
  0x0C, 0xFE, 0x00, 0x00, 0x0E, 0xFC, 0x00, 0x6F, 0xF5, 0x00, 0x05, 0xFF, 0x60, 0x00, 0xEF, 0xB0,
  0x00, 0xBF, 0xE0, 0x00, 0x08, 0xFF, 0x20, 0x2F, 0xF8, 0x00, 0x00, 0x2F, 0xF8, 0x08, 0xFF, 0x20,
  0x00, 0x00, 0xBF, 0xE1, 0xEF, 0xB0, 0x00, 0x00, 0x04, 0xFF, 0xAF, 0xF5, 0x00, 0x00, 0x00, 0x0D,
  0xFF, 0xFD, 0x00, 0x00, 0x00, 0x00, 0x7F, 0xFF, 0x70, 0x00, 0x00, 0x00, 0x01, 0xFF, 0xF1, 0x00,
  0x00, 0x9F, 0xF2, 0x00, 0x00, 0xBF, 0xF4, 0x00, 0x00, 0x8F, 0xF2, 0x4F, 0xF7, 0x00, 0x01, 0xFF,
  0xF9, 0x00, 0x00, 0xDF, 0xC0, 0x0E, 0xFC, 0x00, 0x05, 0xFF, 0xFE, 0x00, 0x03, 0xFF, 0x70, 0x09,
  0xFF, 0x20, 0x0A, 0xFD, 0xFF, 0x40, 0x09, 0xFF, 0x20, 0x04, 0xFF, 0x70, 0x1E, 0xF7, 0xDF, 0x90,
  0x0D, 0xFC, 0x00, 0x00, 0xDF, 0xC0, 0x5F, 0xF2, 0x8F, 0xE0, 0x4F, 0xF7, 0x00, 0x00, 0x8F, 0xF2,
  0xAF, 0xC0, 0x3F, 0xF4, 0x9F, 0xF2, 0x00, 0x00, 0x3F, 0xF7, 0xEF, 0x70, 0x0D, 0xF9, 0xEF, 0xB0,
  0x00, 0x00, 0x0D, 0xFE, 0xFF, 0x20, 0x08, 0xFF, 0xFF, 0x60, 0x00, 0x00, 0x08, 0xFF, 0xFC, 0x00,
  0x03, 0xFF, 0xFF, 0x10, 0x00, 0x00, 0x03, 0xFF, 0xF7, 0x00, 0x00, 0xEF, 0xFB, 0x00, 0x00, 0x00,
  0x00, 0xDF, 0xF2, 0x00, 0x00, 0x9F, 0xF6, 0x00, 0x00, 0x2E, 0xFE, 0x20, 0x00, 0xBF, 0xF6, 0x00,
  0x6F, 0xFB, 0x00, 0x6F, 0xFB, 0x00, 0x00, 0xAF, 0xF6, 0x2E, 0xFE, 0x10, 0x00, 0x01, 0xDF, 0xEC,
  0xFF, 0x40, 0x00, 0x00, 0x03, 0xFF, 0xFF, 0x90, 0x00, 0x00, 0x00, 0x08, 0xFF, 0xD1, 0x00, 0x00,
  0x00, 0x00, 0xCF, 0xFF, 0x30, 0x00, 0x00, 0x00, 0x8F, 0xFF, 0xFC, 0x00, 0x00, 0x00, 0x4F, 0xFC,
  0x7F, 0xF8, 0x00, 0x00, 0x1D, 0xFF, 0x20, 0xCF, 0xF4, 0x00, 0x0A, 0xFF, 0x70, 0x03, 0xFF, 0xE1,
  0x06, 0xFF, 0xC0, 0x00, 0x07, 0xFF, 0xA0, 0xAF, 0xF4, 0x00, 0x00, 0x00, 0xDF, 0xE1, 0x3F, 0xFA,
  0x00, 0x00, 0x05, 0xFF, 0x90, 0x0B, 0xFF, 0x20, 0x00, 0x0B, 0xFF, 0x30, 0x04, 0xFF, 0x80, 0x00,
  0x2F, 0xFB, 0x00, 0x00, 0xDF, 0xE0, 0x00, 0x8F, 0xF5, 0x00, 0x00, 0x6F, 0xF5, 0x00, 0xEF, 0xD0,
  0x00, 0x00, 0x0E, 0xFB, 0x05, 0xFF, 0x70, 0x00, 0x00, 0x08, 0xFF, 0x3B, 0xFF, 0x10, 0x00, 0x00,
  0x01, 0xFF, 0xBF, 0xFA, 0x00, 0x00, 0x00, 0x00, 0x9F, 0xFF, 0xF3, 0x00, 0x00, 0x00, 0x00, 0x2F,
  0xFF, 0xC0, 0x00, 0x00, 0x00, 0x00, 0x0B, 0xFF, 0x60, 0x00, 0x00, 0x00, 0x00, 0x0C, 0xFE, 0x00,
  0x00, 0x00, 0x00, 0x00, 0x4F, 0xF8, 0x00, 0x00, 0x00, 0x06, 0x97, 0xEF, 0xE1, 0x00, 0x00, 0x00,
  0x0D, 0xFF, 0xFF, 0x60, 0x00, 0x00, 0x00, 0x18, 0xDF, 0xD6, 0x00, 0x00, 0x00, 0x00, 0x0F, 0xFF,
  0xFF, 0xFF, 0xFF, 0xF0, 0x0F, 0xFF, 0xFF, 0xFF, 0xFF, 0xF0, 0x06, 0x66, 0x66, 0x6D, 0xFF, 0xA0,
  0x00, 0x00, 0x00, 0x6F, 0xFB, 0x00, 0x00, 0x00, 0x05, 0xFF, 0xD1, 0x00, 0x00, 0x00, 0x3E, 0xFE,
  0x20, 0x00, 0x00, 0x02, 0xEF, 0xE3, 0x00, 0x00, 0x00, 0x1D, 0xFF, 0x40, 0x00, 0x00, 0x01, 0xCF,
  0xF6, 0x00, 0x00, 0x00, 0x0A, 0xFF, 0xD6, 0x66, 0x66, 0x60, 0x0F, 0xFF, 0xFF, 0xFF, 0xFF, 0xF0,
  0x0F, 0xFF, 0xFF, 0xFF, 0xFF, 0xF0, 0x00, 0x00, 0x00, 0x25, 0x30, 0x00, 0x00, 0x09, 0xFF, 0x80,
  0x00, 0x00, 0x5F, 0xFF, 0x80, 0x00, 0x00, 0xAF, 0xF6, 0x00, 0x00, 0x00, 0xCF, 0xE0, 0x00, 0x00,
  0x00, 0xEF, 0xC0, 0x00, 0x00, 0x00, 0xFF, 0xB0, 0x00, 0x00, 0x00, 0xFF, 0xB0, 0x00, 0x00, 0x01,
  0xFF, 0xA0, 0x00, 0x00, 0x04, 0xFF, 0x70, 0x00, 0x04, 0x9E, 0xFE, 0x20, 0x00, 0x0B, 0xFF, 0xD2,
  0x00, 0x00, 0x04, 0x8E, 0xFE, 0x20, 0x00, 0x00, 0x04, 0xFF, 0x80, 0x00, 0x00, 0x01, 0xFF, 0xA0,
  0x00, 0x00, 0x00, 0xFF, 0xB0, 0x00, 0x00, 0x00, 0xFF, 0xB0, 0x00, 0x00, 0x00, 0xEF, 0xC0, 0x00,
  0x00, 0x00, 0xCF, 0xF1, 0x00, 0x00, 0x00, 0x9F, 0xFB, 0x30, 0x00, 0x00, 0x3F, 0xFF, 0x80, 0x00,
  0x00, 0x04, 0xBE, 0x70, 0x00, 0xFF, 0xB0, 0x00, 0x0F, 0xFB, 0x00, 0x00, 0xFF, 0xB0, 0x00, 0x0F,
  0xFB, 0x00, 0x00, 0xFF, 0xB0, 0x00, 0x0F, 0xFB, 0x00, 0x00, 0xFF, 0xB0, 0x00, 0x0F, 0xFB, 0x00,
  0x00, 0xFF, 0xB0, 0x00, 0x0F, 0xFB, 0x00, 0x00, 0xFF, 0xB0, 0x00, 0x0F, 0xFB, 0x00, 0x00, 0xFF,
  0xB0, 0x00, 0x0F, 0xFB, 0x00, 0x00, 0xFF, 0xB0, 0x00, 0x0F, 0xFB, 0x00, 0x00, 0xFF, 0xB0, 0x00,
  0x0F, 0xFB, 0x00, 0x00, 0xFF, 0xB0, 0x00, 0x0F, 0xFB, 0x00, 0x00, 0xFF, 0xB0, 0x00, 0x0F, 0xFB,
  0x00, 0x00, 0xFF, 0xB0, 0x00, 0x0F, 0xFB, 0x00, 0x06, 0x41, 0x00, 0x00, 0x00, 0xFF, 0xE5, 0x00,
  0x00, 0x0F, 0xFF, 0xE1, 0x00, 0x00, 0x1B, 0xFF, 0x50, 0x00, 0x00, 0x4F, 0xF8, 0x00, 0x00, 0x01,
  0xFF, 0xA0, 0x00, 0x00, 0x0F, 0xFA, 0x00, 0x00, 0x00, 0xFF, 0xB0, 0x00, 0x00, 0x0E, 0xFB, 0x00,
  0x00, 0x00, 0xCF, 0xE0, 0x00, 0x00, 0x06, 0xFF, 0xB4, 0x00, 0x00, 0x08, 0xFF, 0xB0, 0x00, 0x07,
  0xFF, 0xB4, 0x00, 0x00, 0xDF, 0xD0, 0x00, 0x00, 0x0E, 0xFB, 0x00, 0x00, 0x00, 0xFF, 0xB0, 0x00,
  0x00, 0x1F, 0xFA, 0x00, 0x00, 0x02, 0xFF, 0x90, 0x00, 0x00, 0x6F, 0xF8, 0x00, 0x00, 0x8E, 0xFF,
  0x40, 0x00, 0x0F, 0xFF, 0xC0, 0x00, 0x00, 0xFD, 0x91, 0x00, 0x00, 0x00, 0x03, 0x65, 0x10, 0x00,
  0x00, 0x00, 0x00, 0x09, 0xFF, 0xFF, 0x60, 0x00, 0x12, 0x10, 0x06, 0xFF, 0xFF, 0xFF, 0x50, 0x0D,
  0xF6, 0x00, 0xCF, 0xB1, 0x5F, 0xFF, 0x8A, 0xFF, 0x30, 0x0A, 0xA3, 0x00, 0x5F, 0xFF, 0xFF, 0xA0,
  0x00, 0x00, 0x00, 0x00, 0x4B, 0xEE, 0x80, 0x00, 0x00, 0x00, 0x00, 0x00, 0x00, 0x00, 0x00, 0x00,
  0x00, 0x00, 0x00, 0x00, 0x00, 0x00, 0x00, 0x00, 0x00, 0x00, 0x00, 0x00, 0x00, 0x00, 0x00, 0x00,
  0x00, 0x00, 0x00, 0x00, 0x00, 0x00, 0x00, 0x00, 0x00, 0x00, 0x00, 0x00, 0x00, 0x00, 0x00, 0x8E,
  0x80, 0x00, 0x0E, 0xFE, 0x00, 0x00, 0x8E, 0x80, 0x00, 0x00, 0x00, 0x00, 0x00, 0x00, 0x00, 0x00,
  0x00, 0x00, 0x00, 0x00, 0xBF, 0xF0, 0x00, 0x0B, 0xFF, 0x00, 0x00, 0xBF, 0xF0, 0x00, 0x0B, 0xFF,
  0x00, 0x00, 0xBF, 0xF0, 0x00, 0x0B, 0xFF, 0x00, 0x00, 0xBF, 0xF0, 0x00, 0x0B, 0xFF, 0x00, 0x00,
  0xBF, 0xF0, 0x00, 0x0B, 0xFF, 0x00, 0x00, 0xBF, 0xF0, 0x00, 0x00, 0x5C, 0xFC, 0x50, 0x00, 0x5F,
  0xFF, 0xFF, 0x50, 0x0D, 0xFB, 0x7B, 0xFD, 0x00, 0xFF, 0x20, 0x2F, 0xF0, 0x0C, 0xFC, 0x7C, 0xFC,
  0x00, 0x5F, 0xFF, 0xFF, 0x50, 0x00, 0x5C, 0xFC, 0x50, 0x00, 0x00, 0x00, 0x00, 0x00, 0x00, 0x00,
  0x00, 0x00, 0x00, 0x00, 0x00, 0x00, 0x00, 0x00, 0x00, 0x00, 0x00, 0x00, 0x00, 0x00, 0x00, 0x00,
  0x00, 0x00, 0x00, 0x00, 0x00, 0x00, 0x00, 0x00, 0x00, 0x00, 0x00, 0x00, 0x00, 0x00, 0x00, 0x00,
  0x00, 0x00, 0x00, 0x00, 0x00, 0x00, 0x00, 0x08, 0xE8, 0x00, 0xEF, 0xE0, 0x08, 0xE8, 0x00, 0x00,
  0x00, 0x00, 0x00, 0x00, 0x00, 0x00, 0x00, 0x00, 0x00, 0x00, 0x00, 0x00, 0x00, 0x00, 0x00, 0x00,
  0x08, 0xE8, 0x00, 0x00, 0x00, 0x00, 0xEF, 0xE0, 0x00, 0x00, 0x00, 0x08, 0xE8, 0x00, 0x00, 0x00,
  0x00, 0x00, 0x00, 0x00, 0x00, 0x00, 0x00, 0x00, 0x00, 0x00, 0x00, 0x00, 0xBF, 0xF0, 0x00, 0x00,
  0x00, 0x0B, 0xFF, 0x00, 0x00, 0x00, 0x38, 0xEF, 0xF0, 0x00, 0x00, 0x8F, 0xFF, 0xFF, 0x00, 0x00,
  0x5F, 0xFC, 0x30, 0x00, 0x00, 0x0C, 0xFE, 0x10, 0x00, 0x00, 0x00, 0xEF, 0xC0, 0x00, 0x00, 0x00,
  0x0E, 0xFC, 0x00, 0x00, 0x00, 0x00, 0xBF, 0xF4, 0x00, 0x0B, 0xB6, 0x05, 0xFF, 0xF9, 0x7C, 0xFF,
  0x90, 0x08, 0xFF, 0xFF, 0xFF, 0xC1, 0x00, 0x04, 0xBE, 0xEC, 0x71, 0x00, 0x00, 0x00, 0x00, 0x00,
  0x07, 0x87, 0x10, 0x00, 0x00, 0x00, 0x00, 0x00, 0x09, 0xFF, 0x60, 0x00, 0x00, 0x00, 0x00, 0x00,
  0x08, 0xFF, 0x50, 0x00, 0x00, 0x00, 0x00, 0x00, 0x02, 0x88, 0x40, 0x00, 0x00, 0x00, 0x00, 0x00,
  0x00, 0x00, 0x00, 0x00, 0x00, 0x00, 0x00, 0x00, 0x00, 0x05, 0xFF, 0xF1, 0x00, 0x00, 0x00, 0x00,
  0x00, 0x00, 0xBF, 0xFF, 0x70, 0x00, 0x00, 0x00, 0x00, 0x00, 0x2F, 0xFF, 0xFD, 0x00, 0x00, 0x00,
  0x00, 0x00, 0x08, 0xFF, 0xCF, 0xF5, 0x00, 0x00, 0x00, 0x00, 0x01, 0xEF, 0xD2, 0xFF, 0xB0, 0x00,
  0x00, 0x00, 0x00, 0x6F, 0xF7, 0x0A, 0xFF, 0x30, 0x00, 0x00, 0x00, 0x0C, 0xFE, 0x10, 0x4F, 0xF9,
  0x00, 0x00, 0x00, 0x03, 0xFF, 0x90, 0x00, 0xCF, 0xE1, 0x00, 0x00, 0x00, 0xAF, 0xF3, 0x00, 0x06,
  0xFF, 0x60, 0x00, 0x00, 0x1F, 0xFE, 0x66, 0x66, 0x7F, 0xFD, 0x00, 0x00, 0x07, 0xFF, 0xFF, 0xFF,
  0xFF, 0xFF, 0xF4, 0x00, 0x00, 0xDF, 0xFF, 0xFF, 0xFF, 0xFF, 0xFF, 0xA0, 0x00, 0x5F, 0xF9, 0x00,
  0x00, 0x00, 0x0C, 0xFF, 0x20, 0x0B, 0xFF, 0x30, 0x00, 0x00, 0x00, 0x6F, 0xF8, 0x02, 0xFF, 0xC0,
  0x00, 0x00, 0x00, 0x01, 0xEF, 0xE0, 0x9F, 0xF6, 0x00, 0x00, 0x00, 0x00, 0x09, 0xFF, 0x60, 0x00,
  0x00, 0x00, 0x01, 0x78, 0x70, 0x00, 0x00, 0x00, 0x00, 0x1C, 0xFE, 0x40, 0x00, 0x00, 0x00, 0x01,
  0xCF, 0xE3, 0x00, 0x00, 0x00, 0x00, 0x04, 0x88, 0x30, 0x00, 0x00, 0x00, 0x00, 0x00, 0x00, 0x00,
  0x00, 0x00, 0x00, 0xFF, 0xFF, 0xFF, 0xFF, 0xFF, 0x80, 0x00, 0xFF, 0xFF, 0xFF, 0xFF, 0xFF, 0x80,
  0x00, 0xFF, 0xD6, 0x66, 0x66, 0x66, 0x30, 0x00, 0xFF, 0xB0, 0x00, 0x00, 0x00, 0x00, 0x00, 0xFF,
  0xB0, 0x00, 0x00, 0x00, 0x00, 0x00, 0xFF, 0xB0, 0x00, 0x00, 0x00, 0x00, 0x00, 0xFF, 0xD6, 0x66,
  0x66, 0x63, 0x00, 0x00, 0xFF, 0xFF, 0xFF, 0xFF, 0xF8, 0x00, 0x00, 0xFF, 0xFF, 0xFF, 0xFF, 0xF8,
  0x00, 0x00, 0xFF, 0xB0, 0x00, 0x00, 0x00, 0x00, 0x00, 0xFF, 0xB0, 0x00, 0x00, 0x00, 0x00, 0x00,
  0xFF, 0xB0, 0x00, 0x00, 0x00, 0x00, 0x00, 0xFF, 0xB0, 0x00, 0x00, 0x00, 0x00, 0x00, 0xFF, 0xD6,
  0x66, 0x66, 0x66, 0x30, 0x00, 0xFF, 0xFF, 0xFF, 0xFF, 0xFF, 0x80, 0x00, 0xFF, 0xFF, 0xFF, 0xFF,
  0xFF, 0x80, 0x00, 0x00, 0x78, 0x71, 0x00, 0x0A, 0xFF, 0x50, 0x00, 0x8F, 0xF5, 0x00, 0x02, 0x88,
  0x40, 0x00, 0x00, 0x00, 0x00, 0x00, 0x00, 0xFF, 0xB0, 0x00, 0x00, 0xFF, 0xB0, 0x00, 0x00, 0xFF,
  0xB0, 0x00, 0x00, 0xFF, 0xB0, 0x00, 0x00, 0xFF, 0xB0, 0x00, 0x00, 0xFF, 0xB0, 0x00, 0x00, 0xFF,
  0xB0, 0x00, 0x00, 0xFF, 0xB0, 0x00, 0x00, 0xFF, 0xB0, 0x00, 0x00, 0xFF, 0xB0, 0x00, 0x00, 0xFF,
  0xB0, 0x00, 0x00, 0xFF, 0xB0, 0x00, 0x00, 0xFF, 0xB0, 0x00, 0x00, 0xFF, 0xB0, 0x00, 0x00, 0xFF,
  0xB0, 0x00, 0x00, 0xFF, 0xB0, 0x00, 0x00, 0x00, 0x00, 0x16, 0x72, 0x00, 0x00, 0x00, 0x00, 0x00,
  0x00, 0x00, 0x1E, 0xFF, 0xE4, 0x1B, 0xA0, 0x00, 0x00, 0x00, 0x00, 0x07, 0xFB, 0x7F, 0xFE, 0xFA,
  0x00, 0x00, 0x00, 0x00, 0x00, 0x23, 0x10, 0x5D, 0xEA, 0x10, 0x00, 0x00, 0x00, 0x00, 0x00, 0x00,
  0x00, 0x00, 0x00, 0x00, 0x00, 0x00, 0x0F, 0xFF, 0x30, 0x00, 0x00, 0x00, 0x0F, 0xFB, 0x00, 0x00,
  0xFF, 0xFE, 0x10, 0x00, 0x00, 0x00, 0xFF, 0xB0, 0x00, 0x0F, 0xFF, 0xFC, 0x00, 0x00, 0x00, 0x0F,
  0xFB, 0x00, 0x00, 0xFF, 0xFF, 0xF9, 0x00, 0x00, 0x00, 0xFF, 0xB0, 0x00, 0x0F, 0xFD, 0xEF, 0xF6,
  0x00, 0x00, 0x0F, 0xFB, 0x00, 0x00, 0xFF, 0xB5, 0xFF, 0xF3, 0x00, 0x00, 0xFF, 0xB0, 0x00, 0x0F,
  0xFB, 0x08, 0xFF, 0xD1, 0x00, 0x0F, 0xFB, 0x00, 0x00, 0xFF, 0xB0, 0x0B, 0xFF, 0xB0, 0x00, 0xFF,
  0xB0, 0x00, 0x0F, 0xFB, 0x00, 0x1D, 0xFF, 0x80, 0x0F, 0xFB, 0x00, 0x00, 0xFF, 0xB0, 0x00, 0x3E,
  0xFF, 0x50, 0xFF, 0xB0, 0x00, 0x0F, 0xFB, 0x00, 0x00, 0x5F, 0xFE, 0x3F, 0xFB, 0x00, 0x00, 0xFF,
  0xB0, 0x00, 0x00, 0x9F, 0xFD, 0xFF, 0xB0, 0x00, 0x0F, 0xFB, 0x00, 0x00, 0x00, 0xBF, 0xFF, 0xFB,
  0x00, 0x00, 0xFF, 0xB0, 0x00, 0x00, 0x01, 0xDF, 0xFF, 0xB0, 0x00, 0x0F, 0xFB, 0x00, 0x00, 0x00,
  0x03, 0xFF, 0xFB, 0x00, 0x00, 0xFF, 0xB0, 0x00, 0x00, 0x00, 0x06, 0xFF, 0xB0, 0x00, 0x00, 0x00,
  0x00, 0x00, 0x03, 0xEF, 0xD2, 0x00, 0x00, 0x00, 0x00, 0x00, 0x00, 0x03, 0xEF, 0xC1, 0x00, 0x00,
  0x00, 0x00, 0x00, 0x00, 0x02, 0xEF, 0xC1, 0x00, 0x00, 0x00, 0x00, 0x00, 0x00, 0x00, 0x00, 0x00,
  0x00, 0x00, 0x00, 0x00, 0x00, 0x00, 0x00, 0x00, 0x00, 0x00, 0x00, 0x00, 0x00, 0x00, 0x00, 0x00,
  0x39, 0xCE, 0xFE, 0xB7, 0x10, 0x00, 0x00, 0x00, 0x00, 0x9F, 0xFF, 0xFF, 0xFF, 0xFE, 0x60, 0x00,
  0x00, 0x00, 0xCF, 0xFF, 0xB8, 0x78, 0xCF, 0xFF, 0x80, 0x00, 0x00, 0x9F, 0xFC, 0x20, 0x00, 0x00,
  0x5E, 0xFF, 0x50, 0x00, 0x4F, 0xFD, 0x10, 0x00, 0x00, 0x00, 0x3F, 0xFE, 0x10, 0x09, 0xFF, 0x40,
  0x00, 0x00, 0x00, 0x00, 0x9F, 0xF5, 0x00, 0xDF, 0xE0, 0x00, 0x00, 0x00, 0x00, 0x03, 0xFF, 0x90,
  0x0F, 0xFC, 0x00, 0x00, 0x00, 0x00, 0x00, 0x1F, 0xFA, 0x00, 0xFF, 0xC0, 0x00, 0x00, 0x00, 0x00,
  0x01, 0xFF, 0xA0, 0x0D, 0xFE, 0x00, 0x00, 0x00, 0x00, 0x00, 0x3F, 0xF9, 0x00, 0x9F, 0xF4, 0x00,
  0x00, 0x00, 0x00, 0x09, 0xFF, 0x50, 0x04, 0xFF, 0xD1, 0x00, 0x00, 0x00, 0x03, 0xFF, 0xE1, 0x00,
  0x0A, 0xFF, 0xC3, 0x00, 0x00, 0x04, 0xEF, 0xF6, 0x00, 0x00, 0x1C, 0xFF, 0xFB, 0x87, 0x8C, 0xFF,
  0xF9, 0x00, 0x00, 0x00, 0x09, 0xFF, 0xFF, 0xFF, 0xFF, 0xF6, 0x00, 0x00, 0x00, 0x00, 0x03, 0x9C,
  0xEF, 0xEC, 0x82, 0x00, 0x00, 0x00, 0x00, 0x00, 0x00, 0x00, 0x0A, 0xFF, 0x80, 0x00, 0x00, 0x00,
  0x00, 0x00, 0x0A, 0xFF, 0x70, 0x00, 0x00, 0x00, 0x00, 0x00, 0x09, 0xFF, 0x60, 0x00, 0x00, 0x00,
  0x00, 0x00, 0x00, 0x00, 0x00, 0x00, 0x00, 0x00, 0x00, 0x00, 0x00, 0x00, 0x00, 0x00, 0x00, 0x00,
  0x00, 0x0F, 0xFB, 0x00, 0x00, 0x00, 0x00, 0xFF, 0xB0, 0x00, 0xFF, 0xB0, 0x00, 0x00, 0x00, 0x0F,
  0xFB, 0x00, 0x0F, 0xFB, 0x00, 0x00, 0x00, 0x00, 0xFF, 0xB0, 0x00, 0xFF, 0xB0, 0x00, 0x00, 0x00,
  0x0F, 0xFB, 0x00, 0x0F, 0xFB, 0x00, 0x00, 0x00, 0x00, 0xFF, 0xB0, 0x00, 0xFF, 0xB0, 0x00, 0x00,
  0x00, 0x0F, 0xFB, 0x00, 0x0F, 0xFB, 0x00, 0x00, 0x00, 0x00, 0xFF, 0xB0, 0x00, 0xFF, 0xB0, 0x00,
  0x00, 0x00, 0x0F, 0xFB, 0x00, 0x0F, 0xFB, 0x00, 0x00, 0x00, 0x00, 0xFF, 0xB0, 0x00, 0xFF, 0xB0,
  0x00, 0x00, 0x00, 0x0F, 0xFB, 0x00, 0x0E, 0xFC, 0x00, 0x00, 0x00, 0x01, 0xFF, 0xA0, 0x00, 0xCF,
  0xF2, 0x00, 0x00, 0x00, 0x6F, 0xF8, 0x00, 0x06, 0xFF, 0xC2, 0x00, 0x00, 0x4E, 0xFF, 0x20, 0x00,
  0x1C, 0xFF, 0xFB, 0x89, 0xCF, 0xFF, 0x80, 0x00, 0x00, 0x2B, 0xFF, 0xFF, 0xFF, 0xFF, 0x90, 0x00,
  0x00, 0x00, 0x05, 0xAD, 0xFE, 0xD9, 0x30, 0x00, 0x00, 0x00, 0x00, 0x16, 0x20, 0x00, 0x16, 0x20,
  0x00, 0x00, 0x00, 0x09, 0xFD, 0x00, 0x09, 0xFD, 0x00, 0x00, 0x00, 0x00, 0x6E, 0x90, 0x00, 0x6E,
  0x90, 0x00, 0x00, 0x00, 0x00, 0x00, 0x00, 0x00, 0x00, 0x00, 0x00, 0x00, 0x00, 0x00, 0x00, 0x00,
  0x00, 0x00, 0x00, 0x00, 0x00, 0x00, 0x00, 0x00, 0x00, 0x00, 0x00, 0x00, 0x00, 0xFF, 0xB0, 0x00,
  0x00, 0x00, 0x0F, 0xFB, 0x00, 0x0F, 0xFB, 0x00, 0x00, 0x00, 0x00, 0xFF, 0xB0, 0x00, 0xFF, 0xB0,
  0x00, 0x00, 0x00, 0x0F, 0xFB, 0x00, 0x0F, 0xFB, 0x00, 0x00, 0x00, 0x00, 0xFF, 0xB0, 0x00, 0xFF,
  0xB0, 0x00, 0x00, 0x00, 0x0F, 0xFB, 0x00, 0x0F, 0xFB, 0x00, 0x00, 0x00, 0x00, 0xFF, 0xB0, 0x00,
  0xFF, 0xB0, 0x00, 0x00, 0x00, 0x0F, 0xFB, 0x00, 0x0F, 0xFB, 0x00, 0x00, 0x00, 0x00, 0xFF, 0xB0,
  0x00, 0xFF, 0xB0, 0x00, 0x00, 0x00, 0x0F, 0xFB, 0x00, 0x0F, 0xFB, 0x00, 0x00, 0x00, 0x00, 0xFF,
  0xB0, 0x00, 0xEF, 0xC0, 0x00, 0x00, 0x00, 0x1F, 0xFA, 0x00, 0x0C, 0xFF, 0x20, 0x00, 0x00, 0x05,
  0xFF, 0x80, 0x00, 0x6F, 0xFB, 0x10, 0x00, 0x03, 0xEF, 0xF2, 0x00, 0x01, 0xCF, 0xFE, 0x97, 0x7A,
  0xFF, 0xF8, 0x00, 0x00, 0x02, 0xBF, 0xFF, 0xFF, 0xFF, 0xF9, 0x00, 0x00, 0x00, 0x00, 0x5A, 0xDF,
  0xED, 0x93, 0x00, 0x00, 0x00, 0x00, 0x00, 0x5F, 0xFC, 0x10, 0x00, 0x00, 0x00, 0x5F, 0xFA, 0x10,
  0x00, 0x00, 0x00, 0x3D, 0xD9, 0x00, 0x00, 0x00, 0x00, 0x00, 0x00, 0x00, 0x00, 0x00, 0x00, 0x05,
  0xBE, 0xFD, 0xA3, 0x00, 0x00, 0x09, 0xFF, 0xFF, 0xFF, 0xF5, 0x00, 0x06, 0xFF, 0xD8, 0x7A, 0xFF,
  0xE2, 0x00, 0x04, 0x71, 0x00, 0x08, 0xFF, 0x60, 0x00, 0x01, 0x46, 0x66, 0x8F, 0xF9, 0x00, 0x08,
  0xEF, 0xFF, 0xFF, 0xFF, 0xB0, 0x08, 0xFF, 0xFF, 0xFF, 0xFF, 0xFB, 0x00, 0xDF, 0xE5, 0x10, 0x01,
  0xFF, 0xB0, 0x0F, 0xFC, 0x00, 0x00, 0x8F, 0xFB, 0x00, 0xCF, 0xFA, 0x77, 0xBF, 0xFF, 0xB0, 0x05,
  0xFF, 0xFF, 0xFF, 0xBF, 0xFB, 0x00, 0x03, 0xAD, 0xFD, 0x91, 0xFF, 0xB0, 0x00, 0x00, 0x00, 0x05,
  0xFF, 0xB1, 0x00, 0x00, 0x00, 0x00, 0x5F, 0xFA, 0x00, 0x00, 0x00, 0x00, 0x03, 0xDD, 0x90, 0x00,
  0x00, 0x00, 0x00, 0x00, 0x00, 0x00, 0x00, 0x00, 0x00, 0x01, 0x6C, 0xEE, 0xD8, 0x10, 0x00, 0x00,
  0x2C, 0xFF, 0xFF, 0xFF, 0xE4, 0x00, 0x01, 0xDF, 0xFB, 0x87, 0xAF, 0xFE, 0x10, 0x07, 0xFF, 0x40,
  0x00, 0x03, 0xFF, 0x80, 0x0C, 0xFF, 0xFF, 0xFF, 0xFF, 0xFF, 0xC0, 0x0E, 0xFF, 0xFF, 0xFF, 0xFF,
  0xFF, 0xE0, 0x0E, 0xFE, 0x00, 0x00, 0x00, 0x00, 0x00, 0x0C, 0xFF, 0x30, 0x00, 0x00, 0x30, 0x00,
  0x07, 0xFF, 0xD1, 0x00, 0x04, 0xFD, 0x50, 0x01, 0xDF, 0xFE, 0x97, 0xAF, 0xFF, 0x40, 0x00, 0x2D,
  0xFF, 0xFF, 0xFF, 0xF6, 0x00, 0x00, 0x01, 0x7C, 0xEF, 0xD9, 0x20, 0x00, 0x00, 0x04, 0xEF, 0xC1,
  0x00, 0x5F, 0xFA, 0x10, 0x02, 0xAB, 0x80, 0x00, 0x00, 0x00, 0x00, 0x00, 0x00, 0xFF, 0xB0, 0x00,
  0x00, 0xFF, 0xB0, 0x00, 0x00, 0xFF, 0xB0, 0x00, 0x00, 0xFF, 0xB0, 0x00, 0x00, 0xFF, 0xB0, 0x00,
  0x00, 0xFF, 0xB0, 0x00, 0x00, 0xFF, 0xB0, 0x00, 0x00, 0xFF, 0xB0, 0x00, 0x00, 0xFF, 0xB0, 0x00,
  0x00, 0xFF, 0xB0, 0x00, 0x00, 0xFF, 0xB0, 0x00, 0x00, 0xFF, 0xB0, 0x00, 0x00, 0x01, 0x67, 0x20,
  0x00, 0x00, 0x00, 0x01, 0xDF, 0xFE, 0x33, 0xB7, 0x00, 0x00, 0x5F, 0xC6, 0xFF, 0xEF, 0x50, 0x00,
  0x02, 0x31, 0x05, 0xEE, 0x80, 0x00, 0x00, 0x00, 0x00, 0x00, 0x00, 0x00, 0x00, 0xFF, 0xB2, 0x9E,
  0xFD, 0x70, 0x00, 0x0F, 0xFC, 0xDF, 0xFF, 0xFF, 0xA0, 0x00, 0xFF, 0xFF, 0xA7, 0xAF, 0xFF, 0x30,
  0x0F, 0xFF, 0x60, 0x00, 0x8F, 0xF8, 0x00, 0xFF, 0xE0, 0x00, 0x02, 0xFF, 0xA0, 0x0F, 0xFB, 0x00,
  0x00, 0x0F, 0xFB, 0x00, 0xFF, 0xB0, 0x00, 0x00, 0xFF, 0xB0, 0x0F, 0xFB, 0x00, 0x00, 0x0F, 0xFB,
  0x00, 0xFF, 0xB0, 0x00, 0x00, 0xFF, 0xB0, 0x0F, 0xFB, 0x00, 0x00, 0x0F, 0xFB, 0x00, 0xFF, 0xB0,
  0x00, 0x00, 0xFF, 0xB0, 0x0F, 0xFB, 0x00, 0x00, 0x0F, 0xFB, 0x00, 0x00, 0x00, 0x00, 0x0A, 0xFF,
  0x50, 0x00, 0x00, 0x00, 0x00, 0x9F, 0xF4, 0x00, 0x00, 0x00, 0x00, 0x06, 0xDD, 0x40, 0x00, 0x00,
  0x00, 0x00, 0x00, 0x00, 0x00, 0x00, 0x00, 0x00, 0x01, 0x7C, 0xEE, 0xC7, 0x10, 0x00, 0x00, 0x3D,
  0xFF, 0xFF, 0xFF, 0xD3, 0x00, 0x01, 0xDF, 0xFC, 0x77, 0xCF, 0xFD, 0x10, 0x07, 0xFF, 0x90, 0x00,
  0x0A, 0xFF, 0x70, 0x0C, 0xFE, 0x10, 0x00, 0x01, 0xEF, 0xC0, 0x0E, 0xFC, 0x00, 0x00, 0x00, 0xCF,
  0xE0, 0x0E, 0xFC, 0x00, 0x00, 0x00, 0xCF, 0xE0, 0x0C, 0xFE, 0x10, 0x00, 0x01, 0xEF, 0xC0, 0x07,
  0xFF, 0xA0, 0x00, 0x09, 0xFF, 0x70, 0x01, 0xDF, 0xFC, 0x77, 0xCF, 0xFD, 0x10, 0x00, 0x2D, 0xFF,
  0xFF, 0xFF, 0xD3, 0x00, 0x00, 0x01, 0x7C, 0xEE, 0xC7, 0x10, 0x00, 0x00, 0x00, 0x00, 0x2D, 0xFE,
  0x30, 0x00, 0x00, 0x00, 0x2D, 0xFC, 0x20, 0x00, 0x00, 0x00, 0x19, 0xB9, 0x10, 0x00, 0x00, 0x00,
  0x00, 0x00, 0x00, 0x00, 0x00, 0x0F, 0xFB, 0x00, 0x00, 0x0B, 0xFF, 0x00, 0xFF, 0xB0, 0x00, 0x00,
  0xBF, 0xF0, 0x0F, 0xFB, 0x00, 0x00, 0x0B, 0xFF, 0x00, 0xFF, 0xB0, 0x00, 0x00, 0xBF, 0xF0, 0x0F,
  0xFB, 0x00, 0x00, 0x0B, 0xFF, 0x00, 0xFF, 0xB0, 0x00, 0x00, 0xBF, 0xF0, 0x0F, 0xFB, 0x00, 0x00,
  0x0C, 0xFF, 0x00, 0xEF, 0xD0, 0x00, 0x00, 0xEF, 0xF0, 0x0C, 0xFF, 0x40, 0x00, 0x6F, 0xFF, 0x00,
  0x7F, 0xFE, 0x87, 0xAF, 0xFF, 0xF0, 0x01, 0xDF, 0xFF, 0xFF, 0xDC, 0xFF, 0x00, 0x01, 0x8D, 0xFE,
  0x91, 0xBF, 0xF0, 0x00, 0x37, 0x10, 0x00, 0x17, 0x30, 0x00, 0x0E, 0xFA, 0x00, 0x0A, 0xFE, 0x00,
  0x00, 0x8D, 0x50, 0x00, 0x5D, 0x80, 0x00, 0x00, 0x00, 0x00, 0x00, 0x00, 0x00, 0x00, 0x00, 0x00,
  0x00, 0x00, 0x00, 0x00, 0xFF, 0xB0, 0x00, 0x00, 0xBF, 0xF0, 0x0F, 0xFB, 0x00, 0x00, 0x0B, 0xFF,
  0x00, 0xFF, 0xB0, 0x00, 0x00, 0xBF, 0xF0, 0x0F, 0xFB, 0x00, 0x00, 0x0B, 0xFF, 0x00, 0xFF, 0xB0,
  0x00, 0x00, 0xBF, 0xF0, 0x0F, 0xFB, 0x00, 0x00, 0x0B, 0xFF, 0x00, 0xFF, 0xB0, 0x00, 0x00, 0xCF,
  0xF0, 0x0E, 0xFD, 0x00, 0x00, 0x0E, 0xFF, 0x00, 0xCF, 0xF4, 0x00, 0x06, 0xFF, 0xF0, 0x07, 0xFF,
  0xE8, 0x7A, 0xFF, 0xFF, 0x00, 0x1D, 0xFF, 0xFF, 0xFD, 0xCF, 0xF0, 0x00, 0x18, 0xDF, 0xE9, 0x1B,
  0xFF, 0x00, 0x66, 0x66, 0x66, 0x66, 0x66, 0x66, 0x6F, 0xFF, 0xFF, 0xFF, 0xFF, 0xFF, 0xFF, 0xFF,
  0xFF, 0xFF, 0xFF, 0xFF, 0xFF, 0xF0, 0x00, 0x00, 0x00, 0x00, 0x00, 0x00, 0x00, 0x00, 0x00, 0x00,
  0x00, 0x00, 0x00, 0x00, 0x00, 0x00, 0x00, 0x00, 0x00, 0x00, 0x00, 0x00, 0x00, 0x00, 0x00, 0x00,
  0x00, 0x00, 0x00, 0x00, 0x00, 0x00, 0x00, 0x00, 0x00, 0x00, 0x00, 0x00, 0x00, 0x66, 0x66, 0x66,
  0x66, 0x66, 0x66, 0x66, 0x66, 0x66, 0x66, 0x66, 0x66, 0x66, 0xFF, 0xFF, 0xFF, 0xFF, 0xFF, 0xFF,
  0xFF, 0xFF, 0xFF, 0xFF, 0xFF, 0xFF, 0xFF, 0xFF, 0xFF, 0xFF, 0xFF, 0xFF, 0xFF, 0xFF, 0xFF, 0xFF,
  0xFF, 0xFF, 0xFF, 0xFF, 0x00, 0x00, 0x00, 0x00, 0x00, 0x00, 0x00, 0x00, 0x00, 0x00, 0x00, 0x00,
  0x00, 0x00, 0x00, 0x00, 0x00, 0x00, 0x00, 0x00, 0x00, 0x00, 0x00, 0x00, 0x00, 0x00, 0x00, 0x00,
  0x00, 0x00, 0x00, 0x00, 0x00, 0x00, 0x00, 0x00, 0x00, 0x00, 0x00, 0x00, 0x00, 0x00, 0x00, 0x00,
  0x00, 0x00, 0x00, 0x00, 0x00, 0x00, 0x00, 0x00, 0x00, 0x00, 0x00, 0x00, 0x00, 0x00, 0x00, 0x00,
  0x00, 0x00, 0x00, 0x00, 0x00, 0x00, 0x00, 0x00, 0x00, 0x00, 0x00, 0x00, 0x00, 0x00, 0x00, 0x00,
  0x00, 0x00, 0x00, 0xCF, 0x60, 0x3F, 0xF2, 0x0A, 0xFC, 0x02, 0xFF, 0x80, 0x8F, 0xF4, 0x00, 0x00,
  0x00, 0x00, 0x00, 0x00, 0x00, 0x00, 0x00, 0x00, 0x00, 0x00, 0x00, 0x00, 0x00, 0x00, 0x00, 0x00,
  0x00, 0x00, 0x00, 0x00, 0x00, 0x00, 0x00, 0x00, 0x00, 0x00, 0x05, 0xFF, 0x60, 0xAF, 0xE1, 0x0E,
  0xF8, 0x03, 0xFF, 0x20, 0x8F, 0xA0, 0x00, 0x00, 0x00, 0x00, 0x00, 0x00, 0x00, 0x00, 0x00, 0x00,
  0x00, 0x00, 0x00, 0x00, 0x00, 0x00, 0x00, 0x00, 0x00, 0x00, 0x00, 0x00, 0x00, 0x00, 0x00, 0x00,
  0x00, 0x00, 0x00, 0xCF, 0x60, 0x8F, 0xA0, 0x3F, 0xF2, 0x0E, 0xF5, 0x0A, 0xFC, 0x06, 0xFF, 0x12,
  0xFF, 0x80, 0xCF, 0xC0, 0x8F, 0xF4, 0x4F, 0xF8, 0x00, 0x00, 0x00, 0x00, 0x00, 0x00, 0x00, 0x00,
  0x00, 0x00, 0x00, 0x00, 0x00, 0x00, 0x00, 0x00, 0x00, 0x00, 0x00, 0x00, 0x00, 0x00, 0x00, 0x00,
  0x00, 0x00, 0x00, 0x00, 0x00, 0x00, 0x00, 0x00, 0x00, 0x00, 0x00, 0x00, 0x00, 0x00, 0x00, 0x00,
  0x00, 0x00, 0x00, 0x00, 0x00, 0x00, 0x00, 0x00, 0x00, 0x00, 0x05, 0xFF, 0x61, 0xFF, 0xA0, 0xAF,
  0xE1, 0x6F, 0xF3, 0x0E, 0xF8, 0x0A, 0xFC, 0x03, 0xFF, 0x20, 0xEF, 0x50, 0x7F, 0xA0, 0x4F, 0xE0,
  0x00, 0x00, 0x00, 0x00, 0x00, 0x00, 0x00, 0x00, 0x00, 0x00, 0x00, 0x00, 0x00, 0x00, 0x00, 0x00,
  0x00, 0x00, 0x00, 0x00, 0x00, 0x00, 0x00, 0x00, 0x00, 0x00, 0x00, 0x00, 0x00, 0x00, 0x00, 0x00,
  0x00, 0x00, 0x00, 0x00, 0x00, 0x00, 0x00, 0x00, 0x00, 0x00, 0x00, 0x00, 0x00, 0x00, 0x00, 0x00,
  0x00, 0x00, 0x08, 0xE8, 0x00, 0x8E, 0x80, 0x08, 0xE8, 0x00, 0xEF, 0xE0, 0x0E, 0xFE, 0x00, 0xEF,
  0xE0, 0x08, 0xE8, 0x00, 0x8E, 0x80, 0x08, 0xE8, 0x00, 0x00, 0x00, 0xAF, 0xF7, 0x00, 0x00, 0x7F,
  0xFA, 0x00, 0x00, 0x4F, 0xFD, 0x10, 0x00, 0x2E, 0xFE, 0x30, 0x00, 0x0A, 0xFF, 0x80, 0x00, 0x00,
  0x2E, 0xFE, 0x30, 0x00, 0x00, 0x4F, 0xFD, 0x10, 0x00, 0x00, 0x7F, 0xFA, 0x00, 0x00, 0x00, 0xAF,
  0xF7, 0x00, 0x00, 0x00, 0x00, 0x00, 0x00, 0x00, 0x00, 0x00, 0x00, 0x00, 0x00, 0x00, 0x00, 0x04,
  0xFF, 0xC1, 0x00, 0x00, 0x07, 0xFF, 0xA0, 0x00, 0x00, 0x0B, 0xFF, 0x70, 0x00, 0x00, 0x1D, 0xFF,
  0x40, 0x00, 0x00, 0x5F, 0xFD, 0x00, 0x00, 0x1D, 0xFF, 0x40, 0x00, 0x0B, 0xFF, 0x70, 0x00, 0x07,
  0xFF, 0xA0, 0x00, 0x04, 0xFF, 0xC1, 0x00, 0x00, 0x00, 0x00, 0x00, 0x00, 0x00, 0x00, 0x00, 0x00,
  0x00, 0x00, 0x00, 0x00, 0x00
};
const Glifo F_TECLA_GLIFOS[] = {
  {0x0020, 0, 6, 0, 0, 0, 24},
  {0x0021, 0, 7, 16, 0, -16, 28},
  {0x0022, 56, 10, 16, 0, -16, 40},
  {0x0023, 136, 15, 16, 0, -16, 60},
  {0x0024, 256, 14, 21, 0, -19, 56},
  {0x0025, 403, 19, 16, 0, -16, 76},
  {0x0026, 555, 16, 16, 0, -16, 64},
  {0x0027, 683, 6, 16, 0, -16, 24},
  {0x0028, 731, 9, 21, 0, -19, 36},
  {0x0029, 826, 9, 21, 0, -19, 36},
  {0x002A, 921, 12, 16, 0, -16, 48},
  {0x002B, 1017, 16, 13, 0, -13, 64},
  {0x002C, 1121, 6, 5, 0, -2, 24},
  {0x002D, 1136, 9, 9, 0, -9, 36},
  {0x002E, 1177, 5, 3, 0, -3, 20},
  {0x002F, 1185, 10, 20, 0, -18, 40},
  {0x0030, 1285, 16, 16, 0, -16, 64},
  {0x0031, 1413, 10, 16, 0, -16, 40},
  {0x0032, 1493, 13, 16, 0, -16, 52},
  {0x0033, 1597, 13, 16, 0, -16, 52},
  {0x0034, 1701, 16, 16, 0, -16, 64},
  {0x0035, 1829, 14, 16, 0, -16, 56},
  {0x0036, 1941, 14, 16, 0, -16, 56},
  {0x0037, 2053, 14, 16, 0, -16, 56},
  {0x0038, 2165, 15, 16, 0, -16, 60},
  {0x0039, 2285, 14, 16, 0, -16, 56},
  {0x003A, 2397, 7, 12, 0, -12, 28},
  {0x003B, 2439, 7, 14, 0, -12, 28},
  {0x003C, 2488, 15, 12, 0, -12, 60},
  {0x003D, 2578, 16, 11, 0, -11, 64},
  {0x003E, 2666, 15, 12, 0, -12, 60},
  {0x003F, 2756, 13, 16, 0, -16, 52},
  {0x0040, 2860, 24, 21, 0, -16, 96},
  {0x0041, 3112, 17, 16, 0, -16, 68},
  {0x0042, 3248, 15, 16, 0, -16, 60},
  {0x0043, 3368, 17, 16, 0, -16, 68},
  {0x0044, 3504, 17, 16, 0, -16, 68},
  {0x0045, 3640, 14, 16, 0, -16, 56},
  {0x0046, 3752, 13, 16, 0, -16, 52},
  {0x0047, 3856, 18, 16, 0, -16, 72},
  {0x0048, 4000, 18, 16, 0, -16, 72},
  {0x0049, 4144, 7, 16, 0, -16, 28},
  {0x004A, 4200, 13, 16, -1, -16, 48},
  {0x004B, 4304, 16, 16, 0, -16, 60},
  {0x004C, 4432, 13, 16, 0, -16, 52},
  {0x004D, 4536, 21, 16, 0, -16, 84},
  {0x004E, 4704, 19, 16, 0, -16, 76},
  {0x004F, 4856, 19, 16, 0, -16, 76},
  {0x0050, 5008, 14, 16, 0, -16, 56},
  {0x0051, 5120, 19, 17, 0, -16, 76},
  {0x0052, 5282, 15, 16, 0, -16, 60},
  {0x0053, 5402, 15, 16, 0, -16, 60},
  {0x0054, 5522, 15, 16, 0, -16, 60},
  {0x0055, 5642, 17, 16, 0, -16, 68},
  {0x0056, 5778, 17, 16, 0, -16, 68},
  {0x0057, 5914, 24, 16, 0, -16, 92},
  {0x0058, 6106, 16, 16, 0, -16, 64},
  {0x0059, 6234, 15, 16, 0, -16, 60},
  {0x005A, 6354, 15, 16, 0, -16, 60},
  {0x005B, 6474, 8, 21, 0, -19, 32},
  {0x005C, 6558, 10, 20, 0, -18, 40},
  {0x005D, 6658, 9, 21, 0, -19, 36},
  {0x005E, 6753, 14, 17, 0, -17, 56},
  {0x005F, 6872, 12, 3, 0, -1, 48},
  {0x0060, 6890, 6, 16, 0, -16, 24},
  {0x0061, 6938, 13, 12, 0, -12, 52},
  {0x0062, 7016, 14, 16, 0, -16, 56},
  {0x0063, 7128, 13, 12, 0, -12, 52},
  {0x0064, 7206, 14, 16, 0, -16, 56},
  {0x0065, 7318, 14, 12, 0, -12, 56},
  {0x0066, 7402, 10, 16, 0, -16, 40},
  {0x0067, 7482, 14, 17, 0, -12, 56},
  {0x0068, 7601, 14, 16, 0, -16, 56},
  {0x0069, 7713, 5, 17, 0, -17, 20},
  {0x006A, 7756, 8, 22, -2, -17, 24},
  {0x006B, 7844, 12, 16, 0, -16, 48},
  {0x006C, 7940, 5, 16, 0, -16, 20},
  {0x006D, 7980, 20, 12, 0, -12, 80},
  {0x006E, 8100, 13, 12, 0, -12, 52},
  {0x006F, 8178, 14, 12, 0, -12, 56},
  {0x0070, 8262, 15, 17, 0, -12, 60},
  {0x0071, 8390, 14, 17, 0, -12, 56},
  {0x0072, 8509, 9, 12, 0, -12, 36},
  {0x0073, 8563, 11, 12, 0, -12, 44},
  {0x0074, 8629, 10, 16, 0, -16, 40},
  {0x0075, 8709, 13, 12, 0, -12, 52},
  {0x0076, 8787, 13, 12, 0, -12, 52},
  {0x0077, 8865, 20, 12, 0, -12, 80},
  {0x0078, 8985, 13, 12, 0, -12, 48},
  {0x0079, 9063, 14, 17, 0, -12, 52},
  {0x007A, 9182, 12, 12, 0, -12, 48},
  {0x007B, 9254, 10, 22, 0, -20, 40},
  {0x007C, 9364, 7, 24, 0, -19, 28},
  {0x007D, 9448, 9, 22, 0, -20, 36},
  {0x007E, 9547, 15, 11, 0, -11, 60},
  {0x00A1, 9630, 7, 17, 0, -12, 28},
  {0x00B0, 9690, 9, 17, 0, -17, 36},
  {0x00B7, 9767, 5, 9, 0, -9, 20},
  {0x00BF, 9790, 11, 17, 0, -12, 44},
  {0x00C1, 9884, 17, 21, 0, -21, 68},
  {0x00C9, 10063, 14, 21, 0, -21, 56},
  {0x00CD, 10210, 8, 21, 0, -21, 28},
  {0x00D1, 10294, 19, 21, 0, -21, 76},
  {0x00D3, 10494, 19, 21, 0, -21, 76},
  {0x00DA, 10694, 17, 21, 0, -21, 68},
  {0x00DC, 10873, 17, 22, 0, -22, 68},
  {0x00E1, 11060, 13, 16, 0, -16, 52},
  {0x00E9, 11164, 14, 16, 0, -16, 56},
  {0x00ED, 11276, 8, 16, 0, -16, 24},
  {0x00F1, 11340, 13, 17, 0, -17, 52},
  {0x00F3, 11451, 14, 16, 0, -16, 56},
  {0x00FA, 11563, 13, 16, 0, -16, 52},
  {0x00FC, 11667, 13, 17, 0, -17, 52},
  {0x2013, 11778, 13, 9, 0, -9, 52},
  {0x2014, 11837, 26, 9, 0, -9, 104},
  {0x2018, 11954, 5, 16, 0, -16, 20},
  {0x2019, 11994, 5, 16, 0, -16, 20},
  {0x201C, 12034, 9, 16, 0, -16, 36},
  {0x201D, 12106, 9, 16, 0, -16, 36},
  {0x2026, 12178, 15, 3, 0, -3, 60},
  {0x2039, 12201, 9, 12, 0, -12, 36},
  {0x203A, 12255, 9, 12, 0, -12, 36}
};
const Fuente F_TECLA = {F_TECLA_BITS, F_TECLA_GLIFOS, 122, 23, 6};

// F_TECLA_CHICA: Figtree 600, 16 px, 122 glifos, 5663 bytes
const uint8_t F_TECLA_CHICA_BITS[] = {
  0x00, 0xFC, 0x00, 0x0F, 0xC0, 0x00, 0xFC, 0x00, 0x0F, 0xC0, 0x00, 0xFC, 0x00, 0x0F, 0xC0, 0x00,
  0xFC, 0x00, 0x0F, 0xC0, 0x00, 0x00, 0x00, 0x06, 0x50, 0x00, 0xC9, 0x00, 0x0F, 0xCC, 0xF0, 0x0F,
  0xCC, 0xF0, 0x0F, 0xCC, 0xF0, 0x0F, 0xCC, 0xF0, 0x00, 0x00, 0x00, 0x00, 0x00, 0x00, 0x00, 0x00,
  0x00, 0x00, 0x00, 0x00, 0x00, 0x00, 0x00, 0x00, 0x00, 0x00, 0x00, 0x00, 0x00, 0x00, 0x09, 0xC0,
  0x1F, 0x40, 0x00, 0x0B, 0x90, 0x3F, 0x20, 0x00, 0x0E, 0x70, 0x6E, 0x00, 0x2F, 0xFF, 0xFF, 0xFF,
  0xFD, 0x29, 0xCF, 0xB9, 0xFF, 0x97, 0x00, 0x6F, 0x00, 0xD7, 0x00, 0x69, 0xFF, 0x9A, 0xFE, 0x93,
  0xCF, 0xFF, 0xFF, 0xFF, 0xF3, 0x00, 0xD8, 0x05, 0xF0, 0x00, 0x00, 0xF5, 0x07, 0xD0, 0x00, 0x03,
  0xF3, 0x0A, 0xA0, 0x00, 0x00, 0x00, 0xFC, 0x00, 0x00, 0x08, 0xDF, 0xF7, 0x00, 0x08, 0xFD, 0xFF,
  0xF7, 0x00, 0xDE, 0x1F, 0xDC, 0x80, 0x0E, 0xE0, 0xFC, 0x00, 0x00, 0xAF, 0xCF, 0xE0, 0x00, 0x01,
  0xAF, 0xFF, 0x90, 0x00, 0x00, 0x2F, 0xFF, 0x90, 0x00, 0x00, 0xFD, 0xEE, 0x02, 0xB9, 0x0F, 0xDE,
  0xE0, 0x0C, 0xFC, 0xFF, 0xF8, 0x00, 0x19, 0xDF, 0xF7, 0x00, 0x00, 0x00, 0xFC, 0x00, 0x00, 0x00,
  0x0F, 0xC0, 0x00, 0x02, 0xCF, 0xC2, 0x00, 0x07, 0xF5, 0x00, 0x0C, 0xFB, 0xFC, 0x00, 0x3F, 0x90,
  0x00, 0x0F, 0xD0, 0xDF, 0x01, 0xDC, 0x00, 0x00, 0x0C, 0xFB, 0xFC, 0x09, 0xE2, 0x00, 0x00, 0x02,
  0xCF, 0xC2, 0x5F, 0x50, 0x00, 0x00, 0x00, 0x00, 0x02, 0xE9, 0x00, 0x00, 0x00, 0x00, 0x00, 0x0B,
  0xC1, 0xAE, 0xE9, 0x10, 0x00, 0x00, 0x7E, 0x29, 0xF7, 0x7F, 0x90, 0x00, 0x03, 0xF6, 0x0C, 0xF1,
  0x1F, 0xC0, 0x00, 0x1D, 0x90, 0x08, 0xFC, 0xCF, 0x80, 0x00, 0x9D, 0x10, 0x01, 0x9E, 0xE9, 0x10,
  0x00, 0x1A, 0xEE, 0xA1, 0x00, 0x00, 0x0B, 0xFB, 0xBF, 0xB0, 0x00, 0x00, 0xED, 0x00, 0xDE, 0x00,
  0x00, 0x0B, 0xF3, 0x4F, 0xA0, 0x00, 0x00, 0x2E, 0xFF, 0xA1, 0x00, 0x00, 0x03, 0xFF, 0xF1, 0x00,
  0x00, 0x04, 0xFB, 0x8F, 0xB0, 0xDE, 0x00, 0xCE, 0x00, 0x8F, 0xDF, 0xB0, 0x0E, 0xE1, 0x00, 0xEF,
  0xF4, 0x00, 0xAF, 0xDA, 0xCF, 0xFF, 0x50, 0x01, 0x8E, 0xFD, 0xA5, 0xEE, 0x30, 0x0F, 0xC0, 0x0F,
  0xC0, 0x0F, 0xC0, 0x0F, 0xC0, 0x00, 0x00, 0x00, 0x00, 0x00, 0x00, 0x00, 0x00, 0x00, 0x00, 0x00,
  0x00, 0x00, 0x00, 0x00, 0x0A, 0xF3, 0x00, 0x5F, 0x80, 0x00, 0xDE, 0x10, 0x04, 0xF8, 0x00, 0x0A,
  0xF3, 0x00, 0x0D, 0xE0, 0x00, 0x0F, 0xD0, 0x00, 0x0F, 0xD0, 0x00, 0x0D, 0xE0, 0x00, 0x0A, 0xF3,
  0x00, 0x04, 0xF8, 0x00, 0x00, 0xDE, 0x10, 0x00, 0x5F, 0x80, 0x00, 0x0A, 0xF3, 0x5F, 0x70, 0x00,
  0x0B, 0xF2, 0x00, 0x02, 0xFB, 0x00, 0x00, 0xBF, 0x20, 0x00, 0x6F, 0x70, 0x00, 0x2F, 0xA0, 0x00,
  0x1F, 0xC0, 0x00, 0x1F, 0xC0, 0x00, 0x2F, 0xA0, 0x00, 0x6F, 0x70, 0x00, 0xBF, 0x20, 0x02, 0xFB,
  0x00, 0x0B, 0xF2, 0x00, 0x5F, 0x70, 0x00, 0x00, 0x3F, 0x00, 0x03, 0x74, 0xF2, 0x71, 0x5D, 0xFF,
  0xFC, 0x30, 0x0D, 0xFB, 0x00, 0x08, 0xD2, 0xE6, 0x00, 0x13, 0x03, 0x00, 0x00, 0x00, 0x00, 0x00,
  0x00, 0x00, 0x00, 0x00, 0x00, 0x00, 0x00, 0x00, 0x00, 0x00, 0x00, 0x00, 0x00, 0x00, 0x00, 0x00,
  0x32, 0x00, 0x00, 0x00, 0x00, 0xFC, 0x00, 0x00, 0x00, 0x00, 0xFC, 0x00, 0x00, 0x04, 0x44, 0xFF,
  0x44, 0x30, 0x0E, 0xFF, 0xFF, 0xFF, 0xB0, 0x04, 0x55, 0xFF, 0x55, 0x30, 0x00, 0x00, 0xFC, 0x00,
  0x00, 0x00, 0x00, 0xFC, 0x00, 0x00, 0x00, 0x00, 0x54, 0x00, 0x00, 0x0A, 0xF3, 0x0D, 0xD0, 0x2F,
  0x70, 0x5F, 0x20, 0x09, 0x99, 0x99, 0x00, 0xFF, 0xFF, 0xF0, 0x00, 0x00, 0x00, 0x00, 0x00, 0x00,
  0x00, 0x00, 0x00, 0x00, 0x00, 0x00, 0x00, 0x00, 0x06, 0x40, 0x0C, 0x90, 0x00, 0x00, 0x8F, 0x40,
  0x00, 0x0D, 0xD0, 0x00, 0x03, 0xF8, 0x00, 0x00, 0x8F, 0x30, 0x00, 0x0D, 0xD0, 0x00, 0x03, 0xF8,
  0x00, 0x00, 0x8F, 0x30, 0x00, 0x0D, 0xD0, 0x00, 0x04, 0xF8, 0x00, 0x00, 0x9F, 0x30, 0x00, 0x0E,
  0xD0, 0x00, 0x04, 0xF8, 0x00, 0x00, 0x9F, 0x30, 0x00, 0x00, 0x00, 0x07, 0xDE, 0xD7, 0x00, 0x00,
  0x0A, 0xFD, 0xAD, 0xFA, 0x00, 0x05, 0xFB, 0x00, 0x0B, 0xF5, 0x00, 0xAF, 0x30, 0x00, 0x3F, 0xA0,
  0x0E, 0xE0, 0x00, 0x00, 0xEE, 0x00, 0xFD, 0x00, 0x00, 0x0D, 0xF0, 0x0E, 0xE0, 0x00, 0x00, 0xEE,
  0x00, 0xBF, 0x30, 0x00, 0x3F, 0xA0, 0x05, 0xFB, 0x00, 0x0B, 0xF5, 0x00, 0x0A, 0xFD, 0xAD, 0xFA,
  0x00, 0x00, 0x07, 0xDF, 0xD7, 0x00, 0x00, 0x00, 0x7F, 0xC0, 0x5D, 0xFF, 0xC0, 0x7C, 0x6F, 0xC0,
  0x00, 0x0F, 0xC0, 0x00, 0x0F, 0xC0, 0x00, 0x0F, 0xC0, 0x00, 0x0F, 0xC0, 0x00, 0x0F, 0xC0, 0x00,
  0x0F, 0xC0, 0x00, 0x0F, 0xC0, 0x00, 0x0F, 0xC0, 0x01, 0x9E, 0xFC, 0x60, 0x00, 0xCF, 0xDA, 0xEF,
  0x70, 0x4E, 0xB0, 0x02, 0xFD, 0x00, 0x00, 0x00, 0x0D, 0xE0, 0x00, 0x00, 0x06, 0xFA, 0x00, 0x00,
  0x08, 0xFE, 0x20, 0x00, 0x1C, 0xFC, 0x20, 0x00, 0x1D, 0xF9, 0x00, 0x00, 0x0A, 0xF9, 0x00, 0x00,
  0x00, 0xEF, 0xA9, 0x99, 0x90, 0x0F, 0xFF, 0xFF, 0xFF, 0x00, 0x01, 0x9D, 0xFC, 0x60, 0x00, 0xCF,
  0xCA, 0xEF, 0x60, 0x04, 0x60, 0x03, 0xFB, 0x00, 0x00, 0x00, 0x3F, 0xA0, 0x00, 0x09, 0xBF, 0xC2,
  0x00, 0x00, 0xFF, 0xF7, 0x00, 0x00, 0x00, 0x29, 0xF6, 0x00, 0x00, 0x00, 0x1F, 0xB0, 0x16, 0x60,
  0x04, 0xFB, 0x01, 0xDF, 0xBA, 0xEF, 0x40, 0x01, 0x9E, 0xFC, 0x50, 0x00, 0x00, 0x00, 0x05, 0xFF,
  0x00, 0x00, 0x00, 0x02, 0xEF, 0xF0, 0x00, 0x00, 0x00, 0xBE, 0xEF, 0x00, 0x00, 0x00, 0x7F, 0x6C,
  0xF0, 0x00, 0x00, 0x3F, 0xB0, 0xCF, 0x00, 0x00, 0x0C, 0xE1, 0x0C, 0xF0, 0x00, 0x08, 0xF5, 0x00,
  0xCF, 0x00, 0x00, 0xFF, 0xFF, 0xFF, 0xFF, 0xF0, 0x09, 0x99, 0x99, 0xEF, 0x99, 0x00, 0x00, 0x00,
  0x0C, 0xF0, 0x00, 0x00, 0x00, 0x00, 0xCF, 0x00, 0x00, 0x00, 0xEF, 0xFF, 0xFF, 0x40, 0x0F, 0xD9,
  0x99, 0x92, 0x02, 0xF9, 0x00, 0x00, 0x00, 0x4F, 0x80, 0x00, 0x00, 0x05, 0xFB, 0xCF, 0xC5, 0x00,
  0x7F, 0xEB, 0xBF, 0xF4, 0x00, 0x32, 0x00, 0x5F, 0xA0, 0x00, 0x00, 0x01, 0xFC, 0x03, 0x71, 0x00,
  0x5F, 0x90, 0x7F, 0xEA, 0xBF, 0xE2, 0x00, 0x5B, 0xEE, 0xB3, 0x00, 0x00, 0x08, 0xDF, 0xD8, 0x20,
  0x00, 0xBF, 0xDA, 0xCF, 0x40, 0x05, 0xFB, 0x00, 0x01, 0x00, 0x0A, 0xF3, 0x00, 0x00, 0x00, 0x0D,
  0xE5, 0xDF, 0xC5, 0x00, 0x0F, 0xFF, 0xCA, 0xEF, 0x50, 0x0E, 0xF8, 0x00, 0x3F, 0xC0, 0x0C, 0xF3,
  0x00, 0x0D, 0xF0, 0x08, 0xF8, 0x00, 0x3F, 0xD0, 0x01, 0xEF, 0xCA, 0xEF, 0x50, 0x00, 0x2B, 0xEE,
  0xC5, 0x00, 0x0F, 0xFF, 0xFF, 0xFF, 0xF0, 0x09, 0x99, 0x99, 0xBF, 0xD0, 0x00, 0x00, 0x00, 0x9F,
  0x60, 0x00, 0x00, 0x02, 0xFD, 0x00, 0x00, 0x00, 0x0A, 0xF5, 0x00, 0x00, 0x00, 0x3F, 0xD0, 0x00,
  0x00, 0x00, 0xBF, 0x50, 0x00, 0x00, 0x04, 0xFC, 0x00, 0x00, 0x00, 0x0C, 0xF4, 0x00, 0x00, 0x00,
  0x5F, 0xC0, 0x00, 0x00, 0x00, 0xDF, 0x40, 0x00, 0x00, 0x00, 0x5C, 0xEF, 0xC7, 0x00, 0x06, 0xFF,
  0xAA, 0xEF, 0x90, 0x0B, 0xF3, 0x00, 0x1E, 0xE0, 0x0A, 0xF3, 0x00, 0x1E, 0xD0, 0x02, 0xDE, 0xAA,
  0xEE, 0x30, 0x01, 0xAF, 0xFF, 0xFB, 0x10, 0x09, 0xF8, 0x11, 0x8F, 0x90, 0x0E, 0xD0, 0x00, 0x0D,
  0xE0, 0x0E, 0xE2, 0x00, 0x2F, 0xE0, 0x08, 0xFE, 0xAA, 0xEF, 0x70, 0x00, 0x6C, 0xEE, 0xC6, 0x00,
  0x00, 0x5C, 0xEE, 0xA2, 0x00, 0x05, 0xFE, 0xBB, 0xFE, 0x20, 0x0D, 0xF3, 0x00, 0x4F, 0x80, 0x0F,
  0xD0, 0x00, 0x0E, 0xC0, 0x0C, 0xF3, 0x00, 0x4F, 0xE0, 0x05, 0xFE, 0xBB, 0xFF, 0xF0, 0x00, 0x5C,
  0xFD, 0x7A, 0xD0, 0x00, 0x00, 0x00, 0x0E, 0xA0, 0x00, 0x10, 0x00, 0x8F, 0x50, 0x04, 0xFC, 0xAC,
  0xFB, 0x00, 0x02, 0x8D, 0xFD, 0x81, 0x00, 0x0C, 0x90, 0x06, 0x50, 0x00, 0x00, 0x00, 0x00, 0x00,
  0x00, 0x00, 0x00, 0x06, 0x50, 0x0C, 0x90, 0x0C, 0x90, 0x06, 0x50, 0x00, 0x00, 0x00, 0x00, 0x00,
  0x00, 0x0B, 0xB0, 0x0E, 0x70, 0x2F, 0x30, 0x6D, 0x00, 0x00, 0x00, 0x00, 0x5B, 0x00, 0x00, 0x01,
  0x7D, 0xFD, 0x00, 0x00, 0x9F, 0xFA, 0x40, 0x00, 0x00, 0xFF, 0x81, 0x00, 0x00, 0x00, 0x5B, 0xFE,
  0x93, 0x00, 0x00, 0x00, 0x39, 0xEF, 0x00, 0x00, 0x00, 0x00, 0x17, 0x00, 0x00, 0x00, 0x00, 0x00,
  0x00, 0x00, 0x99, 0x99, 0x99, 0x00, 0x00, 0xFF, 0xFF, 0xFF, 0x00, 0x00, 0x00, 0x00, 0x00, 0x00,
  0x00, 0x99, 0x99, 0x99, 0x00, 0x00, 0xFF, 0xFF, 0xFF, 0x00, 0x00, 0x00, 0x00, 0x00, 0x00, 0x00,
  0x00, 0x00, 0x00, 0x00, 0x00, 0xB5, 0x00, 0x00, 0x00, 0x00, 0xDF, 0xD7, 0x10, 0x00, 0x00, 0x04,
  0xAF, 0xFA, 0x00, 0x00, 0x00, 0x18, 0xFF, 0x00, 0x00, 0x39, 0xEF, 0xB5, 0x00, 0x00, 0xFE, 0x92,
  0x00, 0x00, 0x00, 0x61, 0x00, 0x00, 0x00, 0x00, 0x00, 0x00, 0x00, 0x00, 0x02, 0xAE, 0xEB, 0x40,
  0x0D, 0xFB, 0xAF, 0xF4, 0x05, 0x50, 0x04, 0xFA, 0x00, 0x00, 0x01, 0xFC, 0x00, 0x00, 0x19, 0xF8,
  0x00, 0x0F, 0xFF, 0xA0, 0x00, 0x0F, 0xD1, 0x00, 0x00, 0x0D, 0xA0, 0x00, 0x00, 0x00, 0x00, 0x00,
  0x00, 0x06, 0x50, 0x00, 0x00, 0x0C, 0x90, 0x00, 0x00, 0x00, 0x16, 0xBE, 0xFE, 0xC7, 0x10, 0x00,
  0x00, 0x04, 0xEF, 0xEB, 0xAA, 0xEF, 0xE5, 0x00, 0x00, 0x5F, 0xE6, 0x00, 0x00, 0x06, 0xEF, 0x40,
  0x01, 0xEE, 0x33, 0xCF, 0xD5, 0xCF, 0x4F, 0xE1, 0x08, 0xF6, 0x2E, 0xFB, 0xAF, 0xEF, 0x09, 0xF6,
  0x0C, 0xF1, 0x9F, 0x80, 0x04, 0xFF, 0x03, 0xFA, 0x0E, 0xD0, 0xCF, 0x10, 0x00, 0xDF, 0x01, 0xFC,
  0x0E, 0xD0, 0xCF, 0x10, 0x00, 0xDF, 0x01, 0xFB, 0x0C, 0xF1, 0x9F, 0x80, 0x04, 0xFF, 0x03, 0xF8,
  0x08, 0xF7, 0x2E, 0xFB, 0xAF, 0xDF, 0x6C, 0xE2, 0x01, 0xEE, 0x33, 0xCF, 0xD5, 0x3C, 0xFC, 0x30,
  0x00, 0x5F, 0xE6, 0x00, 0x00, 0x00, 0x00, 0x00, 0x00, 0x04, 0xEF, 0xEB, 0xAA, 0xD8, 0x00, 0x00,
  0x00, 0x00, 0x16, 0xBE, 0xFE, 0xA3, 0x00, 0x00, 0x00, 0x00, 0x9F, 0xC0, 0x00, 0x00, 0x00, 0x01,
  0xEF, 0xF3, 0x00, 0x00, 0x00, 0x06, 0xFD, 0xF9, 0x00, 0x00, 0x00, 0x0C, 0xF3, 0xEE, 0x10, 0x00,
  0x00, 0x3F, 0xC0, 0x9F, 0x60, 0x00, 0x00, 0x9F, 0x60, 0x3F, 0xC0, 0x00, 0x01, 0xEE, 0x10, 0x0C,
  0xF3, 0x00, 0x07, 0xFF, 0xFF, 0xFF, 0xFA, 0x00, 0x0D, 0xFA, 0x99, 0x99, 0xFF, 0x10, 0x4F, 0xC0,
  0x00, 0x00, 0x9F, 0x70, 0xAF, 0x50, 0x00, 0x00, 0x2F, 0xD0, 0x0F, 0xFF, 0xFD, 0x81, 0x00, 0xFE,
  0x99, 0xDF, 0x90, 0x0F, 0xC0, 0x01, 0xEE, 0x00, 0xFC, 0x00, 0x0E, 0xD0, 0x0F, 0xE9, 0x9C, 0xF8,
  0x00, 0xFF, 0xFF, 0xFF, 0xA0, 0x0F, 0xC0, 0x02, 0x9F, 0x70, 0xFC, 0x00, 0x01, 0xFC, 0x0F, 0xC0,
  0x00, 0x4F, 0xB0, 0xFE, 0x99, 0xAE, 0xF5, 0x0F, 0xFF, 0xFF, 0xC5, 0x00, 0x00, 0x03, 0xAD, 0xFD,
  0x92, 0x00, 0x00, 0x6F, 0xFB, 0xAC, 0xFE, 0x50, 0x03, 0xFE, 0x30, 0x00, 0x5F, 0xF2, 0x09, 0xF5,
  0x00, 0x00, 0x04, 0x40, 0x0D, 0xE0, 0x00, 0x00, 0x00, 0x00, 0x0F, 0xD0, 0x00, 0x00, 0x00, 0x00,
  0x0D, 0xE0, 0x00, 0x00, 0x00, 0x00, 0x0A, 0xF5, 0x00, 0x00, 0x06, 0x61, 0x03, 0xFE, 0x30, 0x00,
  0x5F, 0xE2, 0x00, 0x6F, 0xFC, 0xAC, 0xFE, 0x50, 0x00, 0x03, 0x9D, 0xFD, 0x92, 0x00, 0x0F, 0xFF,
  0xFD, 0x93, 0x00, 0x00, 0xFE, 0x99, 0xCF, 0xF5, 0x00, 0x0F, 0xC0, 0x00, 0x5E, 0xF3, 0x00, 0xFC,
  0x00, 0x00, 0x6F, 0x90, 0x0F, 0xC0, 0x00, 0x00, 0xED, 0x00, 0xFC, 0x00, 0x00, 0x0D, 0xF0, 0x0F,
  0xC0, 0x00, 0x00, 0xED, 0x00, 0xFC, 0x00, 0x00, 0x6F, 0x90, 0x0F, 0xC0, 0x00, 0x5E, 0xF3, 0x00,
  0xFE, 0x99, 0xCF, 0xF5, 0x00, 0x0F, 0xFF, 0xFD, 0x93, 0x00, 0x00, 0x0F, 0xFF, 0xFF, 0xFF, 0x00,
  0xFE, 0x99, 0x99, 0x90, 0x0F, 0xC0, 0x00, 0x00, 0x00, 0xFC, 0x00, 0x00, 0x00, 0x0F, 0xE9, 0x99,
  0x95, 0x00, 0xFF, 0xFF, 0xFF, 0x80, 0x0F, 0xC0, 0x00, 0x00, 0x00, 0xFC, 0x00, 0x00, 0x00, 0x0F,
  0xC0, 0x00, 0x00, 0x00, 0xFE, 0x99, 0x99, 0x90, 0x0F, 0xFF, 0xFF, 0xFF, 0x00, 0x0F, 0xFF, 0xFF,
  0xFF, 0x00, 0xFE, 0x99, 0x99, 0x90, 0x0F, 0xC0, 0x00, 0x00, 0x00, 0xFC, 0x00, 0x00, 0x00, 0x0F,
  0xC0, 0x00, 0x00, 0x00, 0xFF, 0xFF, 0xFF, 0x00, 0x0F, 0xE9, 0x99, 0x90, 0x00, 0xFC, 0x00, 0x00,
  0x00, 0x0F, 0xC0, 0x00, 0x00, 0x00, 0xFC, 0x00, 0x00, 0x00, 0x0F, 0xC0, 0x00, 0x00, 0x00, 0x00,
  0x02, 0x8D, 0xEE, 0xC5, 0x00, 0x00, 0x04, 0xEF, 0xDA, 0xBE, 0xFC, 0x10, 0x02, 0xEE, 0x50, 0x00,
  0x1A, 0xB2, 0x00, 0x9F, 0x50, 0x00, 0x00, 0x00, 0x00, 0x0D, 0xE0, 0x00, 0x00, 0x00, 0x00, 0x00,
  0xFD, 0x00, 0x00, 0x8F, 0xFF, 0xF0, 0x0D, 0xE0, 0x00, 0x05, 0x99, 0xEE, 0x00, 0x9F, 0x50, 0x00,
  0x00, 0x1E, 0xC0, 0x02, 0xEE, 0x50, 0x00, 0x1A, 0xF7, 0x00, 0x04, 0xEF, 0xDA, 0xAE, 0xFB, 0x00,
  0x00, 0x02, 0x8D, 0xEE, 0xC6, 0x00, 0x00, 0x0F, 0xC0, 0x00, 0x00, 0xCF, 0x00, 0xFC, 0x00, 0x00,
  0x0C, 0xF0, 0x0F, 0xC0, 0x00, 0x00, 0xCF, 0x00, 0xFC, 0x00, 0x00, 0x0C, 0xF0, 0x0F, 0xE9, 0x99,
  0x99, 0xEF, 0x00, 0xFF, 0xFF, 0xFF, 0xFF, 0xF0, 0x0F, 0xC0, 0x00, 0x00, 0xCF, 0x00, 0xFC, 0x00,
  0x00, 0x0C, 0xF0, 0x0F, 0xC0, 0x00, 0x00, 0xCF, 0x00, 0xFC, 0x00, 0x00, 0x0C, 0xF0, 0x0F, 0xC0,
  0x00, 0x00, 0xCF, 0x00, 0x0F, 0xC0, 0x0F, 0xC0, 0x0F, 0xC0, 0x0F, 0xC0, 0x0F, 0xC0, 0x0F, 0xC0,
  0x0F, 0xC0, 0x0F, 0xC0, 0x0F, 0xC0, 0x0F, 0xC0, 0x0F, 0xC0, 0x00, 0x00, 0x00, 0xFC, 0x00, 0x00,
  0x00, 0x0F, 0xC0, 0x00, 0x00, 0x00, 0xFC, 0x00, 0x00, 0x00, 0x0F, 0xC0, 0x00, 0x00, 0x00, 0xFC,
  0x00, 0x00, 0x00, 0x0F, 0xC0, 0x00, 0x00, 0x00, 0xFC, 0x00, 0x00, 0x00, 0x1F, 0xC0, 0x3B, 0x60,
  0x06, 0xFA, 0x01, 0xEF, 0xAB, 0xFE, 0x30, 0x02, 0xBE, 0xEA, 0x30, 0x00, 0x0F, 0xC0, 0x00, 0x4E,
  0xE3, 0x0F, 0xC0, 0x03, 0xEE, 0x40, 0x0F, 0xC0, 0x3E, 0xF4, 0x00, 0x0F, 0xC3, 0xEF, 0x50, 0x00,
  0x0F, 0xDE, 0xF5, 0x00, 0x00, 0x0F, 0xFF, 0xF5, 0x00, 0x00, 0x0F, 0xF8, 0xEE, 0x30, 0x00, 0x0F,
  0xC0, 0x4F, 0xD1, 0x00, 0x0F, 0xC0, 0x07, 0xFC, 0x00, 0x0F, 0xC0, 0x00, 0xAF, 0x90, 0x0F, 0xC0,
  0x00, 0x1C, 0xF7, 0x0F, 0xC0, 0x00, 0x00, 0x00, 0xFC, 0x00, 0x00, 0x00, 0x0F, 0xC0, 0x00, 0x00,
  0x00, 0xFC, 0x00, 0x00, 0x00, 0x0F, 0xC0, 0x00, 0x00, 0x00, 0xFC, 0x00, 0x00, 0x00, 0x0F, 0xC0,
  0x00, 0x00, 0x00, 0xFC, 0x00, 0x00, 0x00, 0x0F, 0xC0, 0x00, 0x00, 0x00, 0xFE, 0xAA, 0xAA, 0xA0,
  0x0F, 0xFF, 0xFF, 0xFF, 0x00, 0x0F, 0xF4, 0x00, 0x00, 0x05, 0xFF, 0x00, 0xFF, 0xE1, 0x00, 0x01,
  0xEF, 0xF0, 0x0F, 0xFF, 0xA0, 0x00, 0xAF, 0xFF, 0x00, 0xFC, 0xBF, 0x60, 0x6F, 0xBC, 0xF0, 0x0F,
  0xC2, 0xEE, 0x4E, 0xE2, 0xCF, 0x00, 0xFC, 0x06, 0xFF, 0xF5, 0x0C, 0xF0, 0x0F, 0xC0, 0x0A, 0xFA,
  0x00, 0xCF, 0x00, 0xFC, 0x00, 0x1C, 0x10, 0x0C, 0xF0, 0x0F, 0xC0, 0x00, 0x00, 0x00, 0xCF, 0x00,
  0xFC, 0x00, 0x00, 0x00, 0x0C, 0xF0, 0x0F, 0xC0, 0x00, 0x00, 0x00, 0xCF, 0x00, 0x0F, 0xF4, 0x00,
  0x00, 0x0F, 0xC0, 0x0F, 0xFE, 0x20, 0x00, 0x0F, 0xC0, 0x0F, 0xFF, 0xC0, 0x00, 0x0F, 0xC0, 0x0F,
  0xCB, 0xF9, 0x00, 0x0F, 0xC0, 0x0F, 0xC1, 0xEF, 0x50, 0x0F, 0xC0, 0x0F, 0xC0, 0x4F, 0xE2, 0x0F,
  0xC0, 0x0F, 0xC0, 0x07, 0xFD, 0x1F, 0xC0, 0x0F, 0xC0, 0x00, 0xAF, 0xAF, 0xC0, 0x0F, 0xC0, 0x00,
  0x1D, 0xFF, 0xC0, 0x0F, 0xC0, 0x00, 0x03, 0xFF, 0xC0, 0x0F, 0xC0, 0x00, 0x00, 0x6F, 0xC0, 0x00,
  0x03, 0x9D, 0xFD, 0xA3, 0x00, 0x00, 0x05, 0xFF, 0xCA, 0xCF, 0xF6, 0x00, 0x03, 0xFE, 0x30, 0x00,
  0x3E, 0xF3, 0x00, 0x9F, 0x50, 0x00, 0x00, 0x5F, 0x90, 0x0D, 0xE0, 0x00, 0x00, 0x00, 0xED, 0x00,
  0xFD, 0x00, 0x00, 0x00, 0x0D, 0xF0, 0x0D, 0xE0, 0x00, 0x00, 0x00, 0xED, 0x00, 0xAF, 0x50, 0x00,
  0x00, 0x5F, 0xA0, 0x03, 0xFE, 0x30, 0x00, 0x3E, 0xF3, 0x00, 0x06, 0xFF, 0xCA, 0xBF, 0xF6, 0x00,
  0x00, 0x03, 0xAD, 0xFD, 0xA3, 0x00, 0x00, 0x0F, 0xFF, 0xFE, 0xB3, 0x00, 0xFE, 0x99, 0xBF, 0xE3,
  0x0F, 0xC0, 0x00, 0x5F, 0xA0, 0xFC, 0x00, 0x01, 0xFC, 0x0F, 0xC0, 0x00, 0x5F, 0xA0, 0xFE, 0x99,
  0xAF, 0xF3, 0x0F, 0xFF, 0xFE, 0xB3, 0x00, 0xFC, 0x00, 0x00, 0x00, 0x0F, 0xC0, 0x00, 0x00, 0x00,
  0xFC, 0x00, 0x00, 0x00, 0x0F, 0xC0, 0x00, 0x00, 0x00, 0x00, 0x03, 0xAE, 0xFD, 0xA3, 0x00, 0x00,
  0x06, 0xFF, 0xCA, 0xCF, 0xF6, 0x00, 0x03, 0xFE, 0x30, 0x00, 0x3E, 0xF3, 0x00, 0xAF, 0x50, 0x00,
  0x00, 0x5F, 0x90, 0x0E, 0xE0, 0x00, 0x00, 0x00, 0xED, 0x00, 0xFD, 0x00, 0x00, 0x00, 0x0D, 0xF0,
  0x0D, 0xE0, 0x00, 0x03, 0x30, 0xEE, 0x00, 0xAF, 0x50, 0x00, 0xDE, 0x7F, 0xA0, 0x03, 0xFE, 0x30,
  0x04, 0xEF, 0xF3, 0x00, 0x06, 0xFF, 0xCA, 0xCF, 0xFE, 0x30, 0x00, 0x03, 0x9D, 0xFD, 0xA5, 0xEA,
  0x00, 0x00, 0x00, 0x00, 0x00, 0x03, 0x10, 0x0F, 0xFF, 0xFE, 0xB3, 0x00, 0x0F, 0xE9, 0x9B, 0xFE,
  0x30, 0x0F, 0xC0, 0x00, 0x5F, 0xA0, 0x0F, 0xC0, 0x00, 0x1F, 0xC0, 0x0F, 0xC0, 0x00, 0x6F, 0x90,
  0x0F, 0xE9, 0x9B, 0xFE, 0x30, 0x0F, 0xFF, 0xFF, 0xE3, 0x00, 0x0F, 0xC0, 0x0D, 0xF3, 0x00, 0x0F,
  0xC0, 0x04, 0xFC, 0x00, 0x0F, 0xC0, 0x00, 0xAF, 0x50, 0x0F, 0xC0, 0x00, 0x2E, 0xE1, 0x00, 0x6C,
  0xEE, 0xB5, 0x00, 0x08, 0xFE, 0xAA, 0xEF, 0x60, 0x0E, 0xE1, 0x00, 0x2D, 0x80, 0x0E, 0xE0, 0x00,
  0x00, 0x00, 0x09, 0xFC, 0x63, 0x00, 0x00, 0x00, 0x7D, 0xFF, 0xD6, 0x00, 0x00, 0x00, 0x26, 0xDF,
  0x70, 0x00, 0x00, 0x00, 0x1E, 0xE0, 0x2B, 0xB0, 0x00, 0x2E, 0xE0, 0x0B, 0xFD, 0xAA, 0xEF, 0x70,
  0x00, 0x7C, 0xEE, 0xC6, 0x00, 0x0F, 0xFF, 0xFF, 0xFF, 0xFF, 0x00, 0x99, 0x9E, 0xF9, 0x99, 0x90,
  0x00, 0x00, 0xCF, 0x00, 0x00, 0x00, 0x00, 0x0C, 0xF0, 0x00, 0x00, 0x00, 0x00, 0xCF, 0x00, 0x00,
  0x00, 0x00, 0x0C, 0xF0, 0x00, 0x00, 0x00, 0x00, 0xCF, 0x00, 0x00, 0x00, 0x00, 0x0C, 0xF0, 0x00,
  0x00, 0x00, 0x00, 0xCF, 0x00, 0x00, 0x00, 0x00, 0x0C, 0xF0, 0x00, 0x00, 0x00, 0x00, 0xCF, 0x00,
  0x00, 0x00, 0x0F, 0xC0, 0x00, 0x00, 0xCF, 0x00, 0xFC, 0x00, 0x00, 0x0C, 0xF0, 0x0F, 0xC0, 0x00,
  0x00, 0xCF, 0x00, 0xFC, 0x00, 0x00, 0x0C, 0xF0, 0x0F, 0xC0, 0x00, 0x00, 0xCF, 0x00, 0xFC, 0x00,
  0x00, 0x0C, 0xF0, 0x0F, 0xC0, 0x00, 0x00, 0xCF, 0x00, 0xEE, 0x00, 0x00, 0x0E, 0xE0, 0x0A, 0xF6,
  0x00, 0x06, 0xFA, 0x00, 0x2E, 0xFC, 0xAC, 0xFE, 0x20, 0x00, 0x29, 0xEF, 0xD9, 0x20, 0x00, 0xAF,
  0x50, 0x00, 0x00, 0x0E, 0xE1, 0x4F, 0xB0, 0x00, 0x00, 0x5F, 0x90, 0x0C, 0xF2, 0x00, 0x00, 0xBF,
  0x30, 0x06, 0xF8, 0x00, 0x02, 0xFC, 0x00, 0x01, 0xEE, 0x00, 0x08, 0xF6, 0x00, 0x00, 0x9F, 0x50,
  0x0E, 0xE1, 0x00, 0x00, 0x3F, 0xB0, 0x5F, 0x80, 0x00, 0x00, 0x0C, 0xF2, 0xCF, 0x20, 0x00, 0x00,
  0x05, 0xFB, 0xFB, 0x00, 0x00, 0x00, 0x00, 0xEF, 0xF5, 0x00, 0x00, 0x00, 0x00, 0x8F, 0xD0, 0x00,
  0x00, 0xBF, 0x20, 0x00, 0x4F, 0xD0, 0x00, 0x09, 0xF4, 0x6F, 0x70, 0x00, 0x8F, 0xF2, 0x00, 0x0D,
  0xE0, 0x2F, 0xC0, 0x00, 0xDF, 0xF7, 0x00, 0x3F, 0xA0, 0x0C, 0xF1, 0x02, 0xFA, 0xFB, 0x00, 0x8F,
  0x60, 0x07, 0xF6, 0x06, 0xF5, 0xBF, 0x10, 0xCF, 0x10, 0x03, 0xFA, 0x0B, 0xF1, 0x7F, 0x52, 0xFB,
  0x00, 0x00, 0xDE, 0x1F, 0xB0, 0x3F, 0x96, 0xF7, 0x00, 0x00, 0x9F, 0x9F, 0x70, 0x0D, 0xEB, 0xF2,
  0x00, 0x00, 0x4F, 0xFF, 0x30, 0x09, 0xFF, 0xC0, 0x00, 0x00, 0x0E, 0xFD, 0x00, 0x05, 0xFF, 0x80,
  0x00, 0x00, 0x0A, 0xF9, 0x00, 0x01, 0xFF, 0x30, 0x00, 0x6F, 0xC0, 0x00, 0x05, 0xFC, 0x10, 0xAF,
  0x80, 0x02, 0xEE, 0x30, 0x01, 0xDF, 0x30, 0xBF, 0x60, 0x00, 0x03, 0xFD, 0x8F, 0xA0, 0x00, 0x00,
  0x07, 0xFF, 0xD1, 0x00, 0x00, 0x00, 0x1E, 0xF7, 0x00, 0x00, 0x00, 0x09, 0xFF, 0xE2, 0x00, 0x00,
  0x05, 0xFC, 0x6F, 0xB0, 0x00, 0x02, 0xEF, 0x20, 0xAF, 0x70, 0x00, 0xBF, 0x70, 0x01, 0xEF, 0x30,
  0x7F, 0xB0, 0x00, 0x04, 0xFD, 0x10, 0xAF, 0x70, 0x00, 0x0A, 0xF7, 0x2E, 0xE2, 0x00, 0x4F, 0xD0,
  0x06, 0xFA, 0x00, 0xCF, 0x40, 0x00, 0xCF, 0x47, 0xF9, 0x00, 0x00, 0x3F, 0xDE, 0xE1, 0x00, 0x00,
  0x08, 0xFF, 0x50, 0x00, 0x00, 0x01, 0xFD, 0x00, 0x00, 0x00, 0x00, 0xFC, 0x00, 0x00, 0x00, 0x00,
  0xFC, 0x00, 0x00, 0x00, 0x00, 0xFC, 0x00, 0x00, 0x00, 0x00, 0xFC, 0x00, 0x00, 0x0F, 0xFF, 0xFF,
  0xFF, 0xFF, 0x00, 0x99, 0x99, 0x99, 0xDF, 0xE0, 0x00, 0x00, 0x00, 0x3E, 0xF4, 0x00, 0x00, 0x00,
  0x2E, 0xF6, 0x00, 0x00, 0x00, 0x1C, 0xF8, 0x00, 0x00, 0x00, 0x0B, 0xFB, 0x00, 0x00, 0x00, 0x08,
  0xFC, 0x10, 0x00, 0x00, 0x06, 0xFE, 0x20, 0x00, 0x00, 0x04, 0xFE, 0x30, 0x00, 0x00, 0x00, 0xEF,
  0xD9, 0x99, 0x99, 0x90, 0x0F, 0xFF, 0xFF, 0xFF, 0xFF, 0x00, 0x0F, 0xFF, 0x00, 0xFE, 0x90, 0x0F,
  0xC0, 0x00, 0xFC, 0x00, 0x0F, 0xC0, 0x00, 0xFC, 0x00, 0x0F, 0xC0, 0x00, 0xFC, 0x00, 0x0F, 0xC0,
  0x00, 0xFC, 0x00, 0x0F, 0xC0, 0x00, 0xFC, 0x00, 0x0F, 0xE9, 0x00, 0xFF, 0xF0, 0x9F, 0x20, 0x00,
  0x04, 0xF7, 0x00, 0x00, 0x0E, 0xD0, 0x00, 0x00, 0x9F, 0x30, 0x00, 0x04, 0xF8, 0x00, 0x00, 0x0E,
  0xD0, 0x00, 0x00, 0x9F, 0x30, 0x00, 0x04, 0xF8, 0x00, 0x00, 0x0D, 0xD0, 0x00, 0x00, 0x8F, 0x30,
  0x00, 0x03, 0xF8, 0x00, 0x00, 0x0D, 0xD0, 0x00, 0x00, 0x8F, 0x40, 0x08, 0xFF, 0xC0, 0x05, 0x9F,
  0xC0, 0x00, 0x0F, 0xC0, 0x00, 0x0F, 0xC0, 0x00, 0x0F, 0xC0, 0x00, 0x0F, 0xC0, 0x00, 0x0F, 0xC0,
  0x00, 0x0F, 0xC0, 0x00, 0x0F, 0xC0, 0x00, 0x0F, 0xC0, 0x00, 0x0F, 0xC0, 0x00, 0x0F, 0xC0, 0x05,
  0x9F, 0xC0, 0x08, 0xFF, 0xC0, 0x00, 0x0A, 0xFB, 0x00, 0x00, 0x01, 0xEF, 0xF2, 0x00, 0x00, 0x8F,
  0x3E, 0x90, 0x00, 0x1E, 0x90, 0x7F, 0x20, 0x08, 0xF2, 0x01, 0xEA, 0x00, 0x00, 0x00, 0x00, 0x00,
  0x00, 0x00, 0x00, 0x00, 0x00, 0x00, 0x00, 0x00, 0x00, 0x00, 0x00, 0x00, 0x00, 0x00, 0x00, 0x00,
  0x00, 0x00, 0x00, 0x00, 0x00, 0x00, 0x00, 0x09, 0x99, 0x99, 0x90, 0x0F, 0xFF, 0xFF, 0xF0, 0x7F,
  0x80, 0x07, 0xF7, 0x00, 0x00, 0x00, 0x00, 0x00, 0x00, 0x00, 0x00, 0x00, 0x00, 0x00, 0x00, 0x00,
  0x00, 0x00, 0x00, 0x00, 0x00, 0x00, 0x6D, 0xFD, 0x70, 0x00, 0x7F, 0xDA, 0xDF, 0x70, 0x01, 0x40,
  0x01, 0xED, 0x00, 0x2A, 0xEF, 0xFF, 0xF0, 0x0B, 0xFC, 0x99, 0xEF, 0x00, 0xED, 0x00, 0x2E, 0xF0,
  0x0C, 0xFB, 0xAE, 0xFF, 0x00, 0x2B, 0xEE, 0x8A, 0xF0, 0x0F, 0xC0, 0x00, 0x00, 0x00, 0x0F, 0xC0,
  0x00, 0x00, 0x00, 0x0F, 0xC0, 0x00, 0x00, 0x00, 0x0F, 0xC5, 0xDF, 0xC5, 0x00, 0x0F, 0xEF, 0xAB,
  0xFF, 0x40, 0x0F, 0xF5, 0x00, 0x5F, 0xB0, 0x0F, 0xD0, 0x00, 0x0D, 0xE0, 0x0F, 0xD0, 0x00, 0x0D,
  0xE0, 0x0F, 0xF5, 0x00, 0x6F, 0xB0, 0x0F, 0xEE, 0xAB, 0xFF, 0x40, 0x0F, 0xB5, 0xDF, 0xC5, 0x00,
  0x00, 0x2A, 0xEE, 0xB4, 0x00, 0x3E, 0xFB, 0xAE, 0xF5, 0x0B, 0xF5, 0x00, 0x38, 0x20, 0xED, 0x00,
  0x00, 0x00, 0x0E, 0xD0, 0x00, 0x00, 0x00, 0xBF, 0x50, 0x03, 0xA4, 0x03, 0xEF, 0xBA, 0xEF, 0x40,
  0x03, 0xAE, 0xEB, 0x40, 0x00, 0x00, 0x00, 0x0C, 0xF0, 0x00, 0x00, 0x00, 0x0C, 0xF0, 0x00, 0x00,
  0x00, 0x0C, 0xF0, 0x00, 0x5C, 0xFD, 0x5C, 0xF0, 0x04, 0xFF, 0xBA, 0xEE, 0xF0, 0x0B, 0xF5, 0x00,
  0x5F, 0xF0, 0x0E, 0xD0, 0x00, 0x0D, 0xF0, 0x0E, 0xD0, 0x00, 0x0D, 0xF0, 0x0B, 0xF5, 0x00, 0x5F,
  0xF0, 0x04, 0xFF, 0xBA, 0xEE, 0xF0, 0x00, 0x5C, 0xFD, 0x5B, 0xF0, 0x00, 0x2A, 0xEE, 0xB2, 0x00,
  0x03, 0xEF, 0xBA, 0xEE, 0x20, 0x0B, 0xF4, 0x00, 0x3F, 0x90, 0x0E, 0xFF, 0xFF, 0xFF, 0xD0, 0x0E,
  0xF9, 0x99, 0x99, 0x90, 0x0B, 0xF4, 0x00, 0x17, 0x20, 0x03, 0xEF, 0xBA, 0xDF, 0x60, 0x00, 0x3B,
  0xEE, 0xC5, 0x00, 0x00, 0x2B, 0xED, 0x30, 0x0A, 0xFC, 0xA1, 0x00, 0xCF, 0x00, 0x00, 0xFF, 0xFF,
  0xF0, 0x09, 0xEF, 0x99, 0x00, 0x0C, 0xF0, 0x00, 0x00, 0xCF, 0x00, 0x00, 0x0C, 0xF0, 0x00, 0x00,
  0xCF, 0x00, 0x00, 0x0C, 0xF0, 0x00, 0x00, 0xCF, 0x00, 0x00, 0x00, 0x4C, 0xFD, 0x4C, 0xF0, 0x04,
  0xFF, 0xBA, 0xEE, 0xF0, 0x0B, 0xF5, 0x00, 0x5F, 0xF0, 0x0E, 0xD0, 0x00, 0x0D, 0xF0, 0x0E, 0xD0,
  0x00, 0x0D, 0xF0, 0x0C, 0xF5, 0x00, 0x5F, 0xF0, 0x04, 0xFF, 0xBA, 0xEE, 0xF0, 0x00, 0x5C, 0xFD,
  0x4D, 0xE0, 0x00, 0x00, 0x00, 0x4F, 0xB0, 0x03, 0xEB, 0xAB, 0xFF, 0x30, 0x02, 0x9D, 0xFE, 0xB3,
  0x00, 0x0F, 0xC0, 0x00, 0x00, 0x00, 0xFC, 0x00, 0x00, 0x00, 0x0F, 0xC0, 0x00, 0x00, 0x00, 0xFC,
  0x7E, 0xEA, 0x10, 0x0F, 0xFE, 0xAD, 0xF9, 0x00, 0xFF, 0x20, 0x1F, 0xD0, 0x0F, 0xD0, 0x00, 0xDF,
  0x00, 0xFC, 0x00, 0x0C, 0xF0, 0x0F, 0xC0, 0x00, 0xCF, 0x00, 0xFC, 0x00, 0x0C, 0xF0, 0x0F, 0xC0,
  0x00, 0xCF, 0x00, 0x0C, 0x90, 0x06, 0x50, 0x00, 0x00, 0x0F, 0xC0, 0x0F, 0xC0, 0x0F, 0xC0, 0x0F,
  0xC0, 0x0F, 0xC0, 0x0F, 0xC0, 0x0F, 0xC0, 0x0F, 0xC0, 0x00, 0x0C, 0x90, 0x00, 0x06, 0x50, 0x00,
  0x00, 0x00, 0x00, 0x0F, 0xC0, 0x00, 0x0F, 0xC0, 0x00, 0x0F, 0xC0, 0x00, 0x0F, 0xC0, 0x00, 0x0F,
  0xC0, 0x00, 0x0F, 0xC0, 0x00, 0x0F, 0xC0, 0x00, 0x0F, 0xC0, 0x00, 0x1F, 0xC0, 0x0A, 0xBF, 0x90,
  0x2D, 0xEB, 0x10, 0x0F, 0xC0, 0x00, 0x00, 0x00, 0xFC, 0x00, 0x00, 0x00, 0x0F, 0xC0, 0x00, 0x00,
  0x00, 0xFC, 0x00, 0xAF, 0x80, 0x0F, 0xC0, 0x9F, 0x90, 0x00, 0xFC, 0x8F, 0xA0, 0x00, 0x0F, 0xFF,
  0xF2, 0x00, 0x00, 0xFF, 0xDF, 0xC0, 0x00, 0x0F, 0xE2, 0x9F, 0x70, 0x00, 0xFC, 0x01, 0xDF, 0x30,
  0x0F, 0xC0, 0x04, 0xFD, 0x10, 0x0F, 0xC0, 0x0F, 0xC0, 0x0F, 0xC0, 0x0F, 0xC0, 0x0F, 0xC0, 0x0F,
  0xC0, 0x0F, 0xC0, 0x0F, 0xC0, 0x0F, 0xC0, 0x0F, 0xC0, 0x0F, 0xC0, 0x0F, 0xB8, 0xEE, 0xA1, 0x5D,
  0xEB, 0x20, 0x0F, 0xFE, 0xAD, 0xFB, 0xEA, 0xCF, 0xB0, 0x0F, 0xF2, 0x01, 0xFF, 0x50, 0x0D, 0xF1,
  0x0F, 0xD0, 0x00, 0xDF, 0x10, 0x0A, 0xF3, 0x0F, 0xC0, 0x00, 0xCF, 0x00, 0x09, 0xF3, 0x0F, 0xC0,
  0x00, 0xCF, 0x00, 0x09, 0xF3, 0x0F, 0xC0, 0x00, 0xCF, 0x00, 0x09, 0xF3, 0x0F, 0xC0, 0x00, 0xCF,
  0x00, 0x09, 0xF3, 0x0F, 0xB7, 0xEE, 0xA1, 0x00, 0xFF, 0xEA, 0xDF, 0x90, 0x0F, 0xF2, 0x01, 0xFD,
  0x00, 0xFD, 0x00, 0x0D, 0xF0, 0x0F, 0xC0, 0x00, 0xCF, 0x00, 0xFC, 0x00, 0x0C, 0xF0, 0x0F, 0xC0,
  0x00, 0xCF, 0x00, 0xFC, 0x00, 0x0C, 0xF0, 0x00, 0x3B, 0xEE, 0xB3, 0x00, 0x03, 0xFF, 0xAB, 0xFF,
  0x30, 0x0B, 0xF5, 0x00, 0x5F, 0xB0, 0x0E, 0xD0, 0x00, 0x0D, 0xE0, 0x0E, 0xD0, 0x00, 0x0D, 0xE0,
  0x0B, 0xF5, 0x00, 0x5F, 0xB0, 0x03, 0xFF, 0xAA, 0xFF, 0x30, 0x00, 0x3B, 0xEE, 0xB3, 0x00, 0x0F,
  0xB6, 0xDF, 0xC4, 0x00, 0x0F, 0xEF, 0xAB, 0xFF, 0x40, 0x0F, 0xF5, 0x00, 0x5F, 0xB0, 0x0F, 0xD0,
  0x00, 0x0D, 0xE0, 0x0F, 0xD0, 0x00, 0x0D, 0xE0, 0x0F, 0xF5, 0x00, 0x6F, 0xB0, 0x0F, 0xEE, 0xAB,
  0xFF, 0x40, 0x0F, 0xC5, 0xDF, 0xC4, 0x00, 0x0F, 0xC0, 0x00, 0x00, 0x00, 0x0F, 0xC0, 0x00, 0x00,
  0x00, 0x0F, 0xC0, 0x00, 0x00, 0x00, 0x00, 0x5C, 0xFD, 0x5B, 0xF0, 0x04, 0xFF, 0xBA, 0xFE, 0xF0,
  0x0B, 0xF5, 0x00, 0x5F, 0xF0, 0x0E, 0xD0, 0x00, 0x0D, 0xF0, 0x0E, 0xD0, 0x00, 0x0D, 0xF0, 0x0B,
  0xF5, 0x00, 0x5F, 0xF0, 0x04, 0xFF, 0xBA, 0xEE, 0xF0, 0x00, 0x5C, 0xFD, 0x5C, 0xF0, 0x00, 0x00,
  0x00, 0x0C, 0xF0, 0x00, 0x00, 0x00, 0x0C, 0xF0, 0x00, 0x00, 0x00, 0x0C, 0xF0, 0x0F, 0xC5, 0xC7,
  0x0F, 0xEF, 0xC5, 0x0F, 0xF4, 0x00, 0x0F, 0xD0, 0x00, 0x0F, 0xC0, 0x00, 0x0F, 0xC0, 0x00, 0x0F,
  0xC0, 0x00, 0x0F, 0xC0, 0x00, 0x02, 0xBE, 0xEA, 0x20, 0x0C, 0xFB, 0xBF, 0xB0, 0x0E, 0xE1, 0x03,
  0x00, 0x08, 0xFE, 0xA5, 0x00, 0x00, 0x49, 0xEF, 0x80, 0x05, 0x40, 0x0D, 0xE0, 0x2E, 0xFA, 0xBF,
  0xC0, 0x03, 0xBE, 0xEA, 0x20, 0x00, 0x68, 0x00, 0x00, 0x0C, 0xF0, 0x00, 0x00, 0xCF, 0x00, 0x00,
  0xFF, 0xFF, 0xF0, 0x09, 0xEF, 0x99, 0x00, 0x0C, 0xF0, 0x00, 0x00, 0xCF, 0x00, 0x00, 0x0C, 0xF0,
  0x00, 0x00, 0xCF, 0x10, 0x00, 0x0A, 0xFB, 0xA0, 0x00, 0x2B, 0xEC, 0x20, 0x0F, 0xC0, 0x00, 0xCF,
  0x00, 0xFC, 0x00, 0x0C, 0xF0, 0x0F, 0xC0, 0x00, 0xCF, 0x00, 0xFC, 0x00, 0x0C, 0xF0, 0x0F, 0xD0,
  0x00, 0xDF, 0x00, 0xDF, 0x10, 0x2F, 0xF0, 0x09, 0xFD, 0xAE, 0xFF, 0x00, 0x1A, 0xEE, 0x7B, 0xF0,
  0xAF, 0x30, 0x00, 0x8F, 0x54, 0xF9, 0x00, 0x0D, 0xE0, 0x0D, 0xE0, 0x04, 0xF8, 0x00, 0x6F, 0x50,
  0xAF, 0x20, 0x01, 0xEB, 0x1F, 0xA0, 0x00, 0x09, 0xFA, 0xF4, 0x00, 0x00, 0x3F, 0xFD, 0x00, 0x00,
  0x00, 0xCF, 0x70, 0x00, 0xAF, 0x20, 0x08, 0xF9, 0x00, 0x1F, 0xB5, 0xF7, 0x00, 0xDF, 0xD0, 0x06,
  0xF5, 0x1E, 0xC0, 0x3F, 0xCF, 0x40, 0xCF, 0x10, 0xAF, 0x28, 0xF3, 0xF9, 0x2F, 0xA0, 0x05, 0xF7,
  0xDC, 0x0B, 0xD7, 0xF5, 0x00, 0x0E, 0xDF, 0x70, 0x6F, 0xEE, 0x10, 0x00, 0xAF, 0xF2, 0x02, 0xFF,
  0xA0, 0x00, 0x04, 0xFC, 0x00, 0x0C, 0xF5, 0x00, 0x4F, 0xC0, 0x09, 0xF7, 0x00, 0x8F, 0x74, 0xFC,
  0x00, 0x00, 0xCF, 0xEE, 0x20, 0x00, 0x02, 0xFF, 0x60, 0x00, 0x00, 0x5F, 0xF8, 0x00, 0x00, 0x2E,
  0xEC, 0xF4, 0x00, 0x0B, 0xF5, 0x2E, 0xD1, 0x07, 0xFA, 0x00, 0x6F, 0xA0, 0xAF, 0x40, 0x00, 0x5F,
  0x93, 0xFA, 0x00, 0x0C, 0xF2, 0x0B, 0xF2, 0x03, 0xFB, 0x00, 0x4F, 0x80, 0x9F, 0x40, 0x00, 0xCE,
  0x2E, 0xD0, 0x00, 0x05, 0xFC, 0xF6, 0x00, 0x00, 0x0D, 0xFE, 0x10, 0x00, 0x00, 0x7F, 0x80, 0x00,
  0x00, 0x0B, 0xF2, 0x00, 0x01, 0xBB, 0xF9, 0x00, 0x00, 0x4D, 0xFA, 0x10, 0x00, 0x00, 0x0F, 0xFF,
  0xFF, 0xFF, 0x00, 0x99, 0x99, 0xDF, 0xD0, 0x00, 0x00, 0x4F, 0xD2, 0x00, 0x00, 0x3E, 0xE2, 0x00,
  0x00, 0x2E, 0xE3, 0x00, 0x00, 0x2D, 0xF4, 0x00, 0x00, 0x0D, 0xFD, 0x99, 0x99, 0x00, 0xFF, 0xFF,
  0xFF, 0xF0, 0x00, 0x2C, 0xF0, 0x00, 0xBF, 0xC0, 0x00, 0xEE, 0x00, 0x00, 0xFD, 0x00, 0x00, 0xFC,
  0x00, 0x17, 0xF9, 0x00, 0xBF, 0xD1, 0x00, 0x28, 0xF8, 0x00, 0x01, 0xFB, 0x00, 0x00, 0xFC, 0x00,
  0x00, 0xED, 0x00, 0x00, 0xDF, 0x10, 0x00, 0x9F, 0xC0, 0x00, 0x2B, 0xE0, 0x0F, 0xC0, 0x0F, 0xC0,
  0x0F, 0xC0, 0x0F, 0xC0, 0x0F, 0xC0, 0x0F, 0xC0, 0x0F, 0xC0, 0x0F, 0xC0, 0x0F, 0xC0, 0x0F, 0xC0,
  0x0F, 0xC0, 0x0F, 0xC0, 0x0F, 0xC0, 0x0F, 0xC0, 0x0F, 0xC0, 0x7E, 0x91, 0x00, 0x5D, 0xF7, 0x00,
  0x03, 0xFB, 0x00, 0x00, 0xFC, 0x00, 0x00, 0xFD, 0x00, 0x00, 0xCF, 0x51, 0x00, 0x2E, 0xF7, 0x00,
  0xBF, 0x61, 0x00, 0xED, 0x00, 0x00, 0xFC, 0x00, 0x01, 0xFB, 0x00, 0x04, 0xFA, 0x00, 0x5D, 0xF6,
  0x00, 0x7E, 0x80, 0x00, 0x00, 0x59, 0x71, 0x00, 0x00, 0x07, 0xFF, 0xFC, 0x12, 0xB5, 0x0E, 0xC1,
  0x9F, 0xCC, 0xF3, 0x02, 0x10, 0x08, 0xEE, 0x60, 0x00, 0x00, 0x00, 0x00, 0x00, 0x00, 0x00, 0x00,
  0x00, 0x00, 0x00, 0x00, 0x00, 0x00, 0x00, 0x00, 0xC9, 0x00, 0x06, 0x50, 0x00, 0x00, 0x00, 0x00,
  0x00, 0x00, 0xFC, 0x00, 0x0F, 0xC0, 0x00, 0xFC, 0x00, 0x0F, 0xC0, 0x00, 0xFC, 0x00, 0x0F, 0xC0,
  0x00, 0xFC, 0x00, 0x00, 0x69, 0x50, 0x09, 0xFF, 0xF6, 0x0E, 0xE3, 0xFC, 0x0C, 0xFB, 0xF9, 0x02,
  0xCF, 0xA1, 0x00, 0x00, 0x00, 0x00, 0x00, 0x00, 0x00, 0x00, 0x00, 0x00, 0x00, 0x00, 0x00, 0x00,
  0x00, 0x00, 0x00, 0x00, 0x00, 0x00, 0x00, 0x06, 0x50, 0x0C, 0x90, 0x00, 0x00, 0x00, 0x00, 0x00,
  0x00, 0x00, 0x00, 0x00, 0x00, 0xC9, 0x00, 0x00, 0x00, 0x06, 0x50, 0x00, 0x00, 0x00, 0x00, 0x00,
  0x00, 0x00, 0x0F, 0xC0, 0x00, 0x00, 0x04, 0xFC, 0x00, 0x00, 0x2D, 0xFD, 0xA0, 0x00, 0x0B, 0xF5,
  0x00, 0x00, 0x00, 0xFD, 0x00, 0x00, 0x00, 0x0D, 0xF2, 0x00, 0x75, 0x00, 0x6F, 0xEA, 0xCF, 0xA0,
  0x00, 0x6C, 0xFD, 0x81, 0x00, 0x00, 0x00, 0x04, 0xFB, 0x00, 0x00, 0x00, 0x00, 0x3E, 0xA0, 0x00,
  0x00, 0x00, 0x00, 0x00, 0x00, 0x00, 0x00, 0x00, 0x00, 0x9F, 0xC0, 0x00, 0x00, 0x00, 0x01, 0xEF,
  0xF3, 0x00, 0x00, 0x00, 0x06, 0xFD, 0xF9, 0x00, 0x00, 0x00, 0x0C, 0xF3, 0xEE, 0x10, 0x00, 0x00,
  0x3F, 0xC0, 0x9F, 0x60, 0x00, 0x00, 0x9F, 0x60, 0x3F, 0xC0, 0x00, 0x01, 0xEE, 0x10, 0x0C, 0xF3,
  0x00, 0x07, 0xFF, 0xFF, 0xFF, 0xFA, 0x00, 0x0D, 0xFA, 0x99, 0x99, 0xFF, 0x10, 0x4F, 0xC0, 0x00,
  0x00, 0x9F, 0x70, 0xAF, 0x50, 0x00, 0x00, 0x2F, 0xD0, 0x00, 0x00, 0x5F, 0xB1, 0x00, 0x00, 0x5F,
  0xA0, 0x00, 0x00, 0x00, 0x00, 0x00, 0x00, 0xFF, 0xFF, 0xFF, 0xF0, 0x0F, 0xE9, 0x99, 0x99, 0x00,
  0xFC, 0x00, 0x00, 0x00, 0x0F, 0xC0, 0x00, 0x00, 0x00, 0xFE, 0x99, 0x99, 0x50, 0x0F, 0xFF, 0xFF,
  0xF8, 0x00, 0xFC, 0x00, 0x00, 0x00, 0x0F, 0xC0, 0x00, 0x00, 0x00, 0xFC, 0x00, 0x00, 0x00, 0x0F,
  0xE9, 0x99, 0x99, 0x00, 0xFF, 0xFF, 0xFF, 0xF0, 0x01, 0xDD, 0x21, 0xCD, 0x20, 0x00, 0x00, 0x00,
  0xFC, 0x00, 0x0F, 0xC0, 0x00, 0xFC, 0x00, 0x0F, 0xC0, 0x00, 0xFC, 0x00, 0x0F, 0xC0, 0x00, 0xFC,
  0x00, 0x0F, 0xC0, 0x00, 0xFC, 0x00, 0x0F, 0xC0, 0x00, 0xFC, 0x00, 0x00, 0x00, 0x34, 0x00, 0x00,
  0x00, 0x00, 0x06, 0xFF, 0xA7, 0xB0, 0x00, 0x00, 0x05, 0x52, 0xCE, 0x60, 0x00, 0x00, 0x00, 0x00,
  0x00, 0x00, 0x00, 0x0F, 0xF4, 0x00, 0x00, 0x0F, 0xC0, 0x0F, 0xFE, 0x20, 0x00, 0x0F, 0xC0, 0x0F,
  0xFF, 0xC0, 0x00, 0x0F, 0xC0, 0x0F, 0xCB, 0xF9, 0x00, 0x0F, 0xC0, 0x0F, 0xC1, 0xEF, 0x50, 0x0F,
  0xC0, 0x0F, 0xC0, 0x4F, 0xE2, 0x0F, 0xC0, 0x0F, 0xC0, 0x07, 0xFD, 0x1F, 0xC0, 0x0F, 0xC0, 0x00,
  0xAF, 0xAF, 0xC0, 0x0F, 0xC0, 0x00, 0x1D, 0xFF, 0xC0, 0x0F, 0xC0, 0x00, 0x03, 0xFF, 0xC0, 0x0F,
  0xC0, 0x00, 0x00, 0x6F, 0xC0, 0x00, 0x00, 0x00, 0x5F, 0xA0, 0x00, 0x00, 0x00, 0x00, 0x4F, 0xA0,
  0x00, 0x00, 0x00, 0x00, 0x00, 0x00, 0x00, 0x00, 0x00, 0x00, 0x39, 0xDF, 0xDA, 0x30, 0x00, 0x00,
  0x5F, 0xFC, 0xAC, 0xFF, 0x60, 0x00, 0x3F, 0xE3, 0x00, 0x03, 0xEF, 0x30, 0x09, 0xF5, 0x00, 0x00,
  0x05, 0xF9, 0x00, 0xDE, 0x00, 0x00, 0x00, 0x0E, 0xD0, 0x0F, 0xD0, 0x00, 0x00, 0x00, 0xDF, 0x00,
  0xDE, 0x00, 0x00, 0x00, 0x0E, 0xD0, 0x0A, 0xF5, 0x00, 0x00, 0x05, 0xFA, 0x00, 0x3F, 0xE3, 0x00,
  0x03, 0xEF, 0x30, 0x00, 0x6F, 0xFC, 0xAB, 0xFF, 0x60, 0x00, 0x00, 0x3A, 0xDF, 0xDA, 0x30, 0x00,
  0x00, 0x00, 0x06, 0xFA, 0x00, 0x00, 0x00, 0x05, 0xFA, 0x00, 0x00, 0x00, 0x00, 0x00, 0x00, 0x00,
  0x00, 0xFC, 0x00, 0x00, 0x0C, 0xF0, 0x0F, 0xC0, 0x00, 0x00, 0xCF, 0x00, 0xFC, 0x00, 0x00, 0x0C,
  0xF0, 0x0F, 0xC0, 0x00, 0x00, 0xCF, 0x00, 0xFC, 0x00, 0x00, 0x0C, 0xF0, 0x0F, 0xC0, 0x00, 0x00,
  0xCF, 0x00, 0xFC, 0x00, 0x00, 0x0C, 0xF0, 0x0E, 0xE0, 0x00, 0x00, 0xEE, 0x00, 0xAF, 0x70, 0x00,
  0x7F, 0xA0, 0x02, 0xEF, 0xDA, 0xDF, 0xE2, 0x00, 0x02, 0x9E, 0xFD, 0x92, 0x00, 0x00, 0x9C, 0x00,
  0x0C, 0x90, 0x00, 0x05, 0x60, 0x00, 0x65, 0x00, 0x00, 0x00, 0x00, 0x00, 0x00, 0x00, 0xFC, 0x00,
  0x00, 0x0C, 0xF0, 0x0F, 0xC0, 0x00, 0x00, 0xCF, 0x00, 0xFC, 0x00, 0x00, 0x0C, 0xF0, 0x0F, 0xC0,
  0x00, 0x00, 0xCF, 0x00, 0xFC, 0x00, 0x00, 0x0C, 0xF0, 0x0F, 0xC0, 0x00, 0x00, 0xCF, 0x00, 0xFC,
  0x00, 0x00, 0x0C, 0xF0, 0x0E, 0xE0, 0x00, 0x00, 0xEE, 0x00, 0xAF, 0x60, 0x00, 0x6F, 0xA0, 0x02,
  0xEF, 0xCA, 0xCF, 0xE2, 0x00, 0x02, 0x9E, 0xFD, 0x92, 0x00, 0x00, 0x00, 0x02, 0x20, 0x00, 0x00,
  0x07, 0xF8, 0x00, 0x00, 0x05, 0xF9, 0x00, 0x00, 0x00, 0x00, 0x00, 0x00, 0x00, 0x6D, 0xFD, 0x70,
  0x00, 0x7F, 0xDA, 0xDF, 0x70, 0x01, 0x40, 0x01, 0xED, 0x00, 0x2A, 0xEF, 0xFF, 0xF0, 0x0B, 0xFC,
  0x99, 0xEF, 0x00, 0xED, 0x00, 0x2E, 0xF0, 0x0C, 0xFB, 0xAE, 0xFF, 0x00, 0x2B, 0xEE, 0x8A, 0xF0,
  0x00, 0x00, 0x01, 0x22, 0x00, 0x00, 0x00, 0x0C, 0xF4, 0x00, 0x00, 0x00, 0xAF, 0x40, 0x00, 0x00,
  0x00, 0x00, 0x00, 0x00, 0x00, 0x2A, 0xEE, 0xB3, 0x00, 0x03, 0xEF, 0xBA, 0xEE, 0x30, 0x0B, 0xF4,
  0x11, 0x4F, 0xA0, 0x0E, 0xFF, 0xFF, 0xFF, 0xE0, 0x0E, 0xF4, 0x44, 0x44, 0x40, 0x0B, 0xF6, 0x00,
  0x29, 0x40, 0x03, 0xEF, 0xBA, 0xEF, 0x60, 0x00, 0x3B, 0xEE, 0xC4, 0x00, 0x00, 0x00, 0x00, 0x1D,
  0xE3, 0x1C, 0xE2, 0x00, 0x00, 0x00, 0x0F, 0xC0, 0x00, 0xFC, 0x00, 0x0F, 0xC0, 0x00, 0xFC, 0x00,
  0x0F, 0xC0, 0x00, 0xFC, 0x00, 0x0F, 0xC0, 0x00, 0xFC, 0x00, 0x00, 0x02, 0x00, 0x00, 0x00, 0x09,
  0xFD, 0x3A, 0x30, 0x00, 0x94, 0x9F, 0xD1, 0x00, 0x00, 0x00, 0x10, 0x00, 0x0F, 0xB7, 0xEE, 0xA1,
  0x00, 0xFF, 0xEA, 0xDF, 0x90, 0x0F, 0xF2, 0x01, 0xFD, 0x00, 0xFD, 0x00, 0x0D, 0xF0, 0x0F, 0xC0,
  0x00, 0xCF, 0x00, 0xFC, 0x00, 0x0C, 0xF0, 0x0F, 0xC0, 0x00, 0xCF, 0x00, 0xFC, 0x00, 0x0C, 0xF0,
  0x00, 0x00, 0x01, 0x21, 0x00, 0x00, 0x00, 0x1D, 0xD1, 0x00, 0x00, 0x00, 0xCD, 0x20, 0x00, 0x00,
  0x00, 0x00, 0x00, 0x00, 0x00, 0x3B, 0xEE, 0xB3, 0x00, 0x03, 0xFF, 0xAB, 0xFF, 0x30, 0x0B, 0xF5,
  0x00, 0x5F, 0xB0, 0x0E, 0xD0, 0x00, 0x0D, 0xE0, 0x0E, 0xD0, 0x00, 0x0D, 0xE0, 0x0B, 0xF5, 0x00,
  0x5F, 0xB0, 0x03, 0xFF, 0xAA, 0xFF, 0x30, 0x00, 0x3B, 0xEE, 0xB3, 0x00, 0x00, 0x00, 0x00, 0x00,
  0x00, 0x00, 0x05, 0xF9, 0x00, 0x00, 0x03, 0xE9, 0x00, 0x00, 0x00, 0x00, 0x00, 0x00, 0x0F, 0xC0,
  0x00, 0xCF, 0x00, 0xFC, 0x00, 0x0C, 0xF0, 0x0F, 0xC0, 0x00, 0xCF, 0x00, 0xFC, 0x00, 0x0C, 0xF0,
  0x0F, 0xD0, 0x00, 0xDF, 0x00, 0xDF, 0x10, 0x2F, 0xF0, 0x09, 0xFD, 0xAE, 0xFF, 0x00, 0x1A, 0xEE,
  0x7B, 0xF0, 0x00, 0xC9, 0x00, 0xC9, 0x00, 0x06, 0x50, 0x06, 0x50, 0x00, 0x00, 0x00, 0x00, 0x00,
  0xFC, 0x00, 0x0C, 0xF0, 0x0F, 0xC0, 0x00, 0xCF, 0x00, 0xFC, 0x00, 0x0C, 0xF0, 0x0F, 0xC0, 0x00,
  0xCF, 0x00, 0xFD, 0x00, 0x0D, 0xF0, 0x0D, 0xF1, 0x02, 0xFF, 0x00, 0x9F, 0xDA, 0xEF, 0xF0, 0x01,
  0xAE, 0xE7, 0xBF, 0x00, 0x99, 0x99, 0x99, 0x99, 0x9F, 0xFF, 0xFF, 0xFF, 0xFF, 0x00, 0x00, 0x00,
  0x00, 0x00, 0x00, 0x00, 0x00, 0x00, 0x00, 0x00, 0x00, 0x00, 0x00, 0x00, 0x00, 0x00, 0x00, 0x99,
  0x99, 0x99, 0x99, 0x99, 0x99, 0x99, 0x99, 0x99, 0xFF, 0xFF, 0xFF, 0xFF, 0xFF, 0xFF, 0xFF, 0xFF,
  0xFF, 0x00, 0x00, 0x00, 0x00, 0x00, 0x00, 0x00, 0x00, 0x00, 0x00, 0x00, 0x00, 0x00, 0x00, 0x00,
  0x00, 0x00, 0x00, 0x00, 0x00, 0x00, 0x00, 0x00, 0x00, 0x00, 0x00, 0x00, 0x00, 0x00, 0x00, 0x00,
  0x00, 0x00, 0x00, 0x00, 0x00, 0x09, 0xE0, 0x0E, 0xA0, 0x4F, 0x60, 0xAF, 0x30, 0x00, 0x00, 0x00,
  0x00, 0x00, 0x00, 0x00, 0x00, 0x00, 0x00, 0x00, 0x00, 0x00, 0x00, 0x0E, 0xD0, 0x3F, 0x80, 0x6F,
  0x30, 0xAC, 0x00, 0x00, 0x00, 0x00, 0x00, 0x00, 0x00, 0x00, 0x00, 0x00, 0x00, 0x00, 0x00, 0x00,
  0x00, 0x09, 0xE0, 0xBB, 0x0E, 0xA1, 0xF7, 0x4F, 0x67, 0xF4, 0xAF, 0x3C, 0xF1, 0x00, 0x00, 0x00,
  0x00, 0x00, 0x00, 0x00, 0x00, 0x00, 0x00, 0x00, 0x00, 0x00, 0x00, 0x00, 0x00, 0x00, 0x00, 0x00,
  0x00, 0x00, 0x0E, 0xD1, 0xFB, 0x2F, 0x85, 0xF6, 0x6F, 0x39, 0xF1, 0xAC, 0x0C, 0xA0, 0x00, 0x00,
  0x00, 0x00, 0x00, 0x00, 0x00, 0x00, 0x00, 0x00, 0x00, 0x00, 0x00, 0x00, 0x00, 0x00, 0x00, 0x00,
  0x00, 0x00, 0x00, 0x06, 0x40, 0x06, 0x50, 0x06, 0x40, 0x0C, 0x90, 0x0C, 0x90, 0x0C, 0x90, 0x00,
  0x4F, 0xC1, 0x02, 0xEE, 0x20, 0x0C, 0xF4, 0x00, 0x0C, 0xF4, 0x00, 0x02, 0xEE, 0x20, 0x00, 0x4F,
  0xC1, 0x00, 0x00, 0x00, 0x00, 0x00, 0x00, 0x0B, 0xF5, 0x00, 0x01, 0xDE, 0x30, 0x00, 0x3F, 0xD1,
  0x00, 0x3F, 0xD1, 0x01, 0xDE, 0x30, 0x0B, 0xF5, 0x00, 0x00, 0x00, 0x00, 0x00, 0x00, 0x00
};
const Glifo F_TECLA_CHICA_GLIFOS[] = {
  {0x0020, 0, 4, 0, 0, 0, 16},
  {0x0021, 0, 5, 11, 0, -11, 20},
  {0x0022, 28, 6, 11, 0, -11, 24},
  {0x0023, 61, 10, 11, 0, -11, 40},
  {0x0024, 116, 9, 14, 0, -12, 36},
  {0x0025, 179, 14, 11, 0, -11, 56},
  {0x0026, 256, 11, 11, 0, -11, 44},
  {0x0027, 317, 4, 11, 0, -11, 16},
  {0x0028, 339, 6, 14, 0, -12, 24},
  {0x0029, 381, 6, 14, 0, -12, 24},
  {0x002A, 423, 7, 11, 0, -11, 28},
  {0x002B, 462, 10, 9, 0, -9, 40},
  {0x002C, 507, 4, 4, 0, -2, 16},
  {0x002D, 515, 7, 6, 0, -6, 28},
  {0x002E, 536, 4, 2, 0, -2, 16},
  {0x002F, 540, 7, 13, 0, -12, 28},
  {0x0030, 586, 11, 11, 0, -11, 44},
  {0x0031, 647, 6, 11, 0, -11, 24},
  {0x0032, 680, 9, 11, 0, -11, 36},
  {0x0033, 730, 9, 11, 0, -11, 36},
  {0x0034, 780, 11, 11, 0, -11, 44},
  {0x0035, 841, 9, 11, 0, -11, 36},
  {0x0036, 891, 10, 11, 0, -11, 40},
  {0x0037, 946, 10, 11, 0, -11, 40},
  {0x0038, 1001, 10, 11, 0, -11, 40},
  {0x0039, 1056, 10, 11, 0, -11, 40},
  {0x003A, 1111, 4, 8, 0, -8, 16},
  {0x003B, 1127, 4, 9, 0, -8, 16},
  {0x003C, 1145, 10, 8, 0, -8, 40},
  {0x003D, 1185, 10, 7, 0, -7, 40},
  {0x003E, 1220, 10, 8, 0, -8, 40},
  {0x003F, 1260, 8, 11, 0, -11, 32},
  {0x0040, 1304, 16, 14, 0, -11, 64},
  {0x0041, 1416, 12, 11, 0, -11, 44},
  {0x0042, 1482, 9, 11, 0, -11, 36},
  {0x0043, 1532, 12, 11, 0, -11, 48},
  {0x0044, 1598, 11, 11, 0, -11, 44},
  {0x0045, 1659, 9, 11, 0, -11, 36},
  {0x0046, 1709, 9, 11, 0, -11, 36},
  {0x0047, 1759, 13, 11, 0, -11, 52},
  {0x0048, 1831, 11, 11, 0, -11, 44},
  {0x0049, 1892, 4, 11, 0, -11, 16},
  {0x004A, 1914, 9, 11, 0, -11, 36},
  {0x004B, 1964, 10, 11, 0, -11, 40},
  {0x004C, 2019, 9, 11, 0, -11, 36},
  {0x004D, 2069, 13, 11, 0, -11, 52},
  {0x004E, 2141, 12, 11, 0, -11, 48},
  {0x004F, 2207, 13, 11, 0, -11, 52},
  {0x0050, 2279, 9, 11, 0, -11, 36},
  {0x0051, 2329, 13, 12, 0, -11, 52},
  {0x0052, 2407, 10, 11, 0, -11, 40},
  {0x0053, 2462, 10, 11, 0, -11, 40},
  {0x0054, 2517, 11, 11, 0, -11, 44},
  {0x0055, 2578, 11, 11, 0, -11, 44},
  {0x0056, 2639, 12, 11, 0, -11, 44},
  {0x0057, 2705, 16, 11, 0, -11, 64},
  {0x0058, 2793, 11, 11, 0, -11, 40},
  {0x0059, 2854, 10, 11, 0, -11, 40},
  {0x005A, 2909, 11, 11, 0, -11, 44},
  {0x005B, 2970, 5, 14, 0, -12, 20},
  {0x005C, 3005, 7, 13, 0, -12, 28},
  {0x005D, 3051, 6, 14, 0, -12, 24},
  {0x005E, 3093, 9, 11, 0, -11, 36},
  {0x005F, 3143, 8, 2, 0, 0, 32},
  {0x0060, 3151, 4, 11, 0, -11, 16},
  {0x0061, 3173, 9, 8, 0, -8, 36},
  {0x0062, 3209, 10, 11, 0, -11, 40},
  {0x0063, 3264, 9, 8, 0, -8, 36},
  {0x0064, 3300, 10, 11, 0, -11, 40},
  {0x0065, 3355, 10, 8, 0, -8, 40},
  {0x0066, 3395, 7, 11, 0, -11, 28},
  {0x0067, 3434, 10, 11, 0, -8, 40},
  {0x0068, 3489, 9, 11, 0, -11, 36},
  {0x0069, 3539, 4, 11, 0, -11, 16},
  {0x006A, 3561, 6, 14, -2, -11, 16},
  {0x006B, 3603, 9, 11, 0, -11, 32},
  {0x006C, 3653, 4, 11, 0, -11, 16},
  {0x006D, 3675, 14, 8, 0, -8, 56},
  {0x006E, 3731, 9, 8, 0, -8, 36},
  {0x006F, 3767, 10, 8, 0, -8, 40},
  {0x0070, 3807, 10, 11, 0, -8, 40},
  {0x0071, 3862, 10, 11, 0, -8, 40},
  {0x0072, 3917, 6, 8, 0, -8, 24},
  {0x0073, 3941, 8, 8, 0, -8, 32},
  {0x0074, 3973, 7, 11, 0, -11, 28},
  {0x0075, 4012, 9, 8, 0, -8, 36},
  {0x0076, 4048, 9, 8, 0, -8, 36},
  {0x0077, 4084, 13, 8, 0, -8, 52},
  {0x0078, 4136, 9, 8, 0, -8, 32},
  {0x0079, 4172, 9, 11, 0, -8, 36},
  {0x007A, 4222, 9, 8, 0, -8, 36},
  {0x007B, 4258, 6, 14, 0, -12, 24},
  {0x007C, 4300, 4, 15, 0, -12, 16},
  {0x007D, 4330, 6, 14, 0, -12, 24},
  {0x007E, 4372, 10, 7, 0, -7, 40},
  {0x00A1, 4407, 5, 11, 0, -8, 20},
  {0x00B0, 4435, 6, 12, 0, -12, 24},
  {0x00B7, 4471, 4, 6, 0, -6, 16},
  {0x00BF, 4483, 9, 11, 0, -8, 32},
  {0x00C1, 4533, 12, 14, 0, -14, 44},
  {0x00C9, 4617, 9, 14, 0, -14, 36},
  {0x00CD, 4680, 5, 14, 0, -14, 16},
  {0x00D1, 4715, 12, 15, 0, -15, 48},
  {0x00D3, 4805, 13, 14, 0, -14, 52},
  {0x00DA, 4896, 11, 14, 0, -14, 44},
  {0x00DC, 4973, 11, 14, 0, -14, 44},
  {0x00E1, 5050, 9, 12, 0, -12, 36},
  {0x00E9, 5104, 10, 12, 0, -12, 40},
  {0x00ED, 5164, 5, 12, 0, -12, 16},
  {0x00F1, 5194, 9, 12, 0, -12, 36},
  {0x00F3, 5248, 10, 12, 0, -12, 40},
  {0x00FA, 5308, 9, 12, 0, -12, 36},
  {0x00FC, 5362, 9, 11, 0, -11, 36},
  {0x2013, 5412, 9, 6, 0, -6, 36},
  {0x2014, 5439, 18, 6, 0, -6, 72},
  {0x2018, 5493, 4, 11, 0, -11, 12},
  {0x2019, 5515, 4, 11, 0, -11, 12},
  {0x201C, 5537, 6, 11, 0, -11, 24},
  {0x201D, 5570, 6, 11, 0, -11, 24},
  {0x2026, 5603, 12, 2, 0, -2, 48},
  {0x2039, 5615, 6, 8, 0, -8, 24},
  {0x203A, 5639, 6, 8, 0, -8, 24}
};
const Fuente F_TECLA_CHICA = {F_TECLA_CHICA_BITS, F_TECLA_CHICA_GLIFOS, 122, 16, 4};

// F_CIFRAS: Figtree 600, 32 px, 12 glifos, 2090 bytes
const uint8_t F_CIFRAS_BITS[] = {
  0x02, 0xBE, 0xB2, 0x00, 0xBF, 0xFF, 0xB0, 0x0E, 0xFF, 0xFE, 0x00, 0xBF, 0xFF, 0xB0, 0x02, 0xBE,
  0xB2, 0x00, 0x00, 0x00, 0x00, 0x39, 0xDE, 0xED, 0x93, 0x00, 0x00, 0x00, 0x00, 0x00, 0x09, 0xFF,
  0xFF, 0xFF, 0xFF, 0x90, 0x00, 0x00, 0x00, 0x01, 0xBF, 0xFF, 0xFF, 0xFF, 0xFF, 0xFB, 0x00, 0x00,
  0x00, 0x0A, 0xFF, 0xFF, 0xB7, 0x7B, 0xFF, 0xFF, 0xA0, 0x00, 0x00, 0x4F, 0xFF, 0xE4, 0x00, 0x00,
  0x4E, 0xFF, 0xF4, 0x00, 0x00, 0xCF, 0xFF, 0x40, 0x00, 0x00, 0x04, 0xFF, 0xFC, 0x00, 0x03, 0xFF,
  0xFA, 0x00, 0x00, 0x00, 0x00, 0xBF, 0xFF, 0x30, 0x08, 0xFF, 0xF4, 0x00, 0x00, 0x00, 0x00, 0x4F,
  0xFF, 0x80, 0x0B, 0xFF, 0xE0, 0x00, 0x00, 0x00, 0x00, 0x0E, 0xFF, 0xB0, 0x0D, 0xFF, 0xC0, 0x00,
  0x00, 0x00, 0x00, 0x0C, 0xFF, 0xD0, 0x0E, 0xFF, 0xA0, 0x00, 0x00, 0x00, 0x00, 0x0A, 0xFF, 0xE0,
  0x0F, 0xFF, 0x90, 0x00, 0x00, 0x00, 0x00, 0x09, 0xFF, 0xF0, 0x0E, 0xFF, 0xA0, 0x00, 0x00, 0x00,
  0x00, 0x0A, 0xFF, 0xE0, 0x0D, 0xFF, 0xB0, 0x00, 0x00, 0x00, 0x00, 0x0C, 0xFF, 0xD0, 0x0B, 0xFF,
  0xE0, 0x00, 0x00, 0x00, 0x00, 0x0E, 0xFF, 0xB0, 0x08, 0xFF, 0xF4, 0x00, 0x00, 0x00, 0x00, 0x4F,
  0xFF, 0x80, 0x03, 0xFF, 0xFA, 0x00, 0x00, 0x00, 0x00, 0xBF, 0xFF, 0x30, 0x00, 0xCF, 0xFF, 0x40,
  0x00, 0x00, 0x04, 0xFF, 0xFC, 0x00, 0x00, 0x5F, 0xFF, 0xE4, 0x00, 0x00, 0x4E, 0xFF, 0xF5, 0x00,
  0x00, 0x0A, 0xFF, 0xFF, 0xB7, 0x7B, 0xFF, 0xFF, 0xA0, 0x00, 0x00, 0x01, 0xCF, 0xFF, 0xFF, 0xFF,
  0xFF, 0xFC, 0x10, 0x00, 0x00, 0x00, 0x09, 0xFF, 0xFF, 0xFF, 0xFF, 0x90, 0x00, 0x00, 0x00, 0x00,
  0x00, 0x39, 0xDF, 0xFD, 0x93, 0x00, 0x00, 0x00, 0x00, 0x00, 0x00, 0x4E, 0xFF, 0x90, 0x00, 0x00,
  0x00, 0x07, 0xFF, 0xFF, 0x90, 0x00, 0x00, 0x15, 0xCF, 0xFF, 0xFF, 0x90, 0x00, 0x00, 0xFF, 0xFF,
  0xFF, 0xFF, 0x90, 0x00, 0x00, 0xFF, 0xFF, 0xDF, 0xFF, 0x90, 0x00, 0x00, 0xFF, 0xE7, 0x0F, 0xFF,
  0x90, 0x00, 0x00, 0x63, 0x00, 0x0F, 0xFF, 0x90, 0x00, 0x00, 0x00, 0x00, 0x0F, 0xFF, 0x90, 0x00,
  0x00, 0x00, 0x00, 0x0F, 0xFF, 0x90, 0x00, 0x00, 0x00, 0x00, 0x0F, 0xFF, 0x90, 0x00, 0x00, 0x00,
  0x00, 0x0F, 0xFF, 0x90, 0x00, 0x00, 0x00, 0x00, 0x0F, 0xFF, 0x90, 0x00, 0x00, 0x00, 0x00, 0x0F,
  0xFF, 0x90, 0x00, 0x00, 0x00, 0x00, 0x0F, 0xFF, 0x90, 0x00, 0x00, 0x00, 0x00, 0x0F, 0xFF, 0x90,
  0x00, 0x00, 0x00, 0x00, 0x0F, 0xFF, 0x90, 0x00, 0x00, 0x00, 0x00, 0x0F, 0xFF, 0x90, 0x00, 0x00,
  0x00, 0x00, 0x0F, 0xFF, 0x90, 0x00, 0x00, 0x00, 0x00, 0x0F, 0xFF, 0x90, 0x00, 0x00, 0x00, 0x00,
  0x0F, 0xFF, 0x90, 0x00, 0x00, 0x00, 0x00, 0x0F, 0xFF, 0x90, 0x00, 0x00, 0x00, 0x00, 0x0F, 0xFF,
  0x90, 0x00, 0x00, 0x00, 0x00, 0x0F, 0xFF, 0x90, 0x00, 0x00, 0x00, 0x05, 0xAD, 0xEE, 0xDA, 0x50,
  0x00, 0x00, 0x00, 0x00, 0x2C, 0xFF, 0xFF, 0xFF, 0xFF, 0xC2, 0x00, 0x00, 0x00, 0x3E, 0xFF, 0xFF,
  0xFF, 0xFF, 0xFF, 0xE2, 0x00, 0x00, 0x0D, 0xFF, 0xFF, 0xB7, 0x7A, 0xEF, 0xFF, 0xB0, 0x00, 0x07,
  0xFF, 0xFE, 0x40, 0x00, 0x02, 0xDF, 0xFF, 0x30, 0x00, 0xBF, 0xFF, 0x60, 0x00, 0x00, 0x05, 0xFF,
  0xF7, 0x00, 0x00, 0x14, 0x70, 0x00, 0x00, 0x00, 0x1F, 0xFF, 0x90, 0x00, 0x00, 0x00, 0x00, 0x00,
  0x00, 0x02, 0xFF, 0xF8, 0x00, 0x00, 0x00, 0x00, 0x00, 0x00, 0x00, 0x8F, 0xFF, 0x50, 0x00, 0x00,
  0x00, 0x00, 0x00, 0x00, 0x4F, 0xFF, 0xE1, 0x00, 0x00, 0x00, 0x00, 0x00, 0x00, 0x5E, 0xFF, 0xF6,
  0x00, 0x00, 0x00, 0x00, 0x00, 0x00, 0x8F, 0xFF, 0xF9, 0x00, 0x00, 0x00, 0x00, 0x00, 0x02, 0xCF,
  0xFF, 0xF8, 0x00, 0x00, 0x00, 0x00, 0x00, 0x06, 0xEF, 0xFF, 0xF6, 0x00, 0x00, 0x00, 0x00, 0x00,
  0x09, 0xFF, 0xFF, 0xD3, 0x00, 0x00, 0x00, 0x00, 0x00, 0x0A, 0xFF, 0xFF, 0xA1, 0x00, 0x00, 0x00,
  0x00, 0x00, 0x08, 0xFF, 0xFF, 0x80, 0x00, 0x00, 0x00, 0x00, 0x00, 0x03, 0xFF, 0xFF, 0x80, 0x00,
  0x00, 0x00, 0x00, 0x00, 0x00, 0xAF, 0xFF, 0xD0, 0x00, 0x00, 0x00, 0x00, 0x00, 0x00, 0x0E, 0xFF,
  0xFB, 0x66, 0x66, 0x66, 0x66, 0x66, 0x00, 0x00, 0xFF, 0xFF, 0xFF, 0xFF, 0xFF, 0xFF, 0xFF, 0xF0,
  0x00, 0x0F, 0xFF, 0xFF, 0xFF, 0xFF, 0xFF, 0xFF, 0xFF, 0x00, 0x00, 0xFF, 0xFF, 0xFF, 0xFF, 0xFF,
  0xFF, 0xFF, 0xF0, 0x00, 0x00, 0x00, 0x16, 0xBE, 0xFE, 0xC7, 0x20, 0x00, 0x00, 0x00, 0x4E, 0xFF,
  0xFF, 0xFF, 0xFE, 0x60, 0x00, 0x00, 0x4F, 0xFF, 0xFF, 0xFF, 0xFF, 0xFF, 0x70, 0x00, 0x1E, 0xFF,
  0xFD, 0x87, 0x8D, 0xFF, 0xFF, 0x20, 0x01, 0x7C, 0xF9, 0x00, 0x00, 0x0A, 0xFF, 0xF7, 0x00, 0x00,
  0x01, 0x00, 0x00, 0x00, 0x1F, 0xFF, 0x90, 0x00, 0x00, 0x00, 0x00, 0x00, 0x02, 0xFF, 0xF7, 0x00,
  0x00, 0x00, 0x00, 0x00, 0x01, 0xBF, 0xFF, 0x20, 0x00, 0x00, 0x00, 0x67, 0x8A, 0xEF, 0xFF, 0x70,
  0x00, 0x00, 0x00, 0x0F, 0xFF, 0xFF, 0xFE, 0x60, 0x00, 0x00, 0x00, 0x00, 0xFF, 0xFF, 0xFF, 0x90,
  0x00, 0x00, 0x00, 0x00, 0x0F, 0xFF, 0xFF, 0xFF, 0xD1, 0x00, 0x00, 0x00, 0x00, 0x00, 0x25, 0xBF,
  0xFF, 0xC0, 0x00, 0x00, 0x00, 0x00, 0x00, 0x00, 0x7F, 0xFF, 0x70, 0x00, 0x00, 0x00, 0x00, 0x00,
  0x00, 0xDF, 0xFC, 0x00, 0x00, 0x00, 0x00, 0x00, 0x00, 0x0A, 0xFF, 0xE0, 0x00, 0x00, 0x00, 0x00,
  0x00, 0x00, 0xAF, 0xFF, 0x00, 0x00, 0x5A, 0x10, 0x00, 0x00, 0x1E, 0xFF, 0xD0, 0x04, 0xEF, 0xFB,
  0x10, 0x00, 0x0A, 0xFF, 0xF9, 0x00, 0x1E, 0xFF, 0xFD, 0x87, 0x8D, 0xFF, 0xFF, 0x20, 0x00, 0x5F,
  0xFF, 0xFF, 0xFF, 0xFF, 0xFF, 0x60, 0x00, 0x00, 0x5E, 0xFF, 0xFF, 0xFF, 0xFE, 0x60, 0x00, 0x00,
  0x00, 0x17, 0xBE, 0xFE, 0xC7, 0x10, 0x00, 0x00, 0x00, 0x00, 0x00, 0x00, 0x00, 0x5F, 0xFF, 0xF0,
  0x00, 0x00, 0x00, 0x00, 0x00, 0x00, 0x01, 0xEF, 0xFF, 0xF0, 0x00, 0x00, 0x00, 0x00, 0x00, 0x00,
  0x0A, 0xFF, 0xFF, 0xF0, 0x00, 0x00, 0x00, 0x00, 0x00, 0x00, 0x5F, 0xFF, 0xFF, 0xF0, 0x00, 0x00,
  0x00, 0x00, 0x00, 0x01, 0xEF, 0xFF, 0xFF, 0xF0, 0x00, 0x00, 0x00, 0x00, 0x00, 0x0A, 0xFF, 0xEB,
  0xFF, 0xF0, 0x00, 0x00, 0x00, 0x00, 0x00, 0x5F, 0xFF, 0x69, 0xFF, 0xF0, 0x00, 0x00, 0x00, 0x00,
  0x01, 0xEF, 0xFB, 0x09, 0xFF, 0xF0, 0x00, 0x00, 0x00, 0x00, 0x0A, 0xFF, 0xE1, 0x09, 0xFF, 0xF0,
  0x00, 0x00, 0x00, 0x00, 0x6F, 0xFF, 0x50, 0x09, 0xFF, 0xF0, 0x00, 0x00, 0x00, 0x02, 0xEF, 0xFA,
  0x00, 0x09, 0xFF, 0xF0, 0x00, 0x00, 0x00, 0x0B, 0xFF, 0xE1, 0x00, 0x09, 0xFF, 0xF0, 0x00, 0x00,
  0x00, 0x6F, 0xFF, 0x50, 0x00, 0x09, 0xFF, 0xF0, 0x00, 0x00, 0x02, 0xEF, 0xFA, 0x00, 0x00, 0x09,
  0xFF, 0xF0, 0x00, 0x00, 0x0B, 0xFF, 0xF8, 0x66, 0x66, 0x6C, 0xFF, 0xF6, 0x66, 0x60, 0x0F, 0xFF,
  0xFF, 0xFF, 0xFF, 0xFF, 0xFF, 0xFF, 0xFF, 0xF0, 0x0F, 0xFF, 0xFF, 0xFF, 0xFF, 0xFF, 0xFF, 0xFF,
  0xFF, 0xF0, 0x0F, 0xFF, 0xFF, 0xFF, 0xFF, 0xFF, 0xFF, 0xFF, 0xFF, 0xF0, 0x00, 0x00, 0x00, 0x00,
  0x00, 0x09, 0xFF, 0xF0, 0x00, 0x00, 0x00, 0x00, 0x00, 0x00, 0x00, 0x09, 0xFF, 0xF0, 0x00, 0x00,
  0x00, 0x00, 0x00, 0x00, 0x00, 0x09, 0xFF, 0xF0, 0x00, 0x00, 0x00, 0x00, 0x00, 0x00, 0x00, 0x09,
  0xFF, 0xF0, 0x00, 0x00, 0x00, 0x00, 0x00, 0x00, 0x00, 0x09, 0xFF, 0xF0, 0x00, 0x00, 0x00, 0x0C,
  0xFF, 0xFF, 0xFF, 0xFF, 0xFF, 0xF8, 0x00, 0x00, 0x0E, 0xFF, 0xFF, 0xFF, 0xFF, 0xFF, 0xF8, 0x00,
  0x00, 0x0F, 0xFF, 0xFF, 0xFF, 0xFF, 0xFF, 0xF8, 0x00, 0x00, 0x2F, 0xFF, 0xA6, 0x66, 0x66, 0x66,
  0x63, 0x00, 0x00, 0x4F, 0xFF, 0x50, 0x00, 0x00, 0x00, 0x00, 0x00, 0x00, 0x5F, 0xFF, 0x30, 0x00,
  0x00, 0x00, 0x00, 0x00, 0x00, 0x7F, 0xFF, 0x10, 0x00, 0x00, 0x00, 0x00, 0x00, 0x00, 0x8F, 0xFE,
  0x00, 0x46, 0x53, 0x00, 0x00, 0x00, 0x00, 0xAF, 0xFD, 0x7E, 0xFF, 0xFF, 0xD5, 0x00, 0x00, 0x00,
  0xBF, 0xFF, 0xFF, 0xFF, 0xFF, 0xFF, 0x70, 0x00, 0x00, 0xDF, 0xFF, 0xFF, 0xFF, 0xFF, 0xFF, 0xF4,
  0x00, 0x00, 0xEF, 0xFF, 0xA3, 0x11, 0x5D, 0xFF, 0xFD, 0x00, 0x00, 0x14, 0x77, 0x00, 0x00, 0x01,
  0xDF, 0xFF, 0x30, 0x00, 0x00, 0x00, 0x00, 0x00, 0x00, 0x5F, 0xFF, 0x70, 0x00, 0x00, 0x00, 0x00,
  0x00, 0x00, 0x1F, 0xFF, 0x80, 0x00, 0x00, 0x00, 0x00, 0x00, 0x00, 0x0F, 0xFF, 0x80, 0x00, 0x00,
  0x00, 0x00, 0x00, 0x00, 0x2F, 0xFF, 0x70, 0x00, 0x05, 0x80, 0x00, 0x00, 0x00, 0x8F, 0xFF, 0x40,
  0x07, 0xEF, 0xF9, 0x10, 0x00, 0x05, 0xFF, 0xFD, 0x00, 0x04, 0xFF, 0xFF, 0xE9, 0x77, 0xBF, 0xFF,
  0xF5, 0x00, 0x00, 0x6F, 0xFF, 0xFF, 0xFF, 0xFF, 0xFF, 0x90, 0x00, 0x00, 0x04, 0xDF, 0xFF, 0xFF,
  0xFF, 0xF7, 0x00, 0x00, 0x00, 0x00, 0x05, 0xAD, 0xFE, 0xD9, 0x30, 0x00, 0x00, 0x00, 0x00, 0x00,
  0x4A, 0xDE, 0xED, 0xA5, 0x00, 0x00, 0x00, 0x00, 0x1B, 0xFF, 0xFF, 0xFF, 0xFF, 0xE6, 0x00, 0x00,
  0x01, 0xDF, 0xFF, 0xFF, 0xFF, 0xFF, 0xFD, 0x10, 0x00, 0x0B, 0xFF, 0xFF, 0xB8, 0x78, 0xCF, 0xF3,
  0x00, 0x00, 0x5F, 0xFF, 0xE3, 0x00, 0x00, 0x02, 0x40, 0x00, 0x00, 0xCF, 0xFF, 0x30, 0x00, 0x00,
  0x00, 0x00, 0x00, 0x02, 0xFF, 0xF9, 0x00, 0x00, 0x00, 0x00, 0x00, 0x00, 0x07, 0xFF, 0xF4, 0x01,
  0x46, 0x63, 0x00, 0x00, 0x00, 0x0A, 0xFF, 0xE0, 0x7E, 0xFF, 0xFF, 0xD6, 0x00, 0x00, 0x0C, 0xFF,
  0xC8, 0xFF, 0xFF, 0xFF, 0xFF, 0x90, 0x00, 0x0E, 0xFF, 0xFF, 0xFF, 0xFF, 0xFF, 0xFF, 0xF7, 0x00,
  0x0E, 0xFF, 0xFF, 0xF7, 0x20, 0x3A, 0xFF, 0xFF, 0x20, 0x0F, 0xFF, 0xFF, 0x40, 0x00, 0x00, 0x8F,
  0xFF, 0x70, 0x0E, 0xFF, 0xFA, 0x00, 0x00, 0x00, 0x1E, 0xFF, 0xC0, 0x0D, 0xFF, 0xF6, 0x00, 0x00,
  0x00, 0x0B, 0xFF, 0xE0, 0x0B, 0xFF, 0xF6, 0x00, 0x00, 0x00, 0x0A, 0xFF, 0xF0, 0x08, 0xFF, 0xF8,
  0x00, 0x00, 0x00, 0x0C, 0xFF, 0xD0, 0x04, 0xFF, 0xFD, 0x00, 0x00, 0x00, 0x3F, 0xFF, 0xB0, 0x00,
  0xDF, 0xFF, 0xA0, 0x00, 0x02, 0xDF, 0xFF, 0x50, 0x00, 0x5F, 0xFF, 0xFD, 0x87, 0x9E, 0xFF, 0xFD,
  0x00, 0x00, 0x0A, 0xFF, 0xFF, 0xFF, 0xFF, 0xFF, 0xE3, 0x00, 0x00, 0x00, 0x9F, 0xFF, 0xFF, 0xFF,
  0xFD, 0x30, 0x00, 0x00, 0x00, 0x03, 0x9C, 0xEE, 0xDA, 0x50, 0x00, 0x00, 0x0F, 0xFF, 0xFF, 0xFF,
  0xFF, 0xFF, 0xFF, 0xFF, 0x00, 0xFF, 0xFF, 0xFF, 0xFF, 0xFF, 0xFF, 0xFF, 0xF0, 0x0F, 0xFF, 0xFF,
  0xFF, 0xFF, 0xFF, 0xFF, 0xFF, 0x00, 0x66, 0x66, 0x66, 0x66, 0x66, 0x7F, 0xFF, 0xB0, 0x00, 0x00,
  0x00, 0x00, 0x00, 0x08, 0xFF, 0xF4, 0x00, 0x00, 0x00, 0x00, 0x00, 0x01, 0xEF, 0xFC, 0x00, 0x00,
  0x00, 0x00, 0x00, 0x00, 0x7F, 0xFF, 0x50, 0x00, 0x00, 0x00, 0x00, 0x00, 0x0E, 0xFF, 0xD0, 0x00,
  0x00, 0x00, 0x00, 0x00, 0x06, 0xFF, 0xF6, 0x00, 0x00, 0x00, 0x00, 0x00, 0x00, 0xDF, 0xFD, 0x00,
  0x00, 0x00, 0x00, 0x00, 0x00, 0x6F, 0xFF, 0x70, 0x00, 0x00, 0x00, 0x00, 0x00, 0x0D, 0xFF, 0xE1,
  0x00, 0x00, 0x00, 0x00, 0x00, 0x05, 0xFF, 0xF8, 0x00, 0x00, 0x00, 0x00, 0x00, 0x00, 0xCF, 0xFE,
  0x10, 0x00, 0x00, 0x00, 0x00, 0x00, 0x4F, 0xFF, 0x90, 0x00, 0x00, 0x00, 0x00, 0x00, 0x0B, 0xFF,
  0xF2, 0x00, 0x00, 0x00, 0x00, 0x00, 0x04, 0xFF, 0xFA, 0x00, 0x00, 0x00, 0x00, 0x00, 0x00, 0xBF,
  0xFF, 0x30, 0x00, 0x00, 0x00, 0x00, 0x00, 0x3F, 0xFF, 0xB0, 0x00, 0x00, 0x00, 0x00, 0x00, 0x0A,
  0xFF, 0xF4, 0x00, 0x00, 0x00, 0x00, 0x00, 0x02, 0xFF, 0xFC, 0x00, 0x00, 0x00, 0x00, 0x00, 0x00,
  0x9F, 0xFF, 0x50, 0x00, 0x00, 0x00, 0x00, 0x00, 0x2F, 0xFF, 0xD0, 0x00, 0x00, 0x00, 0x00, 0x00,
  0x00, 0x00, 0x03, 0x8C, 0xEF, 0xEC, 0x83, 0x00, 0x00, 0x00, 0x00, 0x1A, 0xFF, 0xFF, 0xFF, 0xFF,
  0xFA, 0x10, 0x00, 0x00, 0x1C, 0xFF, 0xFF, 0xFF, 0xFF, 0xFF, 0xFC, 0x10, 0x00, 0x07, 0xFF, 0xFF,
  0xC8, 0x78, 0xDF, 0xFF, 0xF7, 0x00, 0x00, 0xCF, 0xFF, 0x70, 0x00, 0x00, 0x7F, 0xFF, 0xC0, 0x00,
  0x0E, 0xFF, 0xB0, 0x00, 0x00, 0x00, 0xCF, 0xFE, 0x00, 0x00, 0xEF, 0xFA, 0x00, 0x00, 0x00, 0x0A,
  0xFF, 0xD0, 0x00, 0x0A, 0xFF, 0xE1, 0x00, 0x00, 0x01, 0xEF, 0xFA, 0x00, 0x00, 0x4F, 0xFF, 0xD6,
  0x20, 0x26, 0xDF, 0xFF, 0x30, 0x00, 0x00, 0x7F, 0xFF, 0xFF, 0xFF, 0xFF, 0xFE, 0x50, 0x00, 0x00,
  0x00, 0x7F, 0xFF, 0xFF, 0xFF, 0xFF, 0x30, 0x00, 0x00, 0x00, 0x9F, 0xFF, 0xFF, 0xFF, 0xFF, 0xFE,
  0x50, 0x00, 0x00, 0x9F, 0xFF, 0xFA, 0x77, 0x8C, 0xFF, 0xFF, 0x40, 0x00, 0x4F, 0xFF, 0xC2, 0x00,
  0x00, 0x05, 0xFF, 0xFD, 0x00, 0x0A, 0xFF, 0xE1, 0x00, 0x00, 0x00, 0x06, 0xFF, 0xF4, 0x00, 0xEF,
  0xFA, 0x00, 0x00, 0x00, 0x00, 0x1F, 0xFF, 0x80, 0x0F, 0xFF, 0xA0, 0x00, 0x00, 0x00, 0x01, 0xFF,
  0xF9, 0x00, 0xDF, 0xFE, 0x10, 0x00, 0x00, 0x00, 0x6F, 0xFF, 0x80, 0x0A, 0xFF, 0xFC, 0x20, 0x00,
  0x00, 0x5E, 0xFF, 0xF4, 0x00, 0x3F, 0xFF, 0xFE, 0xA7, 0x79, 0xDF, 0xFF, 0xFD, 0x00, 0x00, 0x7F,
  0xFF, 0xFF, 0xFF, 0xFF, 0xFF, 0xFE, 0x20, 0x00, 0x00, 0x6E, 0xFF, 0xFF, 0xFF, 0xFF, 0xFB, 0x20,
  0x00, 0x00, 0x00, 0x16, 0xAD, 0xEF, 0xEC, 0x84, 0x00, 0x00, 0x00, 0x00, 0x00, 0x15, 0xBD, 0xEE,
  0xC9, 0x30, 0x00, 0x00, 0x00, 0x04, 0xDF, 0xFF, 0xFF, 0xFF, 0xF8, 0x00, 0x00, 0x00, 0x4F, 0xFF,
  0xFF, 0xFF, 0xFF, 0xFF, 0x90, 0x00, 0x01, 0xEF, 0xFF, 0xE9, 0x78, 0xDF, 0xFF, 0xF5, 0x00, 0x07,
  0xFF, 0xFB, 0x10, 0x00, 0x08, 0xFF, 0xFD, 0x00, 0x0C, 0xFF, 0xE1, 0x00, 0x00, 0x00, 0xCF, 0xFF,
  0x40, 0x0E, 0xFF, 0xA0, 0x00, 0x00, 0x00, 0x7F, 0xFF, 0x80, 0x0E, 0xFF, 0xA0, 0x00, 0x00, 0x00,
  0x7F, 0xFF, 0xB0, 0x0D, 0xFF, 0xD0, 0x00, 0x00, 0x00, 0xAF, 0xFF, 0xD0, 0x09, 0xFF, 0xF6, 0x00,
  0x00, 0x03, 0xFF, 0xFF, 0xE0, 0x03, 0xFF, 0xFF, 0x82, 0x02, 0x7E, 0xFF, 0xFF, 0xF0, 0x00, 0x9F,
  0xFF, 0xFF, 0xFF, 0xFF, 0xFF, 0xFF, 0xE0, 0x00, 0x1B, 0xFF, 0xFF, 0xFF, 0xFF, 0x9C, 0xFF, 0xD0,
  0x00, 0x00, 0x7D, 0xFF, 0xFF, 0xE7, 0x0E, 0xFF, 0xC0, 0x00, 0x00, 0x00, 0x35, 0x64, 0x10, 0x2F,
  0xFF, 0x90, 0x00, 0x00, 0x00, 0x00, 0x00, 0x00, 0x6F, 0xFF, 0x60, 0x00, 0x00, 0x00, 0x00, 0x00,
  0x00, 0xCF, 0xFF, 0x20, 0x00, 0x00, 0x00, 0x00, 0x00, 0x05, 0xFF, 0xFC, 0x00, 0x00, 0x07, 0x40,
  0x00, 0x00, 0x5E, 0xFF, 0xF5, 0x00, 0x00, 0x4F, 0xFD, 0x97, 0x8B, 0xFF, 0xFF, 0xB0, 0x00, 0x01,
  0xDF, 0xFF, 0xFF, 0xFF, 0xFF, 0xFD, 0x10, 0x00, 0x00, 0x6E, 0xFF, 0xFF, 0xFF, 0xFF, 0xB1, 0x00,
  0x00, 0x00, 0x00, 0x5A, 0xDE, 0xED, 0xA4, 0x00, 0x00, 0x00
};
const Glifo F_CIFRAS_GLIFOS[] = {
  {0x0020, 0, 8, 0, 0, 0, 32},
  {0x002E, 0, 7, 5, 0, -5, 28},
  {0x0030, 18, 20, 23, 0, -23, 80},
  {0x0031, 248, 14, 23, 0, -23, 56},
  {0x0032, 409, 19, 23, 0, -23, 76},
  {0x0033, 628, 17, 23, 0, -23, 68},
  {0x0034, 824, 20, 23, 0, -23, 80},
  {0x0035, 1054, 18, 23, 0, -23, 72},
  {0x0036, 1261, 18, 23, 0, -23, 72},
  {0x0037, 1468, 17, 23, 0, -23, 68},
  {0x0038, 1664, 19, 23, 0, -23, 76},
  {0x0039, 1883, 18, 23, 0, -23, 72}
};
const Fuente F_CIFRAS = {F_CIFRAS_BITS, F_CIFRAS_GLIFOS, 12, 31, 8};

// F_CLAVE: JetBrainsMono 500, 18 px, 95 glifos, 6560 bytes
const uint8_t F_CLAVE_BITS[] = {
  0x00, 0x00, 0xEF, 0x00, 0x00, 0x00, 0x00, 0x0E, 0xF0, 0x00, 0x00, 0x00, 0x00, 0xEF, 0x00, 0x00,
  0x00, 0x00, 0x0E, 0xF0, 0x00, 0x00, 0x00, 0x00, 0xEF, 0x00, 0x00, 0x00, 0x00, 0x0E, 0xF0, 0x00,
  0x00, 0x00, 0x00, 0xEF, 0x00, 0x00, 0x00, 0x00, 0x0E, 0xF0, 0x00, 0x00, 0x00, 0x00, 0xEF, 0x00,
  0x00, 0x00, 0x00, 0x00, 0x00, 0x00, 0x00, 0x00, 0x00, 0x00, 0x00, 0x00, 0x00, 0x00, 0x07, 0xA6,
  0x00, 0x00, 0x00, 0x00, 0xBF, 0x90, 0x00, 0x00, 0x00, 0x0F, 0xE0, 0x0F, 0xE0, 0x00, 0x00, 0xFE,
  0x00, 0xFE, 0x00, 0x00, 0x0F, 0xE0, 0x0F, 0xE0, 0x00, 0x00, 0xFE, 0x00, 0xFE, 0x00, 0x00, 0x0F,
  0xE0, 0x0F, 0xE0, 0x00, 0x00, 0x00, 0x00, 0x00, 0x00, 0x00, 0x00, 0x00, 0x00, 0x00, 0x00, 0x00,
  0x00, 0x00, 0x00, 0x00, 0x00, 0x00, 0x00, 0x00, 0x00, 0x00, 0x00, 0x00, 0x00, 0x00, 0x00, 0x00,
  0x00, 0x00, 0x00, 0x00, 0x00, 0x00, 0x00, 0x00, 0x00, 0x00, 0x00, 0x00, 0x00, 0x00, 0x00, 0x00,
  0x00, 0x00, 0x9B, 0x00, 0xBA, 0x00, 0x00, 0x0C, 0x80, 0x0E, 0x70, 0x00, 0x00, 0xF5, 0x02, 0xF4,
  0x00, 0x0F, 0xFF, 0xFF, 0xFF, 0xFF, 0x00, 0xBC, 0xFB, 0xBD, 0xFB, 0xB0, 0x00, 0x7D, 0x00, 0x9C,
  0x00, 0x00, 0x0A, 0xB0, 0x0B, 0x90, 0x00, 0x00, 0xD8, 0x00, 0xE7, 0x00, 0x0F, 0xFF, 0xFF, 0xFF,
  0xFF, 0x00, 0xBB, 0xFB, 0xBC, 0xFB, 0xB0, 0x00, 0x5F, 0x10, 0x6E, 0x00, 0x00, 0x07, 0xD0, 0x09,
  0xC0, 0x00, 0x00, 0xAB, 0x00, 0xB9, 0x00, 0x00, 0x00, 0x00, 0x2E, 0x00, 0x00, 0x00, 0x00, 0x02,
  0xE0, 0x00, 0x00, 0x00, 0x04, 0x8F, 0x72, 0x00, 0x00, 0x1B, 0xFF, 0xFF, 0xE2, 0x00, 0x09, 0xFB,
  0x6E, 0x8F, 0xB0, 0x00, 0xDF, 0x12, 0xE0, 0xFE, 0x00, 0x0C, 0xF3, 0x2E, 0x00, 0x00, 0x00, 0x8F,
  0xD7, 0xF0, 0x00, 0x00, 0x00, 0xAF, 0xFF, 0xA2, 0x00, 0x00, 0x00, 0x4A, 0xFF, 0xE3, 0x00, 0x00,
  0x00, 0x2F, 0x8F, 0xA0, 0x00, 0x00, 0x02, 0xE0, 0xFE, 0x00, 0x0E, 0xF1, 0x2E, 0x0F, 0xE0, 0x00,
  0xAF, 0xB5, 0xE7, 0xFB, 0x00, 0x02, 0xCF, 0xFF, 0xFE, 0x30, 0x00, 0x00, 0x59, 0xF7, 0x20, 0x00,
  0x00, 0x00, 0x2E, 0x00, 0x00, 0x00, 0x00, 0x02, 0xE0, 0x00, 0x00, 0x03, 0xCE, 0xC3, 0x00, 0x03,
  0xFB, 0x00, 0xCF, 0x2F, 0xC0, 0x01, 0xDE, 0x10, 0x0F, 0xE0, 0xEF, 0x00, 0x9F, 0x40, 0x00, 0xFE,
  0x0E, 0xF0, 0x5F, 0x80, 0x00, 0x0C, 0xFC, 0xFC, 0x2E, 0xC0, 0x00, 0x00, 0x3C, 0xEC, 0x3B, 0xE2,
  0x00, 0x00, 0x00, 0x00, 0x07, 0xF6, 0x00, 0x00, 0x00, 0x00, 0x03, 0xFC, 0xAE, 0xEA, 0x10, 0x00,
  0x01, 0xDD, 0xDF, 0xCD, 0xFA, 0x00, 0x00, 0xAF, 0x4F, 0xE0, 0x1F, 0xE0, 0x00, 0x5F, 0x80, 0xFE,
  0x00, 0xFE, 0x00, 0x2E, 0xC0, 0x0B, 0xF2, 0x3F, 0xA0, 0x0C, 0xE2, 0x00, 0x2A, 0xEE, 0xA1, 0x00,
  0x00, 0x1A, 0xEE, 0xC4, 0x00, 0x00, 0x0B, 0xFE, 0xBF, 0xE2, 0x00, 0x00, 0xEF, 0x10, 0x6F, 0x60,
  0x00, 0x0C, 0xF1, 0x00, 0x00, 0x00, 0x00, 0x6F, 0x70, 0x00, 0x00, 0x00, 0x1B, 0xFF, 0x30, 0x00,
  0x00, 0x0B, 0xF7, 0xBD, 0x11, 0xED, 0x00, 0xEE, 0x02, 0xFA, 0x7F, 0x60, 0x0F, 0xE0, 0x08, 0xFF,
  0xD0, 0x00, 0xFE, 0x00, 0x0D, 0xF6, 0x00, 0x0D, 0xF2, 0x02, 0xEF, 0x90, 0x00, 0x8F, 0xEB, 0xEF,
  0xCF, 0x40, 0x00, 0x8D, 0xEB, 0x32, 0xED, 0x10, 0x00, 0x00, 0xFE, 0x00, 0x00, 0x00, 0x00, 0x0F,
  0xE0, 0x00, 0x00, 0x00, 0x00, 0xFE, 0x00, 0x00, 0x00, 0x00, 0x0E, 0xD0, 0x00, 0x00, 0x00, 0x00,
  0xCC, 0x00, 0x00, 0x00, 0x00, 0x00, 0x00, 0x00, 0x00, 0x00, 0x00, 0x00, 0x00, 0x00, 0x00, 0x00,
  0x00, 0x00, 0x00, 0x00, 0x00, 0x00, 0x00, 0x00, 0x00, 0x00, 0x00, 0x00, 0x00, 0x00, 0x00, 0x00,
  0x00, 0x00, 0x00, 0x00, 0x00, 0x00, 0x00, 0x00, 0x00, 0x00, 0x00, 0x00, 0x00, 0x00, 0x00, 0x00,
  0x00, 0x00, 0x00, 0x3A, 0x70, 0x00, 0x00, 0x00, 0x7F, 0xF7, 0x00, 0x00, 0x00, 0x7F, 0xD4, 0x00,
  0x00, 0x00, 0x2F, 0xE2, 0x00, 0x00, 0x00, 0x09, 0xF6, 0x00, 0x00, 0x00, 0x00, 0xDF, 0x10, 0x00,
  0x00, 0x00, 0x0E, 0xE0, 0x00, 0x00, 0x00, 0x00, 0xFE, 0x00, 0x00, 0x00, 0x00, 0x0F, 0xE0, 0x00,
  0x00, 0x00, 0x00, 0xFE, 0x00, 0x00, 0x00, 0x00, 0x0F, 0xE0, 0x00, 0x00, 0x00, 0x00, 0xDF, 0x10,
  0x00, 0x00, 0x00, 0x0A, 0xF6, 0x00, 0x00, 0x00, 0x00, 0x4F, 0xD1, 0x00, 0x00, 0x00, 0x00, 0xAF,
  0xC3, 0x00, 0x00, 0x00, 0x00, 0xAF, 0xF7, 0x00, 0x00, 0x00, 0x00, 0x5C, 0x70, 0x00, 0x00, 0x00,
  0x00, 0x00, 0x00, 0x00, 0x7A, 0x30, 0x00, 0x00, 0x00, 0x07, 0xFF, 0x70, 0x00, 0x00, 0x00, 0x04,
  0xDF, 0x60, 0x00, 0x00, 0x00, 0x02, 0xEE, 0x20, 0x00, 0x00, 0x00, 0x07, 0xF7, 0x00, 0x00, 0x00,
  0x00, 0x3F, 0xB0, 0x00, 0x00, 0x00, 0x01, 0xFD, 0x00, 0x00, 0x00, 0x00, 0x0F, 0xE0, 0x00, 0x00,
  0x00, 0x00, 0xFE, 0x00, 0x00, 0x00, 0x00, 0x0F, 0xE0, 0x00, 0x00, 0x00, 0x00, 0xFD, 0x00, 0x00,
  0x00, 0x00, 0x2F, 0xC0, 0x00, 0x00, 0x00, 0x07, 0xF9, 0x00, 0x00, 0x00, 0x01, 0xEF, 0x30, 0x00,
  0x00, 0x03, 0xCF, 0x90, 0x00, 0x00, 0x07, 0xFF, 0xA0, 0x00, 0x00, 0x00, 0x7C, 0x50, 0x00, 0x00,
  0x00, 0x00, 0x00, 0x00, 0x00, 0x00, 0x00, 0x00, 0xFE, 0x00, 0x00, 0x00, 0x00, 0x0F, 0xE0, 0x00,
  0x00, 0x35, 0x00, 0xDC, 0x01, 0x53, 0x0B, 0xFE, 0x69, 0x96, 0xEF, 0x90, 0x39, 0xDE, 0xEE, 0xEC,
  0x83, 0x00, 0x00, 0x5D, 0xD3, 0x00, 0x00, 0x00, 0x5F, 0x89, 0xF4, 0x00, 0x00, 0x2E, 0xE1, 0x2F,
  0xE2, 0x00, 0x04, 0xE6, 0x00, 0x7D, 0x30, 0x00, 0x01, 0x00, 0x00, 0x10, 0x00, 0x00, 0x00, 0x00,
  0x00, 0x00, 0x00, 0x00, 0x00, 0xEF, 0x00, 0x00, 0x00, 0x00, 0x0E, 0xF0, 0x00, 0x00, 0x00, 0x00,
  0xEF, 0x00, 0x00, 0x00, 0xFF, 0xFF, 0xFF, 0xFF, 0xF0, 0x0B, 0xBB, 0xFF, 0xBB, 0xBB, 0x00, 0x00,
  0x0E, 0xF0, 0x00, 0x00, 0x00, 0x00, 0xEF, 0x00, 0x00, 0x00, 0x00, 0x0E, 0xF0, 0x00, 0x00, 0x00,
  0x00, 0x00, 0x00, 0x00, 0x00, 0x00, 0x00, 0x00, 0x00, 0x00, 0x00, 0x00, 0xDF, 0xA0, 0x00, 0x00,
  0x00, 0x1F, 0xF4, 0x00, 0x00, 0x00, 0x05, 0xFD, 0x00, 0x00, 0x00, 0x00, 0x8F, 0x80, 0x00, 0x00,
  0x00, 0x0C, 0xF2, 0x00, 0x00, 0x00, 0x01, 0xFB, 0x00, 0x00, 0x00, 0x00, 0x0B, 0xBB, 0xBB, 0xB0,
  0x00, 0x00, 0xFF, 0xFF, 0xFF, 0x00, 0x00, 0x00, 0x00, 0x00, 0x00, 0x00, 0x00, 0x00, 0x00, 0x00,
  0x00, 0x00, 0x00, 0x00, 0x00, 0x00, 0x00, 0x00, 0x00, 0x00, 0x00, 0x00, 0x00, 0x00, 0x00, 0x00,
  0x00, 0x00, 0x00, 0x00, 0x8E, 0x80, 0x00, 0x00, 0x00, 0x0E, 0xFE, 0x00, 0x00, 0x00, 0x00, 0x9E,
  0x90, 0x00, 0x00, 0x00, 0x00, 0x00, 0x09, 0xF6, 0x00, 0x00, 0x00, 0x01, 0xEE, 0x10, 0x00, 0x00,
  0x00, 0x6F, 0xA0, 0x00, 0x00, 0x00, 0x0B, 0xF4, 0x00, 0x00, 0x00, 0x02, 0xFD, 0x00, 0x00, 0x00,
  0x00, 0x7F, 0x80, 0x00, 0x00, 0x00, 0x0D, 0xF2, 0x00, 0x00, 0x00, 0x04, 0xFC, 0x00, 0x00, 0x00,
  0x00, 0x9F, 0x60, 0x00, 0x00, 0x00, 0x1E, 0xF1, 0x00, 0x00, 0x00, 0x05, 0xFA, 0x00, 0x00, 0x00,
  0x00, 0xBF, 0x40, 0x00, 0x00, 0x00, 0x2F, 0xE0, 0x00, 0x00, 0x00, 0x07, 0xF8, 0x00, 0x00, 0x00,
  0x00, 0xDF, 0x20, 0x00, 0x00, 0x00, 0x3F, 0xC0, 0x00, 0x00, 0x00, 0x09, 0xF6, 0x00, 0x00, 0x00,
  0x00, 0x00, 0x4B, 0xEE, 0xB4, 0x00, 0x00, 0x4F, 0xFC, 0xCF, 0xF4, 0x00, 0x0C, 0xF6, 0x00, 0x6F,
  0xC0, 0x00, 0xFF, 0x00, 0x00, 0xFF, 0x00, 0x0F, 0xE0, 0x00, 0x0E, 0xF0, 0x00, 0xFE, 0x07, 0x80,
  0xEF, 0x00, 0x0F, 0xE0, 0xBC, 0x0E, 0xF0, 0x00, 0xFE, 0x00, 0x00, 0xEF, 0x00, 0x0F, 0xE0, 0x00,
  0x0E, 0xF0, 0x00, 0xFE, 0x00, 0x00, 0xEF, 0x00, 0x0C, 0xF6, 0x00, 0x6F, 0xC0, 0x00, 0x4F, 0xFC,
  0xCF, 0xF4, 0x00, 0x00, 0x4B, 0xEE, 0xB4, 0x00, 0x00, 0x00, 0x02, 0xDF, 0xF0, 0x00, 0x00, 0x04,
  0xEE, 0xFF, 0x00, 0x00, 0x00, 0xFD, 0x3E, 0xF0, 0x00, 0x00, 0x0C, 0x20, 0xEF, 0x00, 0x00, 0x00,
  0x10, 0x0E, 0xF0, 0x00, 0x00, 0x00, 0x00, 0xEF, 0x00, 0x00, 0x00, 0x00, 0x0E, 0xF0, 0x00, 0x00,
  0x00, 0x00, 0xEF, 0x00, 0x00, 0x00, 0x00, 0x0E, 0xF0, 0x00, 0x00, 0x00, 0x00, 0xEF, 0x00, 0x00,
  0x00, 0x00, 0x0E, 0xF0, 0x00, 0x00, 0x0B, 0xBB, 0xFF, 0xBB, 0xB0, 0x00, 0xFF, 0xFF, 0xFF, 0xFF,
  0x00, 0x00, 0x3B, 0xEE, 0xC4, 0x00, 0x00, 0x4F, 0xFC, 0xCF, 0xF5, 0x00, 0x0B, 0xF6, 0x00, 0x5F,
  0xC0, 0x00, 0xDD, 0x00, 0x00, 0xFF, 0x00, 0x00, 0x00, 0x00, 0x1F, 0xD0, 0x00, 0x00, 0x00, 0x08,
  0xF9, 0x00, 0x00, 0x00, 0x05, 0xFE, 0x10, 0x00, 0x00, 0x05, 0xFF, 0x40, 0x00, 0x00, 0x05, 0xFF,
  0x50, 0x00, 0x00, 0x05, 0xFF, 0x60, 0x00, 0x00, 0x05, 0xFF, 0x60, 0x00, 0x00, 0x00, 0xFF, 0xEB,
  0xBB, 0xBB, 0x00, 0x0F, 0xFF, 0xFF, 0xFF, 0xF0, 0x00, 0x00, 0xFF, 0xFF, 0xFF, 0xF0, 0x00, 0x0B,
  0xBB, 0xBD, 0xFF, 0x00, 0x00, 0x00, 0x06, 0xFD, 0x30, 0x00, 0x00, 0x08, 0xFA, 0x10, 0x00, 0x00,
  0x05, 0xFF, 0x71, 0x00, 0x00, 0x00, 0x5F, 0xFF, 0xD2, 0x00, 0x00, 0x00, 0x01, 0x9F, 0xA0, 0x00,
  0x00, 0x00, 0x01, 0xFE, 0x00, 0x00, 0x00, 0x00, 0x0E, 0xF0, 0x00, 0xCD, 0x00, 0x00, 0xFE, 0x00,
  0x0C, 0xF5, 0x00, 0x6F, 0xB0, 0x00, 0x4F, 0xFC, 0xCF, 0xF4, 0x00, 0x00, 0x4B, 0xEE, 0xB4, 0x00,
  0x00, 0x00, 0x00, 0x03, 0xFE, 0x20, 0x00, 0x00, 0x01, 0xDF, 0x50, 0x00, 0x00, 0x00, 0xAF, 0x90,
  0x00, 0x00, 0x00, 0x6F, 0xC0, 0x00, 0x00, 0x00, 0x2E, 0xE2, 0x00, 0x00, 0x00, 0x1C, 0xF6, 0x00,
  0xFE, 0x00, 0x09, 0xFA, 0x00, 0x0F, 0xE0, 0x00, 0xFE, 0x10, 0x00, 0xFE, 0x00, 0x0F, 0xFB, 0xBB,
  0xBF, 0xE0, 0x00, 0xFF, 0xFF, 0xFF, 0xFE, 0x00, 0x00, 0x00, 0x00, 0x0F, 0xE0, 0x00, 0x00, 0x00,
  0x00, 0xFE, 0x00, 0x00, 0x00, 0x00, 0x0F, 0xE0, 0x00, 0x00, 0xFF, 0xFF, 0xFF, 0xF7, 0x00, 0x0F,
  0xFB, 0xBB, 0xBB, 0x50, 0x00, 0xFE, 0x00, 0x00, 0x00, 0x00, 0x0F, 0xE0, 0x00, 0x00, 0x00, 0x00,
  0xFE, 0x29, 0xA8, 0x20, 0x00, 0x0F, 0xEF, 0xFF, 0xFE, 0x20, 0x00, 0xFF, 0x71, 0x2A, 0xFA, 0x00,
  0x01, 0x10, 0x00, 0x1F, 0xD0, 0x00, 0x00, 0x00, 0x00, 0xFE, 0x00, 0x12, 0x20, 0x00, 0x1F, 0xD0,
  0x02, 0xFD, 0x10, 0x06, 0xFB, 0x00, 0x09, 0xFE, 0xBC, 0xFF, 0x40, 0x00, 0x07, 0xCE, 0xDB, 0x30,
  0x00, 0x00, 0x00, 0x0C, 0xF7, 0x00, 0x00, 0x00, 0x07, 0xFC, 0x00, 0x00, 0x00, 0x02, 0xFF, 0x20,
  0x00, 0x00, 0x00, 0xCF, 0x70, 0x00, 0x00, 0x00, 0x7F, 0xC0, 0x00, 0x00, 0x00, 0x2E, 0xE9, 0xDE,
  0xC4, 0x00, 0x08, 0xFF, 0xA8, 0xBF, 0xF3, 0x00, 0xDF, 0x60, 0x00, 0x7F, 0xA0, 0x0F, 0xF0, 0x00,
  0x01, 0xFD, 0x00, 0xEF, 0x10, 0x00, 0x2F, 0xD0, 0x0A, 0xF8, 0x00, 0x0A, 0xF9, 0x00, 0x2E, 0xFD,
  0xBE, 0xFD, 0x20, 0x00, 0x29, 0xDF, 0xD9, 0x10, 0x00, 0x0F, 0xFF, 0xFF, 0xFF, 0xF8, 0x00, 0xFF,
  0xBB, 0xBB, 0xDF, 0x70, 0x0F, 0xE0, 0x00, 0x0C, 0xF3, 0x00, 0x98, 0x00, 0x03, 0xFC, 0x00, 0x00,
  0x00, 0x00, 0x9F, 0x60, 0x00, 0x00, 0x00, 0x1F, 0xE1, 0x00, 0x00, 0x00, 0x07, 0xF9, 0x00, 0x00,
  0x00, 0x00, 0xDF, 0x20, 0x00, 0x00, 0x00, 0x5F, 0xB0, 0x00, 0x00, 0x00, 0x0B, 0xF5, 0x00, 0x00,
  0x00, 0x02, 0xFE, 0x00, 0x00, 0x00, 0x00, 0x9F, 0x80, 0x00, 0x00, 0x00, 0x1E, 0xF2, 0x00, 0x00,
  0x00, 0x00, 0x5C, 0xEE, 0xC6, 0x00, 0x00, 0x7F, 0xFC, 0xCF, 0xF7, 0x00, 0x0D, 0xF4, 0x00, 0x4F,
  0xD0, 0x00, 0xEF, 0x00, 0x00, 0xFE, 0x00, 0x0A, 0xF5, 0x00, 0x5F, 0xA0, 0x00, 0x1B, 0xFA, 0xAF,
  0xC1, 0x00, 0x00, 0x2F, 0xFF, 0xF2, 0x00, 0x00, 0x3E, 0xD4, 0x4D, 0xE3, 0x00, 0x0B, 0xF3, 0x00,
  0x3F, 0xB0, 0x00, 0xEE, 0x00, 0x00, 0xEE, 0x00, 0x0D, 0xF5, 0x00, 0x5F, 0xD0, 0x00, 0x6F, 0xFC,
  0xCF, 0xF6, 0x00, 0x00, 0x5C, 0xEE, 0xC5, 0x00, 0x00, 0x00, 0x29, 0xDF, 0xD8, 0x10, 0x00, 0x2E,
  0xFD, 0xBE, 0xFD, 0x10, 0x0A, 0xF8, 0x00, 0x09, 0xF8, 0x00, 0xEF, 0x00, 0x00, 0x1F, 0xD0, 0x0E,
  0xF0, 0x00, 0x01, 0xFD, 0x00, 0xCF, 0x80, 0x00, 0x9F, 0xB0, 0x04, 0xFF, 0xDB, 0xDF, 0xF7, 0x00,
  0x05, 0xCF, 0xDA, 0xFE, 0x10, 0x00, 0x00, 0x01, 0xDF, 0x50, 0x00, 0x00, 0x00, 0x9F, 0xB0, 0x00,
  0x00, 0x00, 0x4F, 0xE2, 0x00, 0x00, 0x00, 0x1D, 0xF6, 0x00, 0x00, 0x00, 0x09, 0xFB, 0x00, 0x00,
  0x00, 0x00, 0x00, 0x9E, 0x90, 0x00, 0x00, 0x00, 0x0E, 0xFE, 0x00, 0x00, 0x00, 0x00, 0x6C, 0x70,
  0x00, 0x00, 0x00, 0x00, 0x00, 0x00, 0x00, 0x00, 0x00, 0x00, 0x00, 0x00, 0x00, 0x00, 0x00, 0x00,
  0x00, 0x00, 0x00, 0x00, 0x00, 0x00, 0x00, 0x00, 0x00, 0x07, 0xC7, 0x00, 0x00, 0x00, 0x00, 0xEF,
  0xE0, 0x00, 0x00, 0x00, 0x09, 0xE9, 0x00, 0x00, 0x00, 0x00, 0x9F, 0x90, 0x00, 0x00, 0x00, 0x0E,
  0xFE, 0x00, 0x00, 0x00, 0x00, 0x7C, 0x70, 0x00, 0x00, 0x00, 0x00, 0x00, 0x00, 0x00, 0x00, 0x00,
  0x00, 0x00, 0x00, 0x00, 0x00, 0x00, 0x00, 0x00, 0x00, 0x00, 0x00, 0x00, 0x00, 0x00, 0x00, 0x00,
  0x09, 0xFC, 0x00, 0x00, 0x00, 0x00, 0xCF, 0x60, 0x00, 0x00, 0x00, 0x1F, 0xF1, 0x00, 0x00, 0x00,
  0x04, 0xFA, 0x00, 0x00, 0x00, 0x00, 0x8F, 0x50, 0x00, 0x00, 0x00, 0x0B, 0xE0, 0x00, 0x00, 0x00,
  0x00, 0x00, 0x00, 0x01, 0x70, 0x00, 0x00, 0x00, 0x18, 0xEF, 0x00, 0x00, 0x02, 0x8E, 0xFC, 0x50,
  0x00, 0x29, 0xFF, 0xB4, 0x00, 0x00, 0x0F, 0xFA, 0x30, 0x00, 0x00, 0x00, 0xFD, 0x81, 0x00, 0x00,
  0x00, 0x05, 0xDF, 0xE9, 0x20, 0x00, 0x00, 0x00, 0x5C, 0xFF, 0x92, 0x00, 0x00, 0x00, 0x04, 0xBF,
  0xF0, 0x00, 0x00, 0x00, 0x00, 0x3A, 0x00, 0x00, 0x00, 0x00, 0x00, 0x00, 0x00, 0x00, 0xFF, 0xFF,
  0xFF, 0xFF, 0x00, 0x0B, 0xBB, 0xBB, 0xBB, 0xB0, 0x00, 0x00, 0x00, 0x00, 0x00, 0x00, 0x00, 0x00,
  0x00, 0x00, 0x00, 0x00, 0xBB, 0xBB, 0xBB, 0xBB, 0x00, 0x0F, 0xFF, 0xFF, 0xFF, 0xF0, 0x00, 0x00,
  0x00, 0x00, 0x00, 0x00, 0x00, 0x00, 0x00, 0x00, 0x00, 0x00, 0x00, 0x00, 0x00, 0x00, 0x00, 0x07,
  0x10, 0x00, 0x00, 0x00, 0x00, 0xFE, 0x81, 0x00, 0x00, 0x00, 0x06, 0xDF, 0xE8, 0x20, 0x00, 0x00,
  0x00, 0x5C, 0xFF, 0x92, 0x00, 0x00, 0x00, 0x04, 0xBF, 0xF0, 0x00, 0x00, 0x00, 0x17, 0xDF, 0x00,
  0x00, 0x01, 0x8E, 0xFC, 0x50, 0x00, 0x29, 0xFF, 0xC5, 0x00, 0x00, 0x0F, 0xFB, 0x40, 0x00, 0x00,
  0x00, 0xA3, 0x00, 0x00, 0x00, 0x00, 0x00, 0x00, 0x00, 0x00, 0x00, 0x00, 0x00, 0xFF, 0xFD, 0x92,
  0x00, 0x00, 0x0B, 0xBB, 0xDF, 0xE2, 0x00, 0x00, 0x00, 0x00, 0x8F, 0xA0, 0x00, 0x00, 0x00, 0x01,
  0xFD, 0x00, 0x00, 0x00, 0x00, 0x2F, 0xD0, 0x00, 0x00, 0x00, 0x3C, 0xF9, 0x00, 0x00, 0x0E, 0xFF,
  0xFC, 0x10, 0x00, 0x00, 0xEF, 0xA6, 0x10, 0x00, 0x00, 0x0E, 0xF0, 0x00, 0x00, 0x00, 0x00, 0x89,
  0x00, 0x00, 0x00, 0x00, 0x00, 0x00, 0x00, 0x00, 0x00, 0x00, 0x7A, 0x60, 0x00, 0x00, 0x00, 0x0B,
  0xF9, 0x00, 0x00, 0x00, 0x00, 0x06, 0xBE, 0xED, 0x81, 0x00, 0x0A, 0xFF, 0xCB, 0xEF, 0xD1, 0x06,
  0xFD, 0x30, 0x00, 0x9F, 0x80, 0xCF, 0x40, 0x00, 0x01, 0xFC, 0x0E, 0xF0, 0x1A, 0xED, 0x4D, 0xE0,
  0xFE, 0x09, 0xFE, 0xBF, 0xFE, 0x0F, 0xE0, 0xDF, 0x30, 0x3F, 0xE0, 0xFE, 0x0E, 0xF0, 0x00, 0xFE,
  0x0F, 0xE0, 0xEF, 0x00, 0x0F, 0xE0, 0xFE, 0x0D, 0xF0, 0x00, 0xFE, 0x0F, 0xE0, 0xAF, 0x61, 0x4C,
  0xE0, 0xEF, 0x01, 0xAE, 0xE7, 0xCE, 0x0C, 0xF4, 0x00, 0x00, 0x00, 0x00, 0x6F, 0xD2, 0x00, 0x00,
  0x00, 0x00, 0xAF, 0xFC, 0xB4, 0x00, 0x00, 0x00, 0x6C, 0xEF, 0x60, 0x00, 0x00, 0x00, 0xFF, 0xC0,
  0x00, 0x00, 0x00, 0x4F, 0xFF, 0x10, 0x00, 0x00, 0x08, 0xF9, 0xF5, 0x00, 0x00, 0x00, 0xCF, 0x3F,
  0x90, 0x00, 0x00, 0x1F, 0xB0, 0xED, 0x00, 0x00, 0x04, 0xF8, 0x0B, 0xF1, 0x00, 0x00, 0x8F, 0x40,
  0x7F, 0x50, 0x00, 0x0C, 0xF1, 0x03, 0xF9, 0x00, 0x01, 0xFF, 0xFF, 0xFF, 0xD0, 0x00, 0x5F, 0xC9,
  0x99, 0xDF, 0x20, 0x09, 0xF5, 0x00, 0x08, 0xF6, 0x00, 0xDF, 0x10, 0x00, 0x4F, 0xA0, 0x1F, 0xD0,
  0x00, 0x01, 0xFD, 0x00, 0x00, 0xFF, 0xFF, 0xEB, 0x30, 0x00, 0x0F, 0xFB, 0xBC, 0xFF, 0x40, 0x00,
  0xFE, 0x00, 0x05, 0xFB, 0x00, 0x0F, 0xE0, 0x00, 0x1F, 0xD0, 0x00, 0xFE, 0x00, 0x06, 0xFC, 0x00,
  0x0F, 0xFB, 0xBC, 0xFF, 0x70, 0x00, 0xFF, 0xFF, 0xFF, 0xF1, 0x00, 0x0F, 0xE0, 0x02, 0xAF, 0x80,
  0x00, 0xFE, 0x00, 0x01, 0xFD, 0x00, 0x0F, 0xE0, 0x00, 0x0F, 0xF0, 0x00, 0xFE, 0x00, 0x06, 0xFC,
  0x00, 0x0F, 0xFB, 0xBC, 0xFF, 0x50, 0x00, 0xFF, 0xFF, 0xEC, 0x50, 0x00, 0x00, 0x4B, 0xEE, 0xB4,
  0x00, 0x00, 0x5F, 0xFC, 0xCF, 0xF4, 0x00, 0x0C, 0xF5, 0x00, 0x5F, 0xC0, 0x00, 0xFE, 0x00, 0x00,
  0xBA, 0x00, 0x0F, 0xE0, 0x00, 0x00, 0x00, 0x00, 0xFE, 0x00, 0x00, 0x00, 0x00, 0x0F, 0xE0, 0x00,
  0x00, 0x00, 0x00, 0xFE, 0x00, 0x00, 0x00, 0x00, 0x0F, 0xE0, 0x00, 0x00, 0x00, 0x00, 0xFE, 0x00,
  0x00, 0xBA, 0x00, 0x0C, 0xF5, 0x00, 0x5F, 0xC0, 0x00, 0x5F, 0xFC, 0xCF, 0xF4, 0x00, 0x00, 0x4C,
  0xEE, 0xB4, 0x00, 0x00, 0x0F, 0xFF, 0xFE, 0xA2, 0x00, 0x00, 0xFF, 0xBB, 0xDF, 0xE2, 0x00, 0x0F,
  0xE0, 0x00, 0x8F, 0xA0, 0x00, 0xFE, 0x00, 0x01, 0xFD, 0x00, 0x0F, 0xE0, 0x00, 0x0F, 0xE0, 0x00,
  0xFE, 0x00, 0x00, 0xFE, 0x00, 0x0F, 0xE0, 0x00, 0x0F, 0xE0, 0x00, 0xFE, 0x00, 0x00, 0xFE, 0x00,
  0x0F, 0xE0, 0x00, 0x0F, 0xE0, 0x00, 0xFE, 0x00, 0x01, 0xFD, 0x00, 0x0F, 0xE0, 0x00, 0x8F, 0xA0,
  0x00, 0xFF, 0xBB, 0xDF, 0xE2, 0x00, 0x0F, 0xFF, 0xFE, 0xA2, 0x00, 0x00, 0x00, 0xFF, 0xFF, 0xFF,
  0xF8, 0x00, 0x0F, 0xFB, 0xBB, 0xBB, 0x50, 0x00, 0xFE, 0x00, 0x00, 0x00, 0x00, 0x0F, 0xE0, 0x00,
  0x00, 0x00, 0x00, 0xFE, 0x00, 0x00, 0x00, 0x00, 0x0F, 0xFB, 0xBB, 0xBB, 0x00, 0x00, 0xFF, 0xFF,
  0xFF, 0xF0, 0x00, 0x0F, 0xE0, 0x00, 0x00, 0x00, 0x00, 0xFE, 0x00, 0x00, 0x00, 0x00, 0x0F, 0xE0,
  0x00, 0x00, 0x00, 0x00, 0xFE, 0x00, 0x00, 0x00, 0x00, 0x0F, 0xFB, 0xBB, 0xBB, 0x50, 0x00, 0xFF,
  0xFF, 0xFF, 0xF8, 0x00, 0x00, 0xFF, 0xFF, 0xFF, 0xFF, 0x00, 0x0F, 0xFB, 0xBB, 0xBB, 0xB0, 0x00,
  0xFE, 0x00, 0x00, 0x00, 0x00, 0x0F, 0xE0, 0x00, 0x00, 0x00, 0x00, 0xFE, 0x00, 0x00, 0x00, 0x00,
  0x0F, 0xE0, 0x00, 0x00, 0x00, 0x00, 0xFF, 0xFF, 0xFF, 0xF8, 0x00, 0x0F, 0xFB, 0xBB, 0xBB, 0x50,
  0x00, 0xFE, 0x00, 0x00, 0x00, 0x00, 0x0F, 0xE0, 0x00, 0x00, 0x00, 0x00, 0xFE, 0x00, 0x00, 0x00,
  0x00, 0x0F, 0xE0, 0x00, 0x00, 0x00, 0x00, 0xFE, 0x00, 0x00, 0x00, 0x00, 0x00, 0x4B, 0xEE, 0xB4,
  0x00, 0x00, 0x5F, 0xFC, 0xCF, 0xF5, 0x00, 0x0C, 0xF5, 0x00, 0x4F, 0xC0, 0x00, 0xFE, 0x00, 0x00,
  0x99, 0x00, 0x0F, 0xE0, 0x00, 0x00, 0x00, 0x00, 0xFE, 0x00, 0x00, 0x00, 0x00, 0x0F, 0xE0, 0x6F,
  0xFF, 0xF0, 0x00, 0xFE, 0x04, 0xBB, 0xFF, 0x00, 0x0F, 0xE0, 0x00, 0x0E, 0xF0, 0x00, 0xFE, 0x00,
  0x00, 0xFE, 0x00, 0x0C, 0xF5, 0x00, 0x5F, 0xC0, 0x00, 0x5F, 0xFC, 0xCF, 0xF4, 0x00, 0x00, 0x4C,
  0xEE, 0xB4, 0x00, 0x00, 0x00, 0xFE, 0x00, 0x00, 0xFE, 0x00, 0x0F, 0xE0, 0x00, 0x0F, 0xE0, 0x00,
  0xFE, 0x00, 0x00, 0xFE, 0x00, 0x0F, 0xE0, 0x00, 0x0F, 0xE0, 0x00, 0xFE, 0x00, 0x00, 0xFE, 0x00,
  0x0F, 0xFB, 0xBB, 0xBF, 0xE0, 0x00, 0xFF, 0xFF, 0xFF, 0xFE, 0x00, 0x0F, 0xE0, 0x00, 0x0F, 0xE0,
  0x00, 0xFE, 0x00, 0x00, 0xFE, 0x00, 0x0F, 0xE0, 0x00, 0x0F, 0xE0, 0x00, 0xFE, 0x00, 0x00, 0xFE,
  0x00, 0x0F, 0xE0, 0x00, 0x0F, 0xE0, 0x00, 0xFE, 0x00, 0x00, 0xFE, 0x00, 0x00, 0xFF, 0xFF, 0xFF,
  0xF0, 0x00, 0x0B, 0xBB, 0xFF, 0xBB, 0x00, 0x00, 0x00, 0x0F, 0xE0, 0x00, 0x00, 0x00, 0x00, 0xFE,
  0x00, 0x00, 0x00, 0x00, 0x0F, 0xE0, 0x00, 0x00, 0x00, 0x00, 0xFE, 0x00, 0x00, 0x00, 0x00, 0x0F,
  0xE0, 0x00, 0x00, 0x00, 0x00, 0xFE, 0x00, 0x00, 0x00, 0x00, 0x0F, 0xE0, 0x00, 0x00, 0x00, 0x00,
  0xFE, 0x00, 0x00, 0x00, 0x00, 0x0F, 0xE0, 0x00, 0x00, 0x0B, 0xBB, 0xFF, 0xBB, 0x00, 0x00, 0xFF,
  0xFF, 0xFF, 0xF0, 0x00, 0x00, 0x00, 0xCF, 0xFF, 0xF0, 0x00, 0x00, 0x08, 0xBB, 0xFF, 0x00, 0x00,
  0x00, 0x00, 0x0E, 0xF0, 0x00, 0x00, 0x00, 0x00, 0xEF, 0x00, 0x00, 0x00, 0x00, 0x0E, 0xF0, 0x00,
  0x00, 0x00, 0x00, 0xEF, 0x00, 0x00, 0x00, 0x00, 0x0E, 0xF0, 0x00, 0x00, 0x00, 0x00, 0xEF, 0x00,
  0x00, 0x00, 0x00, 0x0E, 0xF0, 0x00, 0xEE, 0x00, 0x00, 0xFF, 0x00, 0x0C, 0xF6, 0x00, 0x6F, 0xC0,
  0x00, 0x4F, 0xFC, 0xCF, 0xF4, 0x00, 0x00, 0x4B, 0xEE, 0xB4, 0x00, 0x00, 0x00, 0xFE, 0x00, 0x00,
  0xDF, 0x30, 0x0F, 0xE0, 0x00, 0x6F, 0xB0, 0x00, 0xFE, 0x00, 0x0D, 0xF3, 0x00, 0x0F, 0xE0, 0x06,
  0xFB, 0x00, 0x00, 0xFE, 0x00, 0xDF, 0x30, 0x00, 0x0F, 0xFB, 0xCF, 0xA0, 0x00, 0x00, 0xFF, 0xFF,
  0xF8, 0x00, 0x00, 0x0F, 0xE0, 0x2F, 0xE1, 0x00, 0x00, 0xFE, 0x00, 0xAF, 0x80, 0x00, 0x0F, 0xE0,
  0x03, 0xFE, 0x10, 0x00, 0xFE, 0x00, 0x0B, 0xF7, 0x00, 0x0F, 0xE0, 0x00, 0x4F, 0xD0, 0x00, 0xFE,
  0x00, 0x00, 0xCF, 0x60, 0x00, 0xFE, 0x00, 0x00, 0x00, 0x00, 0x0F, 0xE0, 0x00, 0x00, 0x00, 0x00,
  0xFE, 0x00, 0x00, 0x00, 0x00, 0x0F, 0xE0, 0x00, 0x00, 0x00, 0x00, 0xFE, 0x00, 0x00, 0x00, 0x00,
  0x0F, 0xE0, 0x00, 0x00, 0x00, 0x00, 0xFE, 0x00, 0x00, 0x00, 0x00, 0x0F, 0xE0, 0x00, 0x00, 0x00,
  0x00, 0xFE, 0x00, 0x00, 0x00, 0x00, 0x0F, 0xE0, 0x00, 0x00, 0x00, 0x00, 0xFE, 0x00, 0x00, 0x00,
  0x00, 0x0F, 0xFC, 0xCC, 0xCC, 0x60, 0x00, 0xFF, 0xFF, 0xFF, 0xF8, 0x00, 0x0F, 0xFC, 0x00, 0x0C,
  0xFE, 0x00, 0xFE, 0xF2, 0x01, 0xFE, 0xE0, 0x0F, 0xCF, 0x70, 0x6F, 0xBE, 0x00, 0xFD, 0xBC, 0x0B,
  0xBC, 0xE0, 0x0F, 0xE6, 0xF2, 0xF6, 0xDE, 0x00, 0xFE, 0x1F, 0xAF, 0x1E, 0xE0, 0x0F, 0xE0, 0xBF,
  0xC0, 0xFE, 0x00, 0xFE, 0x03, 0x53, 0x0F, 0xE0, 0x0F, 0xE0, 0x00, 0x00, 0xFE, 0x00, 0xFE, 0x00,
  0x00, 0x0F, 0xE0, 0x0F, 0xE0, 0x00, 0x00, 0xFE, 0x00, 0xFE, 0x00, 0x00, 0x0F, 0xE0, 0x0F, 0xE0,
  0x00, 0x00, 0xFE, 0x00, 0x0F, 0xFC, 0x00, 0x0E, 0xF0, 0x00, 0xFF, 0xF2, 0x00, 0xEF, 0x00, 0x0F,
  0xEF, 0x70, 0x0E, 0xF0, 0x00, 0xFE, 0xBC, 0x00, 0xEF, 0x00, 0x0F, 0xE6, 0xF2, 0x0E, 0xF0, 0x00,
  0xFE, 0x1F, 0x70, 0xEF, 0x00, 0x0F, 0xE0, 0xBC, 0x0E, 0xF0, 0x00, 0xFE, 0x06, 0xF2, 0xEF, 0x00,
  0x0F, 0xE0, 0x1F, 0x7E, 0xF0, 0x00, 0xFE, 0x00, 0xBC, 0xDF, 0x00, 0x0F, 0xE0, 0x06, 0xFE, 0xF0,
  0x00, 0xFE, 0x00, 0x1F, 0xFF, 0x00, 0x0F, 0xE0, 0x00, 0xBF, 0xF0, 0x00, 0x00, 0x5C, 0xEE, 0xB4,
  0x00, 0x00, 0x5F, 0xFC, 0xCF, 0xF4, 0x00, 0x0C, 0xF4, 0x00, 0x6F, 0xB0, 0x00, 0xFE, 0x00, 0x01,
  0xFD, 0x00, 0x0F, 0xE0, 0x00, 0x0F, 0xE0, 0x00, 0xFE, 0x00, 0x00, 0xFE, 0x00, 0x0F, 0xE0, 0x00,
  0x0F, 0xE0, 0x00, 0xFE, 0x00, 0x00, 0xFE, 0x00, 0x0F, 0xE0, 0x00, 0x0F, 0xE0, 0x00, 0xFE, 0x00,
  0x01, 0xFD, 0x00, 0x0C, 0xF4, 0x00, 0x6F, 0xB0, 0x00, 0x5F, 0xFC, 0xCF, 0xF4, 0x00, 0x00, 0x5C,
  0xEE, 0xB4, 0x00, 0x00, 0x00, 0xFF, 0xFF, 0xFE, 0xA2, 0x00, 0x0F, 0xFB, 0xBB, 0xDF, 0xE2, 0x00,
  0xFE, 0x00, 0x00, 0x8F, 0xA0, 0x0F, 0xE0, 0x00, 0x01, 0xFD, 0x00, 0xFE, 0x00, 0x00, 0x2F, 0xD0,
  0x0F, 0xE0, 0x00, 0x3C, 0xF8, 0x00, 0xFF, 0xFF, 0xFF, 0xFB, 0x10, 0x0F, 0xFB, 0xBA, 0x95, 0x00,
  0x00, 0xFE, 0x00, 0x00, 0x00, 0x00, 0x0F, 0xE0, 0x00, 0x00, 0x00, 0x00, 0xFE, 0x00, 0x00, 0x00,
  0x00, 0x0F, 0xE0, 0x00, 0x00, 0x00, 0x00, 0xFE, 0x00, 0x00, 0x00, 0x00, 0x00, 0x4B, 0xEE, 0xB4,
  0x00, 0x00, 0x4F, 0xFC, 0xCF, 0xF4, 0x00, 0x0C, 0xF5, 0x00, 0x5F, 0xC0, 0x00, 0xFE, 0x00, 0x00,
  0xEF, 0x00, 0x0F, 0xE0, 0x00, 0x0E, 0xF0, 0x00, 0xFE, 0x00, 0x00, 0xEF, 0x00, 0x0F, 0xE0, 0x00,
  0x0E, 0xF0, 0x00, 0xFE, 0x00, 0x00, 0xEF, 0x00, 0x0F, 0xE0, 0x00, 0x0E, 0xF0, 0x00, 0xFE, 0x00,
  0x00, 0xEF, 0x00, 0x0C, 0xF5, 0x00, 0x6F, 0xC0, 0x00, 0x4F, 0xFC, 0xCF, 0xF4, 0x00, 0x00, 0x4B,
  0xEF, 0xF5, 0x00, 0x00, 0x00, 0x00, 0x7F, 0x90, 0x00, 0x00, 0x00, 0x00, 0xDF, 0x40, 0x00, 0x00,
  0x00, 0x04, 0xFC, 0x00, 0x00, 0xFF, 0xFF, 0xEB, 0x40, 0x00, 0x0F, 0xFB, 0xBC, 0xFF, 0x40, 0x00,
  0xFE, 0x00, 0x06, 0xFC, 0x00, 0x0F, 0xE0, 0x00, 0x0F, 0xE0, 0x00, 0xFE, 0x00, 0x01, 0xFE, 0x00,
  0x0F, 0xE0, 0x01, 0xAF, 0x90, 0x00, 0xFF, 0xFF, 0xFF, 0xD2, 0x00, 0x0F, 0xFB, 0xCF, 0xC1, 0x00,
  0x00, 0xFE, 0x00, 0xEF, 0x10, 0x00, 0x0F, 0xE0, 0x08, 0xF8, 0x00, 0x00, 0xFE, 0x00, 0x1F, 0xE1,
  0x00, 0x0F, 0xE0, 0x00, 0x9F, 0x70, 0x00, 0xFE, 0x00, 0x03, 0xFE, 0x10, 0x00, 0x4B, 0xEE, 0xB4,
  0x00, 0x00, 0x4F, 0xFC, 0xCF, 0xF6, 0x00, 0x0C, 0xF5, 0x00, 0x4F, 0xD0, 0x00, 0xDF, 0x10, 0x00,
  0x77, 0x00, 0x0B, 0xF6, 0x00, 0x00, 0x00, 0x00, 0x4F, 0xFA, 0x61, 0x00, 0x00, 0x00, 0x5D, 0xFF,
  0xE7, 0x00, 0x00, 0x00, 0x04, 0x8E, 0xF6, 0x00, 0x00, 0x00, 0x00, 0x3F, 0xD0, 0x00, 0x88, 0x00,
  0x00, 0xEF, 0x00, 0x0D, 0xF4, 0x00, 0x4F, 0xC0, 0x00, 0x5F, 0xFC, 0xCF, 0xF5, 0x00, 0x00, 0x5C,
  0xEE, 0xC5, 0x00, 0x00, 0x0F, 0xFF, 0xFF, 0xFF, 0xFF, 0x00, 0xBB, 0xBF, 0xFB, 0xBB, 0xB0, 0x00,
  0x00, 0xEF, 0x00, 0x00, 0x00, 0x00, 0x0E, 0xF0, 0x00, 0x00, 0x00, 0x00, 0xEF, 0x00, 0x00, 0x00,
  0x00, 0x0E, 0xF0, 0x00, 0x00, 0x00, 0x00, 0xEF, 0x00, 0x00, 0x00, 0x00, 0x0E, 0xF0, 0x00, 0x00,
  0x00, 0x00, 0xEF, 0x00, 0x00, 0x00, 0x00, 0x0E, 0xF0, 0x00, 0x00, 0x00, 0x00, 0xEF, 0x00, 0x00,
  0x00, 0x00, 0x0E, 0xF0, 0x00, 0x00, 0x00, 0x00, 0xEF, 0x00, 0x00, 0x00, 0x0F, 0xE0, 0x00, 0x0F,
  0xE0, 0x00, 0xFE, 0x00, 0x00, 0xFE, 0x00, 0x0F, 0xE0, 0x00, 0x0F, 0xE0, 0x00, 0xFE, 0x00, 0x00,
  0xFE, 0x00, 0x0F, 0xE0, 0x00, 0x0F, 0xE0, 0x00, 0xFE, 0x00, 0x00, 0xFE, 0x00, 0x0F, 0xE0, 0x00,
  0x0F, 0xE0, 0x00, 0xFE, 0x00, 0x00, 0xFE, 0x00, 0x0F, 0xE0, 0x00, 0x0F, 0xE0, 0x00, 0xFE, 0x00,
  0x01, 0xFE, 0x00, 0x0C, 0xF5, 0x00, 0x6F, 0xB0, 0x00, 0x5F, 0xFC, 0xCF, 0xF4, 0x00, 0x00, 0x4B,
  0xEE, 0xB4, 0x00, 0x00, 0x1F, 0xD0, 0x00, 0x01, 0xFE, 0x00, 0xDF, 0x20, 0x00, 0x4F, 0xA0, 0x09,
  0xF6, 0x00, 0x08, 0xF6, 0x00, 0x5F, 0x90, 0x00, 0xCF, 0x20, 0x01, 0xFD, 0x00, 0x0F, 0xD0, 0x00,
  0x0C, 0xF2, 0x04, 0xF9, 0x00, 0x00, 0x8F, 0x50, 0x7F, 0x50, 0x00, 0x05, 0xF9, 0x0B, 0xF1, 0x00,
  0x00, 0x1F, 0xD0, 0xED, 0x00, 0x00, 0x00, 0xCF, 0x4F, 0x90, 0x00, 0x00, 0x08, 0xFA, 0xF5, 0x00,
  0x00, 0x00, 0x4F, 0xFF, 0x10, 0x00, 0x00, 0x01, 0xFF, 0xC0, 0x00, 0x00, 0xAF, 0x10, 0xAF, 0x40,
  0x7F, 0x38, 0xF3, 0x0C, 0xE5, 0x09, 0xF1, 0x7F, 0x40, 0xDC, 0x70, 0xAE, 0x05, 0xF6, 0x0F, 0x99,
  0x0C, 0xD0, 0x3F, 0x72, 0xE6, 0xA0, 0xEB, 0x02, 0xF9, 0x4D, 0x4C, 0x0F, 0x90, 0x0F, 0xA6, 0xB3,
  0xE2, 0xF8, 0x00, 0xEC, 0x89, 0x1F, 0x3F, 0x60, 0x0C, 0xDA, 0x70, 0xE7, 0xF4, 0x00, 0xAE, 0xB5,
  0x0D, 0xAF, 0x30, 0x09, 0xFD, 0x40, 0xBD, 0xF1, 0x00, 0x7F, 0xF2, 0x09, 0xFE, 0x00, 0x05, 0xFF,
  0x00, 0x8F, 0xD0, 0x00, 0x0D, 0xF4, 0x00, 0x06, 0xFA, 0x00, 0x5F, 0xC0, 0x01, 0xDF, 0x20, 0x00,
  0xCF, 0x50, 0x7F, 0x90, 0x00, 0x04, 0xFC, 0x1E, 0xE1, 0x00, 0x00, 0x0B, 0xFB, 0xF7, 0x00, 0x00,
  0x00, 0x3F, 0xFD, 0x10, 0x00, 0x00, 0x00, 0xDF, 0xA0, 0x00, 0x00, 0x00, 0x5F, 0xFF, 0x20, 0x00,
  0x00, 0x0D, 0xF7, 0xFB, 0x00, 0x00, 0x07, 0xF9, 0x0D, 0xF4, 0x00, 0x01, 0xEF, 0x20, 0x5F, 0xC0,
  0x00, 0x8F, 0x80, 0x00, 0xCF, 0x50, 0x2F, 0xE1, 0x00, 0x04, 0xFD, 0x00, 0xAF, 0x50, 0x00, 0x06,
  0xF9, 0x03, 0xFC, 0x00, 0x00, 0xDF, 0x20, 0x0B, 0xF4, 0x00, 0x5F, 0xA0, 0x00, 0x4F, 0xB0, 0x0C,
  0xF2, 0x00, 0x00, 0xBF, 0x34, 0xFA, 0x00, 0x00, 0x04, 0xFA, 0xAF, 0x30, 0x00, 0x00, 0x0C, 0xEF,
  0xB0, 0x00, 0x00, 0x00, 0x5F, 0xF4, 0x00, 0x00, 0x00, 0x00, 0xFE, 0x00, 0x00, 0x00, 0x00, 0x0F,
  0xE0, 0x00, 0x00, 0x00, 0x00, 0xFE, 0x00, 0x00, 0x00, 0x00, 0x0F, 0xE0, 0x00, 0x00, 0x00, 0x00,
  0xFE, 0x00, 0x00, 0x00, 0x0F, 0xFF, 0xFF, 0xFF, 0xF0, 0x00, 0xBB, 0xBB, 0xBC, 0xFF, 0x00, 0x00,
  0x00, 0x00, 0xAF, 0x90, 0x00, 0x00, 0x00, 0x4F, 0xE1, 0x00, 0x00, 0x00, 0x0D, 0xF5, 0x00, 0x00,
  0x00, 0x07, 0xFB, 0x00, 0x00, 0x00, 0x02, 0xFF, 0x20, 0x00, 0x00, 0x00, 0xBF, 0x70, 0x00, 0x00,
  0x00, 0x5F, 0xD0, 0x00, 0x00, 0x00, 0x1E, 0xF4, 0x00, 0x00, 0x00, 0x09, 0xFA, 0x00, 0x00, 0x00,
  0x00, 0xFF, 0xCB, 0xBB, 0xBB, 0x00, 0x0F, 0xFF, 0xFF, 0xFF, 0xF0, 0x00, 0x00, 0x00, 0xBB, 0xBB,
  0x50, 0x00, 0x00, 0x0F, 0xFF, 0xF8, 0x00, 0x00, 0x00, 0xFE, 0x00, 0x00, 0x00, 0x00, 0x0F, 0xE0,
  0x00, 0x00, 0x00, 0x00, 0xFE, 0x00, 0x00, 0x00, 0x00, 0x0F, 0xE0, 0x00, 0x00, 0x00, 0x00, 0xFE,
  0x00, 0x00, 0x00, 0x00, 0x0F, 0xE0, 0x00, 0x00, 0x00, 0x00, 0xFE, 0x00, 0x00, 0x00, 0x00, 0x0F,
  0xE0, 0x00, 0x00, 0x00, 0x00, 0xFE, 0x00, 0x00, 0x00, 0x00, 0x0F, 0xE0, 0x00, 0x00, 0x00, 0x00,
  0xFE, 0x00, 0x00, 0x00, 0x00, 0x0F, 0xE0, 0x00, 0x00, 0x00, 0x00, 0xFE, 0x00, 0x00, 0x00, 0x00,
  0x0F, 0xFB, 0xB5, 0x00, 0x00, 0x00, 0xFF, 0xFF, 0x80, 0x00, 0x09, 0xF6, 0x00, 0x00, 0x00, 0x00,
  0x4F, 0xC0, 0x00, 0x00, 0x00, 0x00, 0xDF, 0x20, 0x00, 0x00, 0x00, 0x07, 0xF8, 0x00, 0x00, 0x00,
  0x00, 0x2F, 0xE0, 0x00, 0x00, 0x00, 0x00, 0xBF, 0x40, 0x00, 0x00, 0x00, 0x06, 0xFA, 0x00, 0x00,
  0x00, 0x00, 0x1E, 0xF1, 0x00, 0x00, 0x00, 0x00, 0x9F, 0x60, 0x00, 0x00, 0x00, 0x04, 0xFC, 0x00,
  0x00, 0x00, 0x00, 0x0D, 0xF2, 0x00, 0x00, 0x00, 0x00, 0x8F, 0x80, 0x00, 0x00, 0x00, 0x02, 0xFD,
  0x00, 0x00, 0x00, 0x00, 0x0B, 0xF4, 0x00, 0x00, 0x00, 0x00, 0x6F, 0xA0, 0x00, 0x00, 0x00, 0x01,
  0xEE, 0x10, 0x00, 0x00, 0x00, 0x0A, 0xF6, 0x00, 0x00, 0x0B, 0xBB, 0xBA, 0x00, 0x00, 0x00, 0xFF,
  0xFF, 0xE0, 0x00, 0x00, 0x00, 0x00, 0xFE, 0x00, 0x00, 0x00, 0x00, 0x0F, 0xE0, 0x00, 0x00, 0x00,
  0x00, 0xFE, 0x00, 0x00, 0x00, 0x00, 0x0F, 0xE0, 0x00, 0x00, 0x00, 0x00, 0xFE, 0x00, 0x00, 0x00,
  0x00, 0x0F, 0xE0, 0x00, 0x00, 0x00, 0x00, 0xFE, 0x00, 0x00, 0x00, 0x00, 0x0F, 0xE0, 0x00, 0x00,
  0x00, 0x00, 0xFE, 0x00, 0x00, 0x00, 0x00, 0x0F, 0xE0, 0x00, 0x00, 0x00, 0x00, 0xFE, 0x00, 0x00,
  0x00, 0x00, 0x0F, 0xE0, 0x00, 0x00, 0x00, 0x00, 0xFE, 0x00, 0x00, 0x00, 0xBB, 0xBF, 0xE0, 0x00,
  0x00, 0x0F, 0xFF, 0xFE, 0x00, 0x00, 0x00, 0x00, 0xBF, 0x80, 0x00, 0x00, 0x00, 0x3F, 0xDE, 0x10,
  0x00, 0x00, 0x0A, 0xE4, 0xF7, 0x00, 0x00, 0x02, 0xF9, 0x0C, 0xD0, 0x00, 0x00, 0x8F, 0x30, 0x5F,
  0x50, 0x00, 0x1E, 0xB0, 0x00, 0xEC, 0x00, 0x07, 0xF5, 0x00, 0x08, 0xF4, 0x00, 0x00, 0x00, 0x00,
  0x00, 0x00, 0x00, 0x00, 0x00, 0x00, 0x00, 0x00, 0x00, 0x00, 0x00, 0x00, 0x00, 0x00, 0x00, 0x00,
  0x00, 0x00, 0x00, 0x00, 0x00, 0x00, 0x00, 0x00, 0x00, 0x00, 0x00, 0x00, 0x00, 0x00, 0x0B, 0xBB,
  0xBB, 0xBB, 0xBB, 0x00, 0xFF, 0xFF, 0xFF, 0xFF, 0xF0, 0x00, 0x08, 0xD7, 0x00, 0x00, 0x00, 0x00,
  0x1D, 0xF3, 0x00, 0x00, 0x00, 0x00, 0x3F, 0xC0, 0x00, 0x00, 0x00, 0x00, 0x00, 0x00, 0x00, 0x00,
  0x00, 0x00, 0x00, 0x00, 0x00, 0x00, 0x00, 0x00, 0x00, 0x00, 0x00, 0x00, 0x00, 0x00, 0x00, 0x00,
  0x00, 0x00, 0x00, 0x00, 0x00, 0x00, 0x00, 0x00, 0x00, 0x00, 0x00, 0x00, 0x00, 0x00, 0x00, 0x00,
  0x00, 0x00, 0x00, 0x00, 0x00, 0x00, 0x00, 0x00, 0x00, 0x00, 0x00, 0x00, 0x00, 0x00, 0x00, 0x00,
  0x00, 0x00, 0x00, 0x00, 0x00, 0x00, 0x00, 0x00, 0x00, 0x00, 0x00, 0x00, 0x00, 0x29, 0xDE, 0xC6,
  0x00, 0x00, 0x1D, 0xFC, 0xBE, 0xF7, 0x00, 0x05, 0xC7, 0x00, 0x2F, 0xD0, 0x00, 0x00, 0x00, 0x00,
  0xEF, 0x00, 0x00, 0x8D, 0xFF, 0xFF, 0xF0, 0x00, 0x9F, 0xEB, 0xBB, 0xFF, 0x00, 0x0E, 0xF1, 0x00,
  0x0E, 0xF0, 0x00, 0xEF, 0x20, 0x04, 0xFF, 0x00, 0x09, 0xFE, 0xBC, 0xDE, 0xF0, 0x00, 0x19, 0xDE,
  0xB3, 0xEF, 0x00, 0x00, 0xFE, 0x00, 0x00, 0x00, 0x00, 0x0F, 0xE0, 0x00, 0x00, 0x00, 0x00, 0xFE,
  0x00, 0x00, 0x00, 0x00, 0x0F, 0xE3, 0xCE, 0xD6, 0x00, 0x00, 0xFE, 0xDC, 0xCF, 0xF5, 0x00, 0x0F,
  0xF6, 0x00, 0x6F, 0xB0, 0x00, 0xFE, 0x00, 0x01, 0xFD, 0x00, 0x0F, 0xE0, 0x00, 0x0F, 0xE0, 0x00,
  0xFE, 0x00, 0x00, 0xFE, 0x00, 0x0F, 0xE0, 0x00, 0x1F, 0xD0, 0x00, 0xFF, 0x60, 0x06, 0xFB, 0x00,
  0x0F, 0xED, 0xCC, 0xFF, 0x50, 0x00, 0xFE, 0x3C, 0xED, 0x60, 0x00, 0x00, 0x4B, 0xEE, 0xC5, 0x00,
  0x00, 0x5F, 0xFC, 0xBF, 0xF6, 0x00, 0x0C, 0xF5, 0x00, 0x4F, 0xD0, 0x00, 0xFE, 0x00, 0x00, 0x66,
  0x00, 0x0F, 0xE0, 0x00, 0x00, 0x00, 0x00, 0xFE, 0x00, 0x00, 0x00, 0x00, 0x0F, 0xE0, 0x00, 0x06,
  0x60, 0x00, 0xCF, 0x50, 0x04, 0xFD, 0x00, 0x05, 0xFF, 0xCB, 0xFF, 0x60, 0x00, 0x04, 0xBE, 0xEC,
  0x50, 0x00, 0x00, 0x00, 0x00, 0x0A, 0xE0, 0x00, 0x00, 0x00, 0x00, 0xAE, 0x00, 0x00, 0x00, 0x00,
  0x0A, 0xE0, 0x00, 0x06, 0xCE, 0xD5, 0xAE, 0x00, 0x06, 0xFF, 0xCB, 0xEC, 0xE0, 0x00, 0xCF, 0x50,
  0x02, 0xFE, 0x00, 0x0F, 0xE0, 0x00, 0x0A, 0xE0, 0x00, 0xFE, 0x00, 0x00, 0xAE, 0x00, 0x0F, 0xE0,
  0x00, 0x0A, 0xE0, 0x00, 0xFE, 0x00, 0x00, 0xAE, 0x00, 0x0C, 0xF5, 0x00, 0x2F, 0xE0, 0x00, 0x6F,
  0xFC, 0xBE, 0xCE, 0x00, 0x00, 0x6C, 0xED, 0x5A, 0xE0, 0x00, 0x00, 0x4B, 0xEE, 0xB4, 0x00, 0x00,
  0x4F, 0xFC, 0xCF, 0xF4, 0x00, 0x0C, 0xF4, 0x00, 0x5F, 0xB0, 0x00, 0xFE, 0x00, 0x00, 0xEE, 0x00,
  0x0F, 0xFF, 0xFF, 0xFF, 0xF0, 0x00, 0xFF, 0xBB, 0xBB, 0xBB, 0x00, 0x0F, 0xE0, 0x00, 0x00, 0x00,
  0x00, 0xCF, 0x40, 0x02, 0xA9, 0x00, 0x05, 0xFF, 0xCB, 0xEF, 0x60, 0x00, 0x04, 0xBE, 0xEC, 0x50,
  0x00, 0x00, 0x00, 0x1A, 0xEF, 0xFF, 0x00, 0x00, 0x0A, 0xFD, 0xBB, 0xB0, 0x00, 0x00, 0xEE, 0x00,
  0x00, 0x00, 0x00, 0x0F, 0xE0, 0x00, 0x00, 0x0B, 0xBB, 0xFF, 0xBB, 0xBB, 0x00, 0xFF, 0xFF, 0xFF,
  0xFF, 0xF0, 0x00, 0x00, 0xFE, 0x00, 0x00, 0x00, 0x00, 0x0F, 0xE0, 0x00, 0x00, 0x00, 0x00, 0xFE,
  0x00, 0x00, 0x00, 0x00, 0x0F, 0xE0, 0x00, 0x00, 0x00, 0x00, 0xFE, 0x00, 0x00, 0x00, 0x00, 0x0F,
  0xE0, 0x00, 0x00, 0x00, 0x00, 0xFE, 0x00, 0x00, 0x00, 0x00, 0x6C, 0xED, 0x5A, 0xE0, 0x00, 0x6F,
  0xFC, 0xBE, 0xCE, 0x00, 0x0C, 0xF5, 0x00, 0x2F, 0xE0, 0x00, 0xFE, 0x00, 0x00, 0xAE, 0x00, 0x0F,
  0xE0, 0x00, 0x0A, 0xE0, 0x00, 0xFE, 0x00, 0x00, 0xAE, 0x00, 0x0D, 0xF5, 0x00, 0x2F, 0xE0, 0x00,
  0x6F, 0xFC, 0xBE, 0xCE, 0x00, 0x00, 0x6C, 0xED, 0x6A, 0xE0, 0x00, 0x00, 0x00, 0x00, 0xAE, 0x00,
  0x00, 0x00, 0x00, 0x0C, 0xC0, 0x00, 0x06, 0xAA, 0xAC, 0xF7, 0x00, 0x00, 0xAF, 0xFF, 0xD7, 0x00,
  0x00, 0x00, 0xFE, 0x00, 0x00, 0x00, 0x00, 0x0F, 0xE0, 0x00, 0x00, 0x00, 0x00, 0xFE, 0x00, 0x00,
  0x00, 0x00, 0x0F, 0xE3, 0xCE, 0xD6, 0x00, 0x00, 0xFE, 0xDC, 0xCF, 0xF5, 0x00, 0x0F, 0xF6, 0x00,
  0x6F, 0xC0, 0x00, 0xFF, 0x00, 0x01, 0xFE, 0x00, 0x0F, 0xE0, 0x00, 0x0F, 0xE0, 0x00, 0xFE, 0x00,
  0x00, 0xFE, 0x00, 0x0F, 0xE0, 0x00, 0x0F, 0xE0, 0x00, 0xFE, 0x00, 0x00, 0xFE, 0x00, 0x0F, 0xE0,
  0x00, 0x0F, 0xE0, 0x00, 0xFE, 0x00, 0x00, 0xFE, 0x00, 0x00, 0x00, 0xAF, 0x80, 0x00, 0x00, 0x00,
  0x0C, 0xFA, 0x00, 0x00, 0x00, 0x00, 0x02, 0x00, 0x00, 0x00, 0x00, 0x00, 0x00, 0x00, 0x00, 0x08,
  0xFF, 0xFF, 0x00, 0x00, 0x00, 0x5B, 0xBF, 0xF0, 0x00, 0x00, 0x00, 0x00, 0xEF, 0x00, 0x00, 0x00,
  0x00, 0x0E, 0xF0, 0x00, 0x00, 0x00, 0x00, 0xEF, 0x00, 0x00, 0x00, 0x00, 0x0E, 0xF0, 0x00, 0x00,
  0x00, 0x00, 0xEF, 0x00, 0x00, 0x00, 0x00, 0x0E, 0xF0, 0x00, 0x00, 0x0B, 0xBB, 0xFF, 0xBB, 0xBB,
  0x00, 0xFF, 0xFF, 0xFF, 0xFF, 0xF0, 0x00, 0x00, 0x00, 0xAF, 0x80, 0x00, 0x00, 0x00, 0x0C, 0xFA,
  0x00, 0x00, 0x00, 0x00, 0x02, 0x00, 0x00, 0x00, 0x00, 0x00, 0x00, 0x00, 0x00, 0x7F, 0xFF, 0xFF,
  0x00, 0x00, 0x05, 0xBB, 0xBF, 0xF0, 0x00, 0x00, 0x00, 0x00, 0xEF, 0x00, 0x00, 0x00, 0x00, 0x0E,
  0xF0, 0x00, 0x00, 0x00, 0x00, 0xEF, 0x00, 0x00, 0x00, 0x00, 0x0E, 0xF0, 0x00, 0x00, 0x00, 0x00,
  0xEF, 0x00, 0x00, 0x00, 0x00, 0x0E, 0xF0, 0x00, 0x00, 0x00, 0x00, 0xEF, 0x00, 0x00, 0x00, 0x00,
  0x0E, 0xE0, 0x00, 0x00, 0x00, 0x04, 0xFC, 0x00, 0x00, 0x0B, 0xBB, 0xFF, 0x40, 0x00, 0x00, 0xFF,
  0xFC, 0x50, 0x00, 0x00, 0x00, 0xFE, 0x00, 0x00, 0x00, 0x00, 0x0F, 0xE0, 0x00, 0x00, 0x00, 0x00,
  0xFE, 0x00, 0x00, 0x00, 0x00, 0x0F, 0xE0, 0x00, 0x1E, 0xF3, 0x00, 0xFE, 0x00, 0x0A, 0xF7, 0x00,
  0x0F, 0xE0, 0x05, 0xFC, 0x00, 0x00, 0xFE, 0x01, 0xEF, 0x30, 0x00, 0x0F, 0xFF, 0xFF, 0x80, 0x00,
  0x00, 0xFF, 0xBC, 0xFC, 0x00, 0x00, 0x0F, 0xE0, 0x0C, 0xF6, 0x00, 0x00, 0xFE, 0x00, 0x4F, 0xE1,
  0x00, 0x0F, 0xE0, 0x00, 0x9F, 0x90, 0x00, 0xFE, 0x00, 0x01, 0xEF, 0x40, 0x0F, 0xFF, 0xFE, 0x00,
  0x00, 0x00, 0xBB, 0xBF, 0xE0, 0x00, 0x00, 0x00, 0x00, 0xFE, 0x00, 0x00, 0x00, 0x00, 0x0F, 0xE0,
  0x00, 0x00, 0x00, 0x00, 0xFE, 0x00, 0x00, 0x00, 0x00, 0x0F, 0xE0, 0x00, 0x00, 0x00, 0x00, 0xFE,
  0x00, 0x00, 0x00, 0x00, 0x0F, 0xE0, 0x00, 0x00, 0x00, 0x00, 0xFE, 0x00, 0x00, 0x00, 0x00, 0x0F,
  0xE0, 0x00, 0x00, 0x00, 0x00, 0xEF, 0x10, 0x00, 0x00, 0x00, 0x0A, 0xFD, 0xBB, 0xB0, 0x00, 0x00,
  0x1A, 0xEF, 0xFF, 0x00, 0x0F, 0xCA, 0xEE, 0xEE, 0xB2, 0x00, 0xFF, 0x2F, 0xF4, 0x4F, 0xA0, 0x0F,
  0xE0, 0xEF, 0x00, 0xFE, 0x00, 0xFE, 0x0E, 0xF0, 0x0F, 0xE0, 0x0F, 0xE0, 0xEF, 0x00, 0xFE, 0x00,
  0xFE, 0x0E, 0xF0, 0x0F, 0xE0, 0x0F, 0xE0, 0xEF, 0x00, 0xFE, 0x00, 0xFE, 0x0E, 0xF0, 0x0F, 0xE0,
  0x0F, 0xE0, 0xEF, 0x00, 0xFE, 0x00, 0xFE, 0x0E, 0xF0, 0x0F, 0xE0, 0x00, 0xFE, 0x3C, 0xED, 0x60,
  0x00, 0x0F, 0xED, 0xCC, 0xFF, 0x50, 0x00, 0xFF, 0x60, 0x06, 0xFC, 0x00, 0x0F, 0xF0, 0x00, 0x1F,
  0xE0, 0x00, 0xFE, 0x00, 0x00, 0xFE, 0x00, 0x0F, 0xE0, 0x00, 0x0F, 0xE0, 0x00, 0xFE, 0x00, 0x00,
  0xFE, 0x00, 0x0F, 0xE0, 0x00, 0x0F, 0xE0, 0x00, 0xFE, 0x00, 0x00, 0xFE, 0x00, 0x0F, 0xE0, 0x00,
  0x0F, 0xE0, 0x00, 0x4B, 0xEE, 0xB4, 0x00, 0x00, 0x5F, 0xFC, 0xCF, 0xF5, 0x00, 0x0C, 0xF5, 0x00,
  0x5F, 0xC0, 0x00, 0xFE, 0x00, 0x00, 0xEF, 0x00, 0x0F, 0xE0, 0x00, 0x0E, 0xF0, 0x00, 0xFE, 0x00,
  0x00, 0xEF, 0x00, 0x0F, 0xE0, 0x00, 0x0E, 0xF0, 0x00, 0xCF, 0x50, 0x05, 0xFC, 0x00, 0x05, 0xFF,
  0xCC, 0xFF, 0x50, 0x00, 0x04, 0xBE, 0xEB, 0x40, 0x00, 0x00, 0xFE, 0x3C, 0xED, 0x60, 0x00, 0x0F,
  0xED, 0xCC, 0xFF, 0x50, 0x00, 0xFF, 0x60, 0x06, 0xFB, 0x00, 0x0F, 0xE0, 0x00, 0x1F, 0xD0, 0x00,
  0xFE, 0x00, 0x00, 0xFE, 0x00, 0x0F, 0xE0, 0x00, 0x0F, 0xE0, 0x00, 0xFE, 0x00, 0x01, 0xFE, 0x00,
  0x0F, 0xF6, 0x00, 0x6F, 0xC0, 0x00, 0xFE, 0xDC, 0xCF, 0xF5, 0x00, 0x0F, 0xE3, 0xCE, 0xD6, 0x00,
  0x00, 0xFE, 0x00, 0x00, 0x00, 0x00, 0x0F, 0xE0, 0x00, 0x00, 0x00, 0x00, 0xFE, 0x00, 0x00, 0x00,
  0x00, 0x00, 0x6C, 0xED, 0x5A, 0xE0, 0x00, 0x6F, 0xFC, 0xBE, 0xCE, 0x00, 0x0C, 0xF5, 0x00, 0x2F,
  0xE0, 0x00, 0xFE, 0x00, 0x00, 0xAE, 0x00, 0x0F, 0xE0, 0x00, 0x0A, 0xE0, 0x00, 0xFE, 0x00, 0x00,
  0xAE, 0x00, 0x0F, 0xE0, 0x00, 0x0A, 0xE0, 0x00, 0xCF, 0x50, 0x02, 0xFE, 0x00, 0x06, 0xFF, 0xCB,
  0xEC, 0xE0, 0x00, 0x06, 0xCE, 0xD5, 0xAE, 0x00, 0x00, 0x00, 0x00, 0x0A, 0xE0, 0x00, 0x00, 0x00,
  0x00, 0xAE, 0x00, 0x00, 0x00, 0x00, 0x0A, 0xE0, 0x00, 0x00, 0xFE, 0x3C, 0xEC, 0x60, 0x00, 0x0F,
  0xED, 0xCC, 0xFF, 0x50, 0x00, 0xFF, 0x70, 0x06, 0xFB, 0x00, 0x0F, 0xF0, 0x00, 0x1F, 0xD0, 0x00,
  0xFE, 0x00, 0x00, 0x44, 0x00, 0x0F, 0xE0, 0x00, 0x00, 0x00, 0x00, 0xFE, 0x00, 0x00, 0x00, 0x00,
  0x0F, 0xE0, 0x00, 0x00, 0x00, 0x00, 0xFE, 0x00, 0x00, 0x00, 0x00, 0x0F, 0xE0, 0x00, 0x00, 0x00,
  0x00, 0x18, 0xDF, 0xEC, 0x60, 0x00, 0x0A, 0xFE, 0xBB, 0xEF, 0x50, 0x00, 0xEF, 0x10, 0x03, 0x97,
  0x00, 0x0D, 0xF3, 0x00, 0x00, 0x00, 0x00, 0x5E, 0xFE, 0xB8, 0x30, 0x00, 0x00, 0x16, 0x9B, 0xFF,
  0x60, 0x00, 0x00, 0x00, 0x03, 0xFC, 0x00, 0x2B, 0x90, 0x00, 0x2F, 0xD0, 0x00, 0xCF, 0xDB, 0xBE,
  0xF8, 0x00, 0x01, 0x9E, 0xFE, 0xD7, 0x00, 0x00, 0x00, 0x87, 0x00, 0x00, 0x00, 0x00, 0x0F, 0xE0,
  0x00, 0x00, 0x00, 0x00, 0xFE, 0x00, 0x00, 0x00, 0xFF, 0xFF, 0xFF, 0xFF, 0xF0, 0x0B, 0xBB, 0xFF,
  0xBB, 0xBB, 0x00, 0x00, 0x0F, 0xE0, 0x00, 0x00, 0x00, 0x00, 0xFE, 0x00, 0x00, 0x00, 0x00, 0x0F,
  0xE0, 0x00, 0x00, 0x00, 0x00, 0xFE, 0x00, 0x00, 0x00, 0x00, 0x0F, 0xE0, 0x00, 0x00, 0x00, 0x00,
  0xEE, 0x00, 0x00, 0x00, 0x00, 0x0A, 0xFD, 0xBB, 0xB0, 0x00, 0x00, 0x1A, 0xEF, 0xFF, 0x00, 0x0F,
  0xE0, 0x00, 0x0F, 0xE0, 0x00, 0xFE, 0x00, 0x00, 0xFE, 0x00, 0x0F, 0xE0, 0x00, 0x0F, 0xE0, 0x00,
  0xFE, 0x00, 0x00, 0xFE, 0x00, 0x0F, 0xE0, 0x00, 0x0F, 0xE0, 0x00, 0xFE, 0x00, 0x00, 0xFE, 0x00,
  0x0F, 0xF0, 0x00, 0x1F, 0xD0, 0x00, 0xCF, 0x50, 0x07, 0xFB, 0x00, 0x05, 0xFF, 0xCC, 0xFF, 0x40,
  0x00, 0x05, 0xCF, 0xEB, 0x40, 0x00, 0x1E, 0xE0, 0x00, 0x03, 0xFC, 0x00, 0xAF, 0x50, 0x00, 0x7F,
  0x70, 0x05, 0xF9, 0x00, 0x0C, 0xF2, 0x00, 0x1E, 0xE0, 0x02, 0xFC, 0x00, 0x00, 0xAF, 0x40, 0x6F,
  0x70, 0x00, 0x05, 0xF9, 0x0B, 0xF2, 0x00, 0x00, 0x1F, 0xD1, 0xFC, 0x00, 0x00, 0x00, 0xBF, 0x8F,
  0x70, 0x00, 0x00, 0x06, 0xFE, 0xF2, 0x00, 0x00, 0x00, 0x1F, 0xFD, 0x00, 0x00, 0x6F, 0x30, 0x7F,
  0x50, 0x5F, 0x34, 0xF5, 0x0A, 0xE7, 0x07, 0xF1, 0x2F, 0x70, 0xCB, 0x90, 0xAE, 0x00, 0xE9, 0x0E,
  0x6B, 0x0C, 0xB0, 0x0C, 0xC2, 0xE2, 0xE0, 0xE9, 0x00, 0xAE, 0x4C, 0x0F, 0x2F, 0x60, 0x08, 0xF7,
  0xA0, 0xD6, 0xF4, 0x00, 0x5F, 0xB7, 0x0B, 0xBF, 0x20, 0x03, 0xFF, 0x50, 0x9E, 0xE0, 0x00, 0x1F,
  0xF3, 0x06, 0xFC, 0x00, 0x0A, 0xF8, 0x00, 0x0B, 0xF7, 0x00, 0x1E, 0xF3, 0x05, 0xFC, 0x00, 0x00,
  0x5F, 0xC1, 0xEF, 0x30, 0x00, 0x00, 0xAF, 0xCF, 0x70, 0x00, 0x00, 0x01, 0xEF, 0xC0, 0x00, 0x00,
  0x00, 0x3F, 0xFE, 0x10, 0x00, 0x00, 0x0D, 0xF9, 0xFA, 0x00, 0x00, 0x08, 0xF9, 0x0C, 0xF5, 0x00,
  0x03, 0xFD, 0x10, 0x3F, 0xE1, 0x01, 0xDF, 0x50, 0x00, 0x8F, 0xA0, 0x1E, 0xF2, 0x00, 0x04, 0xFC,
  0x00, 0x9F, 0x80, 0x00, 0x9F, 0x60, 0x03, 0xFD, 0x00, 0x0E, 0xF1, 0x00, 0x0C, 0xF4, 0x05, 0xFA,
  0x00, 0x00, 0x6F, 0xA0, 0xAF, 0x40, 0x00, 0x01, 0xEF, 0x2F, 0xE0, 0x00, 0x00, 0x09, 0xFA, 0xF8,
  0x00, 0x00, 0x00, 0x3F, 0xFF, 0x30, 0x00, 0x00, 0x00, 0xCF, 0xC0, 0x00, 0x00, 0x00, 0x09, 0xF7,
  0x00, 0x00, 0x00, 0x00, 0xEF, 0x10, 0x00, 0x00, 0x00, 0x5F, 0xA0, 0x00, 0x00, 0x00, 0x0B, 0xF5,
  0x00, 0x00, 0x00, 0x00, 0xFF, 0xFF, 0xFF, 0xFF, 0x00, 0x0B, 0xBB, 0xBB, 0xDF, 0xF0, 0x00, 0x00,
  0x00, 0x2E, 0xF6, 0x00, 0x00, 0x00, 0x1D, 0xF8, 0x00, 0x00, 0x00, 0x0B, 0xF9, 0x00, 0x00, 0x00,
  0x0A, 0xFB, 0x00, 0x00, 0x00, 0x08, 0xFC, 0x10, 0x00, 0x00, 0x06, 0xFD, 0x20, 0x00, 0x00, 0x00,
  0xFF, 0xCB, 0xBB, 0xBB, 0x00, 0x0F, 0xFF, 0xFF, 0xFF, 0xF0, 0x00, 0x00, 0x00, 0x5A, 0xB0, 0x00,
  0x00, 0x00, 0x7F, 0xFF, 0x00, 0x00, 0x00, 0x0D, 0xF4, 0x00, 0x00, 0x00, 0x00, 0xFE, 0x00, 0x00,
  0x00, 0x00, 0x0F, 0xE0, 0x00, 0x00, 0x00, 0x00, 0xFE, 0x00, 0x00, 0x00, 0x00, 0x0F, 0xD0, 0x00,
  0x00, 0x00, 0x06, 0xFA, 0x00, 0x00, 0x08, 0xFF, 0xFB, 0x20, 0x00, 0x00, 0x5B, 0xBE, 0xE4, 0x00,
  0x00, 0x00, 0x00, 0x2F, 0xC0, 0x00, 0x00, 0x00, 0x00, 0xFE, 0x00, 0x00, 0x00, 0x00, 0x0F, 0xE0,
  0x00, 0x00, 0x00, 0x00, 0xFE, 0x00, 0x00, 0x00, 0x00, 0x0F, 0xF1, 0x00, 0x00, 0x00, 0x00, 0xBF,
  0xDB, 0x00, 0x00, 0x00, 0x01, 0xAE, 0xF0, 0x00, 0x00, 0x00, 0xFE, 0x00, 0x00, 0x00, 0x00, 0x0F,
  0xE0, 0x00, 0x00, 0x00, 0x00, 0xFE, 0x00, 0x00, 0x00, 0x00, 0x0F, 0xE0, 0x00, 0x00, 0x00, 0x00,
  0xFE, 0x00, 0x00, 0x00, 0x00, 0x0F, 0xE0, 0x00, 0x00, 0x00, 0x00, 0xFE, 0x00, 0x00, 0x00, 0x00,
  0x0F, 0xE0, 0x00, 0x00, 0x00, 0x00, 0xFE, 0x00, 0x00, 0x00, 0x00, 0x0F, 0xE0, 0x00, 0x00, 0x00,
  0x00, 0xFE, 0x00, 0x00, 0x00, 0x00, 0x0F, 0xE0, 0x00, 0x00, 0x00, 0x00, 0xFE, 0x00, 0x00, 0x00,
  0x00, 0x0F, 0xE0, 0x00, 0x00, 0x00, 0x00, 0xFE, 0x00, 0x00, 0x00, 0x00, 0x0F, 0xE0, 0x00, 0x00,
  0x00, 0x00, 0xFE, 0x00, 0x00, 0x00, 0x05, 0xA9, 0x40, 0x00, 0x00, 0x00, 0x8F, 0xFF, 0x60, 0x00,
  0x00, 0x00, 0x06, 0xFD, 0x00, 0x00, 0x00, 0x00, 0x0F, 0xE0, 0x00, 0x00, 0x00, 0x00, 0xFE, 0x00,
  0x00, 0x00, 0x00, 0x0F, 0xE0, 0x00, 0x00, 0x00, 0x00, 0xFE, 0x00, 0x00, 0x00, 0x00, 0x0B, 0xF5,
  0x00, 0x00, 0x00, 0x00, 0x2B, 0xFF, 0xF8, 0x00, 0x00, 0x05, 0xFE, 0xBB, 0x50, 0x00, 0x00, 0xDF,
  0x10, 0x00, 0x00, 0x00, 0x0F, 0xE0, 0x00, 0x00, 0x00, 0x00, 0xFE, 0x00, 0x00, 0x00, 0x00, 0x0F,
  0xE0, 0x00, 0x00, 0x00, 0x02, 0xFD, 0x00, 0x00, 0x00, 0x5B, 0xEF, 0x90, 0x00, 0x00, 0x08, 0xFD,
  0x81, 0x00, 0x00, 0x00, 0x02, 0xCE, 0xB3, 0x00, 0xFE, 0x00, 0xCF, 0xCE, 0xE2, 0x1F, 0xD0, 0x0F,
  0xE0, 0x3E, 0xED, 0xFA, 0x00, 0xFE, 0x00, 0x4C, 0xEB, 0x20, 0x00, 0x00, 0x00, 0x00, 0x00, 0x00,
  0x00, 0x00, 0x00, 0x00, 0x00, 0x00, 0x00, 0x00, 0x00, 0x00, 0x00, 0x00, 0x00, 0x00, 0x00, 0x00
};
const Glifo F_CLAVE_GLIFOS[] = {
  {0x0020, 0, 11, 0, 0, 0, 44},
  {0x0021, 0, 11, 13, 0, -13, 44},
  {0x0022, 72, 11, 13, 0, -13, 44},
  {0x0023, 144, 11, 13, 0, -13, 44},
  {0x0024, 216, 11, 18, 0, -16, 44},
  {0x0025, 315, 13, 13, 0, -13, 44},
  {0x0026, 400, 11, 13, 0, -13, 44},
  {0x0027, 472, 11, 13, 0, -13, 44},
  {0x0028, 544, 11, 18, 0, -15, 44},
  {0x0029, 643, 11, 18, 0, -15, 44},
  {0x002A, 742, 11, 11, 0, -11, 44},
  {0x002B, 803, 11, 10, 0, -10, 44},
  {0x002C, 858, 11, 6, 0, -3, 44},
  {0x002D, 891, 11, 7, 0, -7, 44},
  {0x002E, 930, 11, 3, 0, -3, 44},
  {0x002F, 947, 11, 17, 0, -15, 44},
  {0x0030, 1041, 11, 13, 0, -13, 44},
  {0x0031, 1113, 11, 13, 0, -13, 44},
  {0x0032, 1185, 11, 13, 0, -13, 44},
  {0x0033, 1257, 11, 13, 0, -13, 44},
  {0x0034, 1329, 11, 13, 0, -13, 44},
  {0x0035, 1401, 11, 13, 0, -13, 44},
  {0x0036, 1473, 11, 13, 0, -13, 44},
  {0x0037, 1545, 11, 13, 0, -13, 44},
  {0x0038, 1617, 11, 13, 0, -13, 44},
  {0x0039, 1689, 11, 13, 0, -13, 44},
  {0x003A, 1761, 11, 10, 0, -10, 44},
  {0x003B, 1816, 11, 13, 0, -10, 44},
  {0x003C, 1888, 11, 11, 0, -11, 44},
  {0x003D, 1949, 11, 9, 0, -9, 44},
  {0x003E, 1999, 11, 11, 0, -11, 44},
  {0x003F, 2060, 11, 13, 0, -13, 44},
  {0x0040, 2132, 11, 16, 0, -13, 44},
  {0x0041, 2220, 11, 13, 0, -13, 44},
  {0x0042, 2292, 11, 13, 0, -13, 44},
  {0x0043, 2364, 11, 13, 0, -13, 44},
  {0x0044, 2436, 11, 13, 0, -13, 44},
  {0x0045, 2508, 11, 13, 0, -13, 44},
  {0x0046, 2580, 11, 13, 0, -13, 44},
  {0x0047, 2652, 11, 13, 0, -13, 44},
  {0x0048, 2724, 11, 13, 0, -13, 44},
  {0x0049, 2796, 11, 13, 0, -13, 44},
  {0x004A, 2868, 11, 13, 0, -13, 44},
  {0x004B, 2940, 11, 13, 0, -13, 44},
  {0x004C, 3012, 11, 13, 0, -13, 44},
  {0x004D, 3084, 11, 13, 0, -13, 44},
  {0x004E, 3156, 11, 13, 0, -13, 44},
  {0x004F, 3228, 11, 13, 0, -13, 44},
  {0x0050, 3300, 11, 13, 0, -13, 44},
  {0x0051, 3372, 11, 16, 0, -13, 44},
  {0x0052, 3460, 11, 13, 0, -13, 44},
  {0x0053, 3532, 11, 13, 0, -13, 44},
  {0x0054, 3604, 11, 13, 0, -13, 44},
  {0x0055, 3676, 11, 13, 0, -13, 44},
  {0x0056, 3748, 11, 13, 0, -13, 44},
  {0x0057, 3820, 11, 13, 0, -13, 44},
  {0x0058, 3892, 11, 13, 0, -13, 44},
  {0x0059, 3964, 11, 13, 0, -13, 44},
  {0x005A, 4036, 11, 13, 0, -13, 44},
  {0x005B, 4108, 11, 17, 0, -15, 44},
  {0x005C, 4202, 11, 17, 0, -15, 44},
  {0x005D, 4296, 11, 17, 0, -15, 44},
  {0x005E, 4390, 11, 13, 0, -13, 44},
  {0x005F, 4462, 11, 2, 0, 0, 44},
  {0x0060, 4473, 11, 15, 0, -15, 44},
  {0x0061, 4556, 11, 10, 0, -10, 44},
  {0x0062, 4611, 11, 13, 0, -13, 44},
  {0x0063, 4683, 11, 10, 0, -10, 44},
  {0x0064, 4738, 11, 13, 0, -13, 44},
  {0x0065, 4810, 11, 10, 0, -10, 44},
  {0x0066, 4865, 11, 13, 0, -13, 44},
  {0x0067, 4937, 11, 13, 0, -10, 44},
  {0x0068, 5009, 11, 13, 0, -13, 44},
  {0x0069, 5081, 11, 14, 0, -14, 44},
  {0x006A, 5158, 11, 17, 0, -14, 44},
  {0x006B, 5252, 11, 13, 0, -13, 44},
  {0x006C, 5324, 11, 13, 0, -13, 44},
  {0x006D, 5396, 11, 10, 0, -10, 44},
  {0x006E, 5451, 11, 10, 0, -10, 44},
  {0x006F, 5506, 11, 10, 0, -10, 44},
  {0x0070, 5561, 11, 13, 0, -10, 44},
  {0x0071, 5633, 11, 13, 0, -10, 44},
  {0x0072, 5705, 11, 10, 0, -10, 44},
  {0x0073, 5760, 11, 10, 0, -10, 44},
  {0x0074, 5815, 11, 13, 0, -13, 44},
  {0x0075, 5887, 11, 10, 0, -10, 44},
  {0x0076, 5942, 11, 10, 0, -10, 44},
  {0x0077, 5997, 11, 10, 0, -10, 44},
  {0x0078, 6052, 11, 10, 0, -10, 44},
  {0x0079, 6107, 11, 13, 0, -10, 44},
  {0x007A, 6179, 11, 10, 0, -10, 44},
  {0x007B, 6234, 11, 17, 0, -15, 44},
  {0x007C, 6328, 11, 17, 0, -15, 44},
  {0x007D, 6422, 11, 17, 0, -15, 44},
  {0x007E, 6516, 11, 8, 0, -8, 44}
};
const Fuente F_CLAVE = {F_CLAVE_BITS, F_CLAVE_GLIFOS, 95, 19, 6};

// F_LUPA: Figtree 600, 30 px, 95 glifos, 15257 bytes
const uint8_t F_LUPA_BITS[] = {
  0x00, 0x6F, 0xFF, 0x00, 0x00, 0x6F, 0xFF, 0x00, 0x00, 0x6F, 0xFF, 0x00, 0x00, 0x6F, 0xFF, 0x00,
  0x00, 0x6F, 0xFF, 0x00, 0x00, 0x6F, 0xFF, 0x00, 0x00, 0x6F, 0xFF, 0x00, 0x00, 0x6F, 0xFF, 0x00,
  0x00, 0x6F, 0xFF, 0x00, 0x00, 0x6F, 0xFF, 0x00, 0x00, 0x6F, 0xFF, 0x00, 0x00, 0x6F, 0xFF, 0x00,
  0x00, 0x6F, 0xFF, 0x00, 0x00, 0x6F, 0xFF, 0x00, 0x00, 0x00, 0x00, 0x00, 0x00, 0x00, 0x00, 0x00,
  0x00, 0x00, 0x00, 0x00, 0x00, 0x4D, 0xD4, 0x00, 0x00, 0xDF, 0xFD, 0x00, 0x00, 0xDF, 0xFD, 0x00,
  0x00, 0x4D, 0xD4, 0x00, 0x00, 0xFF, 0xF6, 0xFF, 0xF6, 0x00, 0x0F, 0xFF, 0x6F, 0xFF, 0x60, 0x00,
  0xFF, 0xF6, 0xFF, 0xF6, 0x00, 0x0F, 0xFF, 0x6F, 0xFF, 0x60, 0x00, 0xFF, 0xF6, 0xFF, 0xF6, 0x00,
  0x0F, 0xFF, 0x6F, 0xFF, 0x60, 0x00, 0xFF, 0xF6, 0xFF, 0xF6, 0x00, 0x00, 0x00, 0x00, 0x00, 0x00,
  0x00, 0x00, 0x00, 0x00, 0x00, 0x00, 0x00, 0x00, 0x00, 0x00, 0x00, 0x00, 0x00, 0x00, 0x00, 0x00,
  0x00, 0x00, 0x00, 0x00, 0x00, 0x00, 0x00, 0x00, 0x00, 0x00, 0x00, 0x00, 0x00, 0x00, 0x00, 0x00,
  0x00, 0x00, 0x00, 0x00, 0x00, 0x00, 0x00, 0x00, 0x00, 0x00, 0x00, 0x00, 0x00, 0x00, 0x00, 0x00,
  0x00, 0x00, 0x00, 0x00, 0x00, 0x00, 0x00, 0x00, 0x00, 0x00, 0x00, 0x00, 0x00, 0x00, 0x00, 0x00,
  0x00, 0x00, 0x00, 0x00, 0x00, 0x00, 0x00, 0x00, 0x00, 0x00, 0x00, 0x8F, 0xF1, 0x00, 0x0E, 0xF9,
  0x00, 0x00, 0x00, 0x00, 0x0A, 0xFD, 0x00, 0x01, 0xFF, 0x70, 0x00, 0x00, 0x00, 0x00, 0xDF, 0xB0,
  0x00, 0x3F, 0xF4, 0x00, 0x00, 0x00, 0x00, 0x0F, 0xF9, 0x00, 0x06, 0xFF, 0x20, 0x00, 0x00, 0x00,
  0x02, 0xFF, 0x60, 0x00, 0x8F, 0xF0, 0x00, 0x00, 0x00, 0x00, 0x5F, 0xF4, 0x00, 0x0A, 0xFC, 0x00,
  0x00, 0x05, 0xFF, 0xFF, 0xFF, 0xFF, 0xFF, 0xFF, 0xFF, 0xFF, 0x80, 0x8F, 0xFF, 0xFF, 0xFF, 0xFF,
  0xFF, 0xFF, 0xFF, 0xF5, 0x01, 0x22, 0x2E, 0xFE, 0x22, 0x25, 0xFF, 0x82, 0x22, 0x00, 0x00, 0x00,
  0xEF, 0x90, 0x00, 0x5F, 0xF3, 0x00, 0x00, 0x00, 0x00, 0x1F, 0xF7, 0x00, 0x07, 0xFF, 0x10, 0x00,
  0x00, 0x00, 0x04, 0xFF, 0x50, 0x00, 0xAF, 0xD0, 0x00, 0x00, 0x00, 0x00, 0x6F, 0xF2, 0x00, 0x0C,
  0xFB, 0x00, 0x00, 0x07, 0xFF, 0xFF, 0xFF, 0xFF, 0xFF, 0xFF, 0xFF, 0xFF, 0x60, 0x9F, 0xFF, 0xFF,
  0xFF, 0xFF, 0xFF, 0xFF, 0xFF, 0xF4, 0x02, 0x22, 0x2F, 0xFD, 0x22, 0x26, 0xFF, 0x62, 0x22, 0x00,
  0x00, 0x01, 0xFF, 0x80, 0x00, 0x6F, 0xF1, 0x00, 0x00, 0x00, 0x00, 0x3F, 0xF5, 0x00, 0x09, 0xFE,
  0x00, 0x00, 0x00, 0x00, 0x05, 0xFF, 0x30, 0x00, 0xBF, 0xC0, 0x00, 0x00, 0x00, 0x00, 0x8F, 0xF1,
  0x00, 0x0D, 0xF9, 0x00, 0x00, 0x00, 0x00, 0x0A, 0xFD, 0x00, 0x01, 0xFF, 0x70, 0x00, 0x00, 0x00,
  0x00, 0x00, 0x00, 0x0F, 0xFF, 0x60, 0x00, 0x00, 0x00, 0x00, 0x00, 0x00, 0xFF, 0xF6, 0x00, 0x00,
  0x00, 0x00, 0x00, 0x00, 0x0F, 0xFF, 0x60, 0x00, 0x00, 0x00, 0x00, 0x02, 0x8C, 0xFF, 0xFF, 0x82,
  0x00, 0x00, 0x00, 0x05, 0xEF, 0xFF, 0xFF, 0xFF, 0xF6, 0x00, 0x00, 0x03, 0xFF, 0xFF, 0xFF, 0xFF,
  0xFF, 0xF6, 0x00, 0x00, 0xAF, 0xFF, 0x5F, 0xFF, 0xAD, 0xFF, 0xE1, 0x00, 0x0E, 0xFF, 0x90, 0xFF,
  0xF6, 0x2E, 0xB6, 0x10, 0x00, 0xFF, 0xF7, 0x0F, 0xFF, 0x60, 0x00, 0x00, 0x00, 0x0D, 0xFF, 0xB0,
  0xFF, 0xF6, 0x00, 0x00, 0x00, 0x00, 0x7F, 0xFF, 0xCF, 0xFF, 0x60, 0x00, 0x00, 0x00, 0x00, 0xBF,
  0xFF, 0xFF, 0xFF, 0x40, 0x00, 0x00, 0x00, 0x00, 0x7E, 0xFF, 0xFF, 0xFF, 0xC2, 0x00, 0x00, 0x00,
  0x00, 0x04, 0xFF, 0xFF, 0xFF, 0xE2, 0x00, 0x00, 0x00, 0x00, 0x0F, 0xFF, 0xEF, 0xFF, 0xC0, 0x00,
  0x00, 0x00, 0x00, 0xFF, 0xF6, 0x6F, 0xFF, 0x30, 0x00, 0x01, 0x30, 0x0F, 0xFF, 0x61, 0xFF, 0xF5,
  0x00, 0x4B, 0xFE, 0x20, 0xFF, 0xF6, 0x5F, 0xFF, 0x40, 0x03, 0xFF, 0xFE, 0x6F, 0xFF, 0xDE, 0xFF,
  0xE1, 0x00, 0x08, 0xFF, 0xFF, 0xFF, 0xFF, 0xFF, 0xF7, 0x00, 0x00, 0x06, 0xEF, 0xFF, 0xFF, 0xFF,
  0xF8, 0x00, 0x00, 0x00, 0x01, 0x7B, 0xFF, 0xFF, 0x83, 0x00, 0x00, 0x00, 0x00, 0x00, 0x0F, 0xFF,
  0x60, 0x00, 0x00, 0x00, 0x00, 0x00, 0x00, 0xFF, 0xF6, 0x00, 0x00, 0x00, 0x00, 0x00, 0x00, 0x0F,
  0xFF, 0x60, 0x00, 0x00, 0x00, 0x00, 0x00, 0x00, 0x88, 0x83, 0x00, 0x00, 0x00, 0x00, 0x07, 0xCE,
  0xEC, 0x50, 0x00, 0x00, 0x00, 0x0A, 0xFF, 0xB0, 0x00, 0x00, 0xBF, 0xFF, 0xFF, 0xF9, 0x00, 0x00,
  0x00, 0x6F, 0xFE, 0x10, 0x00, 0x08, 0xFF, 0xB4, 0x4D, 0xFF, 0x50, 0x00, 0x02, 0xEF, 0xF4, 0x00,
  0x00, 0x0D, 0xFF, 0x10, 0x04, 0xFF, 0xA0, 0x00, 0x0C, 0xFF, 0x80, 0x00, 0x00, 0x0F, 0xFD, 0x00,
  0x01, 0xFF, 0xC0, 0x00, 0x8F, 0xFC, 0x00, 0x00, 0x00, 0x0D, 0xFF, 0x10, 0x03, 0xFF, 0xB0, 0x04,
  0xFF, 0xE2, 0x00, 0x00, 0x00, 0x08, 0xFF, 0xA1, 0x2C, 0xFF, 0x60, 0x1D, 0xFF, 0x60, 0x00, 0x00,
  0x00, 0x01, 0xDF, 0xFF, 0xFF, 0xFB, 0x00, 0xAF, 0xFA, 0x00, 0x00, 0x00, 0x00, 0x00, 0x19, 0xEF,
  0xFE, 0x80, 0x06, 0xFF, 0xD1, 0x00, 0x00, 0x00, 0x00, 0x00, 0x00, 0x02, 0x10, 0x00, 0x2E, 0xFF,
  0x40, 0x00, 0x00, 0x00, 0x00, 0x00, 0x00, 0x00, 0x00, 0x00, 0xCF, 0xF8, 0x00, 0x00, 0x00, 0x00,
  0x00, 0x00, 0x00, 0x00, 0x00, 0x08, 0xFF, 0xC0, 0x06, 0xCE, 0xEB, 0x40, 0x00, 0x00, 0x00, 0x00,
  0x00, 0x4F, 0xFE, 0x20, 0xAF, 0xFF, 0xFF, 0xF7, 0x00, 0x00, 0x00, 0x00, 0x01, 0xEF, 0xF6, 0x06,
  0xFF, 0xE6, 0x7E, 0xFF, 0x30, 0x00, 0x00, 0x00, 0x0A, 0xFF, 0xA0, 0x0C, 0xFF, 0x30, 0x06, 0xFF,
  0x90, 0x00, 0x00, 0x00, 0x6F, 0xFD, 0x10, 0x0E, 0xFE, 0x00, 0x01, 0xFF, 0xC0, 0x00, 0x00, 0x02,
  0xEF, 0xF3, 0x00, 0x0E, 0xFE, 0x00, 0x01, 0xFF, 0xC0, 0x00, 0x00, 0x0C, 0xFF, 0x70, 0x00, 0x0C,
  0xFF, 0x20, 0x05, 0xFF, 0x90, 0x00, 0x00, 0x8F, 0xFC, 0x00, 0x00, 0x05, 0xFF, 0xC4, 0x5D, 0xFF,
  0x30, 0x00, 0x04, 0xFF, 0xE2, 0x00, 0x00, 0x00, 0x9F, 0xFF, 0xFF, 0xF7, 0x00, 0x00, 0x1E, 0xFF,
  0x50, 0x00, 0x00, 0x00, 0x06, 0xCE, 0xEB, 0x40, 0x00, 0x00, 0x00, 0x06, 0xCE, 0xED, 0x93, 0x00,
  0x00, 0x00, 0x00, 0x00, 0x01, 0xCF, 0xFF, 0xFF, 0xFF, 0x70, 0x00, 0x00, 0x00, 0x00, 0x0B, 0xFF,
  0xFF, 0xFF, 0xFF, 0xF5, 0x00, 0x00, 0x00, 0x00, 0x3F, 0xFF, 0xB3, 0x15, 0xEF, 0xFC, 0x00, 0x00,
  0x00, 0x00, 0x5F, 0xFF, 0x20, 0x00, 0x8F, 0xFE, 0x00, 0x00, 0x00, 0x00, 0x4F, 0xFF, 0x10, 0x00,
  0x7F, 0xFD, 0x00, 0x00, 0x00, 0x00, 0x1E, 0xFF, 0x90, 0x02, 0xDF, 0xF8, 0x00, 0x00, 0x00, 0x00,
  0x06, 0xFF, 0xF6, 0x3D, 0xFF, 0xC0, 0x00, 0x00, 0x00, 0x00, 0x00, 0xAF, 0xFF, 0xFF, 0xFC, 0x10,
  0x00, 0x00, 0x00, 0x00, 0x00, 0x1F, 0xFF, 0xFF, 0x80, 0x00, 0x00, 0x00, 0x00, 0x00, 0x00, 0x8F,
  0xFF, 0xFF, 0x20, 0x00, 0x00, 0x00, 0x00, 0x00, 0x1B, 0xFF, 0xFF, 0xFF, 0xD1, 0x00, 0x00, 0x00,
  0x00, 0x00, 0xCF, 0xFD, 0x44, 0xFF, 0xFB, 0x00, 0x7F, 0xFE, 0x00, 0x06, 0xFF, 0xE2, 0x00, 0x7F,
  0xFF, 0xA0, 0x9F, 0xFD, 0x00, 0x0C, 0xFF, 0x80, 0x00, 0x09, 0xFF, 0xF9, 0xEF, 0xF9, 0x00, 0x0F,
  0xFF, 0x60, 0x00, 0x00, 0xBF, 0xFF, 0xFF, 0xF4, 0x00, 0x0D, 0xFF, 0xB0, 0x00, 0x00, 0x1D, 0xFF,
  0xFF, 0xA0, 0x00, 0x09, 0xFF, 0xF9, 0x21, 0x14, 0x9F, 0xFF, 0xFF, 0x40, 0x00, 0x02, 0xEF, 0xFF,
  0xFF, 0xFF, 0xFF, 0xFF, 0xFF, 0xD2, 0x00, 0x00, 0x4E, 0xFF, 0xFF, 0xFF, 0xFF, 0xEC, 0xFF, 0xFC,
  0x10, 0x00, 0x01, 0x7C, 0xEF, 0xED, 0xA6, 0x10, 0x6F, 0xFF, 0xB0, 0x00, 0xFF, 0xF6, 0x00, 0x0F,
  0xFF, 0x60, 0x00, 0xFF, 0xF6, 0x00, 0x0F, 0xFF, 0x60, 0x00, 0xFF, 0xF6, 0x00, 0x0F, 0xFF, 0x60,
  0x00, 0xFF, 0xF6, 0x00, 0x00, 0x00, 0x00, 0x00, 0x00, 0x00, 0x00, 0x00, 0x00, 0x00, 0x00, 0x00,
  0x00, 0x00, 0x00, 0x00, 0x00, 0x00, 0x00, 0x00, 0x00, 0x00, 0x00, 0x00, 0x00, 0x00, 0x00, 0x00,
  0x00, 0x00, 0x00, 0x00, 0x00, 0x00, 0x00, 0x00, 0x00, 0x00, 0x00, 0x00, 0x00, 0x00, 0x00, 0x00,
  0x00, 0x00, 0x00, 0x00, 0x00, 0x00, 0x00, 0x00, 0x5F, 0xFE, 0x10, 0x00, 0x00, 0x02, 0xEF, 0xF5,
  0x00, 0x00, 0x00, 0x0B, 0xFF, 0xA0, 0x00, 0x00, 0x00, 0x5F, 0xFF, 0x20, 0x00, 0x00, 0x00, 0xDF,
  0xF9, 0x00, 0x00, 0x00, 0x05, 0xFF, 0xF2, 0x00, 0x00, 0x00, 0x0B, 0xFF, 0xA0, 0x00, 0x00, 0x00,
  0x2F, 0xFF, 0x50, 0x00, 0x00, 0x00, 0x6F, 0xFF, 0x10, 0x00, 0x00, 0x00, 0x9F, 0xFC, 0x00, 0x00,
  0x00, 0x00, 0xCF, 0xF9, 0x00, 0x00, 0x00, 0x00, 0xEF, 0xF7, 0x00, 0x00, 0x00, 0x00, 0xFF, 0xF6,
  0x00, 0x00, 0x00, 0x00, 0xFF, 0xF6, 0x00, 0x00, 0x00, 0x00, 0xEF, 0xF7, 0x00, 0x00, 0x00, 0x00,
  0xCF, 0xF9, 0x00, 0x00, 0x00, 0x00, 0x9F, 0xFC, 0x00, 0x00, 0x00, 0x00, 0x6F, 0xFF, 0x10, 0x00,
  0x00, 0x00, 0x2F, 0xFF, 0x50, 0x00, 0x00, 0x00, 0x0B, 0xFF, 0xA0, 0x00, 0x00, 0x00, 0x05, 0xFF,
  0xF2, 0x00, 0x00, 0x00, 0x00, 0xDF, 0xF9, 0x00, 0x00, 0x00, 0x00, 0x5F, 0xFF, 0x20, 0x00, 0x00,
  0x00, 0x0B, 0xFF, 0xC0, 0x00, 0x00, 0x00, 0x02, 0xEF, 0xF6, 0x00, 0x00, 0x00, 0x00, 0x5F, 0xFE,
  0x20, 0x09, 0xFF, 0xB0, 0x00, 0x00, 0x00, 0x1D, 0xFF, 0x70, 0x00, 0x00, 0x00, 0x4F, 0xFF, 0x20,
  0x00, 0x00, 0x00, 0xBF, 0xFB, 0x00, 0x00, 0x00, 0x03, 0xFF, 0xF4, 0x00, 0x00, 0x00, 0x0B, 0xFF,
  0xB0, 0x00, 0x00, 0x00, 0x4F, 0xFF, 0x20, 0x00, 0x00, 0x00, 0xEF, 0xF7, 0x00, 0x00, 0x00, 0x09,
  0xFF, 0xC0, 0x00, 0x00, 0x00, 0x6F, 0xFF, 0x00, 0x00, 0x00, 0x03, 0xFF, 0xF3, 0x00, 0x00, 0x00,
  0x2F, 0xFF, 0x40, 0x00, 0x00, 0x01, 0xFF, 0xF5, 0x00, 0x00, 0x00, 0x0F, 0xFF, 0x50, 0x00, 0x00,
  0x02, 0xFF, 0xF4, 0x00, 0x00, 0x00, 0x3F, 0xFF, 0x30, 0x00, 0x00, 0x06, 0xFF, 0xF0, 0x00, 0x00,
  0x00, 0x9F, 0xFC, 0x00, 0x00, 0x00, 0x0E, 0xFF, 0x70, 0x00, 0x00, 0x04, 0xFF, 0xF2, 0x00, 0x00,
  0x00, 0xBF, 0xFB, 0x00, 0x00, 0x00, 0x3F, 0xFF, 0x40, 0x00, 0x00, 0x0B, 0xFF, 0xB0, 0x00, 0x00,
  0x05, 0xFF, 0xF2, 0x00, 0x00, 0x01, 0xDF, 0xF7, 0x00, 0x00, 0x00, 0x9F, 0xFB, 0x00, 0x00, 0x00,
  0x00, 0x00, 0x00, 0xFF, 0x20, 0x00, 0x00, 0x00, 0x00, 0x00, 0xFF, 0x20, 0x00, 0x00, 0x00, 0x74,
  0x00, 0xFF, 0x20, 0x37, 0x00, 0x02, 0xFF, 0xD8, 0xFF, 0x9C, 0xFF, 0x40, 0x04, 0xCF, 0xFF, 0xFF,
  0xFF, 0xFD, 0x50, 0x00, 0x01, 0x5F, 0xFF, 0xF6, 0x10, 0x00, 0x00, 0x00, 0x5F, 0xFF, 0xFA, 0x00,
  0x00, 0x00, 0x04, 0xFF, 0x84, 0xFF, 0x80, 0x00, 0x00, 0x0D, 0xFD, 0x10, 0xAF, 0xE2, 0x00, 0x00,
  0x01, 0xB4, 0x00, 0x1B, 0x20, 0x00, 0x00, 0x00, 0x00, 0x00, 0x00, 0x00, 0x00, 0x00, 0x00, 0x00,
  0x00, 0x00, 0x00, 0x00, 0x00, 0x00, 0x00, 0x00, 0x00, 0x00, 0x00, 0x00, 0x00, 0x00, 0x00, 0x00,
  0x00, 0x00, 0x00, 0x00, 0x00, 0x00, 0x00, 0x00, 0x00, 0x00, 0x00, 0x00, 0x00, 0x00, 0x00, 0x00,
  0x00, 0x00, 0x00, 0x00, 0x00, 0x00, 0x00, 0x00, 0x00, 0x00, 0x00, 0x00, 0x00, 0x00, 0x00, 0x00,
  0x00, 0x00, 0x00, 0x00, 0x00, 0x00, 0x00, 0x00, 0x00, 0x00, 0x00, 0x00, 0x00, 0x00, 0x00, 0x00,
  0x00, 0x00, 0x00, 0x00, 0x00, 0x00, 0x00, 0xFF, 0xF6, 0x00, 0x00, 0x00, 0x00, 0x00, 0x00, 0x00,
  0x0F, 0xFF, 0x60, 0x00, 0x00, 0x00, 0x00, 0x00, 0x00, 0x00, 0xFF, 0xF6, 0x00, 0x00, 0x00, 0x00,
  0x00, 0x00, 0x00, 0x0F, 0xFF, 0x60, 0x00, 0x00, 0x00, 0x00, 0x00, 0x00, 0x00, 0xFF, 0xF6, 0x00,
  0x00, 0x00, 0x00, 0x08, 0xFF, 0xFF, 0xFF, 0xFF, 0xFF, 0xFF, 0xF8, 0x00, 0x00, 0x8F, 0xFF, 0xFF,
  0xFF, 0xFF, 0xFF, 0xFF, 0x80, 0x00, 0x08, 0xFF, 0xFF, 0xFF, 0xFF, 0xFF, 0xFF, 0xF8, 0x00, 0x00,
  0x00, 0x00, 0x00, 0xFF, 0xF6, 0x00, 0x00, 0x00, 0x00, 0x00, 0x00, 0x00, 0x0F, 0xFF, 0x60, 0x00,
  0x00, 0x00, 0x00, 0x00, 0x00, 0x00, 0xFF, 0xF6, 0x00, 0x00, 0x00, 0x00, 0x00, 0x00, 0x00, 0x0F,
  0xFF, 0x60, 0x00, 0x00, 0x00, 0x00, 0x00, 0x00, 0x00, 0xFF, 0xF6, 0x00, 0x00, 0x00, 0x00, 0x00,
  0x00, 0x00, 0x08, 0x88, 0x30, 0x00, 0x00, 0x00, 0x00, 0x00, 0x00, 0x00, 0x00, 0x00, 0x00, 0x00,
  0x00, 0x00, 0x00, 0x5F, 0xFF, 0x20, 0x09, 0xFF, 0xB0, 0x00, 0xDF, 0xF5, 0x00, 0x2F, 0xFE, 0x10,
  0x06, 0xFF, 0x90, 0x00, 0x9F, 0xF3, 0x00, 0x0D, 0xFC, 0x00, 0x00, 0x00, 0x00, 0x00, 0x00, 0x00,
  0x00, 0x00, 0x0F, 0xFF, 0xFF, 0xFF, 0xFF, 0x00, 0x00, 0xFF, 0xFF, 0xFF, 0xFF, 0xF0, 0x00, 0x0F,
  0xFF, 0xFF, 0xFF, 0xFF, 0x00, 0x00, 0x00, 0x00, 0x00, 0x00, 0x00, 0x00, 0x00, 0x00, 0x00, 0x00,
  0x00, 0x00, 0x00, 0x00, 0x00, 0x00, 0x00, 0x00, 0x00, 0x00, 0x00, 0x00, 0x00, 0x00, 0x00, 0x00,
  0x00, 0x00, 0x00, 0x00, 0x00, 0x00, 0x00, 0x00, 0x00, 0x00, 0x00, 0x00, 0x00, 0x00, 0x00, 0x00,
  0x00, 0x00, 0x00, 0x04, 0xDD, 0x40, 0x0D, 0xFF, 0xD0, 0x0D, 0xFF, 0xD0, 0x04, 0xDD, 0x40, 0x00,
  0x00, 0x00, 0x00, 0x38, 0x87, 0x00, 0x00, 0x00, 0x00, 0x9F, 0xFA, 0x00, 0x00, 0x00, 0x00, 0xEF,
  0xF5, 0x00, 0x00, 0x00, 0x04, 0xFF, 0xE1, 0x00, 0x00, 0x00, 0x09, 0xFF, 0xA0, 0x00, 0x00, 0x00,
  0x0E, 0xFF, 0x50, 0x00, 0x00, 0x00, 0x4F, 0xFE, 0x10, 0x00, 0x00, 0x00, 0xAF, 0xFA, 0x00, 0x00,
  0x00, 0x00, 0xEF, 0xF5, 0x00, 0x00, 0x00, 0x05, 0xFF, 0xE0, 0x00, 0x00, 0x00, 0x0A, 0xFF, 0xA0,
  0x00, 0x00, 0x00, 0x0E, 0xFF, 0x50, 0x00, 0x00, 0x00, 0x5F, 0xFE, 0x00, 0x00, 0x00, 0x00, 0xAF,
  0xFA, 0x00, 0x00, 0x00, 0x01, 0xEF, 0xF5, 0x00, 0x00, 0x00, 0x05, 0xFF, 0xE0, 0x00, 0x00, 0x00,
  0x0A, 0xFF, 0x90, 0x00, 0x00, 0x00, 0x1E, 0xFF, 0x40, 0x00, 0x00, 0x00, 0x5F, 0xFE, 0x00, 0x00,
  0x00, 0x00, 0xAF, 0xF9, 0x00, 0x00, 0x00, 0x01, 0xFF, 0xF4, 0x00, 0x00, 0x00, 0x05, 0xFF, 0xE0,
  0x00, 0x00, 0x00, 0x0B, 0xFF, 0x90, 0x00, 0x00, 0x00, 0x1F, 0xFF, 0x40, 0x00, 0x00, 0x00, 0x6F,
  0xFE, 0x00, 0x00, 0x00, 0x00, 0x00, 0x00, 0x00, 0x6B, 0xEF, 0xEB, 0x60, 0x00, 0x00, 0x00, 0x00,
  0x03, 0xDF, 0xFF, 0xFF, 0xFF, 0xD3, 0x00, 0x00, 0x00, 0x03, 0xEF, 0xFF, 0xFF, 0xFF, 0xFF, 0xE3,
  0x00, 0x00, 0x01, 0xEF, 0xFF, 0x93, 0x13, 0x9F, 0xFF, 0xE1, 0x00, 0x00, 0x9F, 0xFF, 0x50, 0x00,
  0x00, 0x6F, 0xFF, 0x90, 0x00, 0x1F, 0xFF, 0x90, 0x00, 0x00, 0x00, 0xAF, 0xFF, 0x10, 0x07, 0xFF,
  0xF2, 0x00, 0x00, 0x00, 0x02, 0xFF, 0xF6, 0x00, 0xAF, 0xFC, 0x00, 0x00, 0x00, 0x00, 0x0C, 0xFF,
  0xA0, 0x0D, 0xFF, 0x80, 0x00, 0x00, 0x00, 0x00, 0x9F, 0xFD, 0x00, 0xEF, 0xF7, 0x00, 0x00, 0x00,
  0x00, 0x07, 0xFF, 0xE0, 0x0F, 0xFF, 0x60, 0x00, 0x00, 0x00, 0x00, 0x6F, 0xFF, 0x00, 0xEF, 0xF7,
  0x00, 0x00, 0x00, 0x00, 0x07, 0xFF, 0xE0, 0x0D, 0xFF, 0x80, 0x00, 0x00, 0x00, 0x00, 0x9F, 0xFD,
  0x00, 0xAF, 0xFC, 0x00, 0x00, 0x00, 0x00, 0x0C, 0xFF, 0xA0, 0x07, 0xFF, 0xF2, 0x00, 0x00, 0x00,
  0x02, 0xFF, 0xF6, 0x00, 0x1F, 0xFF, 0x90, 0x00, 0x00, 0x00, 0x9F, 0xFF, 0x10, 0x00, 0x8F, 0xFF,
  0x50, 0x00, 0x00, 0x6F, 0xFF, 0x80, 0x00, 0x01, 0xDF, 0xFF, 0x93, 0x13, 0x9F, 0xFF, 0xD1, 0x00,
  0x00, 0x03, 0xEF, 0xFF, 0xFF, 0xFF, 0xFF, 0xE3, 0x00, 0x00, 0x00, 0x02, 0xDF, 0xFF, 0xFF, 0xFF,
  0xD2, 0x00, 0x00, 0x00, 0x00, 0x00, 0x6B, 0xEF, 0xEB, 0x60, 0x00, 0x00, 0x00, 0x00, 0x00, 0x04,
  0xEF, 0xF6, 0x00, 0x00, 0x00, 0x5F, 0xFF, 0xF6, 0x00, 0x00, 0x3A, 0xFF, 0xFF, 0xF6, 0x00, 0x08,
  0xFF, 0xFF, 0xFF, 0xF6, 0x00, 0x08, 0xFF, 0xFA, 0xFF, 0xF6, 0x00, 0x07, 0xEA, 0x30, 0xFF, 0xF6,
  0x00, 0x00, 0x00, 0x00, 0xFF, 0xF6, 0x00, 0x00, 0x00, 0x00, 0xFF, 0xF6, 0x00, 0x00, 0x00, 0x00,
  0xFF, 0xF6, 0x00, 0x00, 0x00, 0x00, 0xFF, 0xF6, 0x00, 0x00, 0x00, 0x00, 0xFF, 0xF6, 0x00, 0x00,
  0x00, 0x00, 0xFF, 0xF6, 0x00, 0x00, 0x00, 0x00, 0xFF, 0xF6, 0x00, 0x00, 0x00, 0x00, 0xFF, 0xF6,
  0x00, 0x00, 0x00, 0x00, 0xFF, 0xF6, 0x00, 0x00, 0x00, 0x00, 0xFF, 0xF6, 0x00, 0x00, 0x00, 0x00,
  0xFF, 0xF6, 0x00, 0x00, 0x00, 0x00, 0xFF, 0xF6, 0x00, 0x00, 0x00, 0x00, 0xFF, 0xF6, 0x00, 0x00,
  0x00, 0x00, 0xFF, 0xF6, 0x00, 0x00, 0x00, 0x00, 0xFF, 0xF6, 0x00, 0x00, 0x00, 0x17, 0xCE, 0xFD,
  0xB6, 0x10, 0x00, 0x00, 0x00, 0x06, 0xEF, 0xFF, 0xFF, 0xFF, 0xD3, 0x00, 0x00, 0x00, 0x6F, 0xFF,
  0xFF, 0xFF, 0xFF, 0xFE, 0x30, 0x00, 0x02, 0xFF, 0xFF, 0x82, 0x12, 0x8F, 0xFF, 0xB0, 0x00, 0x09,
  0xFF, 0xF6, 0x00, 0x00, 0x08, 0xFF, 0xF2, 0x00, 0x04, 0x8A, 0xB0, 0x00, 0x00, 0x01, 0xFF, 0xF5,
  0x00, 0x00, 0x00, 0x00, 0x00, 0x00, 0x01, 0xFF, 0xF5, 0x00, 0x00, 0x00, 0x00, 0x00, 0x00, 0x06,
  0xFF, 0xF3, 0x00, 0x00, 0x00, 0x00, 0x00, 0x00, 0x2E, 0xFF, 0xD0, 0x00, 0x00, 0x00, 0x00, 0x00,
  0x03, 0xDF, 0xFF, 0x50, 0x00, 0x00, 0x00, 0x00, 0x00, 0x6E, 0xFF, 0xF9, 0x00, 0x00, 0x00, 0x00,
  0x00, 0x1A, 0xFF, 0xFF, 0x90, 0x00, 0x00, 0x00, 0x00, 0x03, 0xDF, 0xFF, 0xF6, 0x00, 0x00, 0x00,
  0x00, 0x00, 0x4E, 0xFF, 0xFD, 0x30, 0x00, 0x00, 0x00, 0x00, 0x04, 0xFF, 0xFF, 0xA1, 0x00, 0x00,
  0x00, 0x00, 0x00, 0x1E, 0xFF, 0xF8, 0x00, 0x00, 0x00, 0x00, 0x00, 0x00, 0x8F, 0xFF, 0xB0, 0x00,
  0x00, 0x00, 0x00, 0x00, 0x00, 0xDF, 0xFF, 0x30, 0x00, 0x00, 0x00, 0x00, 0x00, 0x00, 0xFF, 0xFF,
  0xFF, 0xFF, 0xFF, 0xFF, 0xFF, 0x00, 0x00, 0xFF, 0xFF, 0xFF, 0xFF, 0xFF, 0xFF, 0xFF, 0x00, 0x00,
  0xFF, 0xFF, 0xFF, 0xFF, 0xFF, 0xFF, 0xFF, 0x00, 0x00, 0x00, 0x4A, 0xDF, 0xEC, 0x82, 0x00, 0x00,
  0x00, 0x1B, 0xFF, 0xFF, 0xFF, 0xFF, 0x70, 0x00, 0x00, 0xCF, 0xFF, 0xFF, 0xFF, 0xFF, 0xF7, 0x00,
  0x05, 0xFF, 0xFB, 0x41, 0x16, 0xEF, 0xFE, 0x10, 0x00, 0x27, 0x80, 0x00, 0x00, 0x4F, 0xFF, 0x40,
  0x00, 0x00, 0x00, 0x00, 0x00, 0x1F, 0xFF, 0x50, 0x00, 0x00, 0x00, 0x00, 0x00, 0x5F, 0xFF, 0x20,
  0x00, 0x00, 0x00, 0x01, 0x38, 0xFF, 0xFA, 0x00, 0x00, 0x00, 0x08, 0xFF, 0xFF, 0xFF, 0xA0, 0x00,
  0x00, 0x00, 0x08, 0xFF, 0xFF, 0xF9, 0x00, 0x00, 0x00, 0x00, 0x08, 0xFF, 0xFF, 0xFF, 0xB1, 0x00,
  0x00, 0x00, 0x00, 0x01, 0x38, 0xEF, 0xFC, 0x10, 0x00, 0x00, 0x00, 0x00, 0x00, 0x3E, 0xFF, 0x70,
  0x00, 0x00, 0x00, 0x00, 0x00, 0x09, 0xFF, 0xD0, 0x00, 0x00, 0x00, 0x00, 0x00, 0x06, 0xFF, 0xF0,
  0x00, 0x00, 0x10, 0x00, 0x00, 0x08, 0xFF, 0xE0, 0x02, 0x8D, 0xC1, 0x00, 0x00, 0x1E, 0xFF, 0xB0,
  0x07, 0xFF, 0xFC, 0x41, 0x25, 0xDF, 0xFF, 0x50, 0x01, 0xCF, 0xFF, 0xFF, 0xFF, 0xFF, 0xFA, 0x00,
  0x00, 0x1B, 0xFF, 0xFF, 0xFF, 0xFF, 0x90, 0x00, 0x00, 0x00, 0x4A, 0xDE, 0xED, 0x93, 0x00, 0x00,
  0x00, 0x00, 0x00, 0x00, 0x02, 0xEF, 0xFF, 0x00, 0x00, 0x00, 0x00, 0x00, 0x00, 0x00, 0xAF, 0xFF,
  0xF0, 0x00, 0x00, 0x00, 0x00, 0x00, 0x00, 0x5F, 0xFF, 0xFF, 0x00, 0x00, 0x00, 0x00, 0x00, 0x00,
  0x1E, 0xFF, 0xFF, 0xF0, 0x00, 0x00, 0x00, 0x00, 0x00, 0x0A, 0xFF, 0xFF, 0xFF, 0x00, 0x00, 0x00,
  0x00, 0x00, 0x04, 0xFF, 0xF9, 0xFF, 0xF0, 0x00, 0x00, 0x00, 0x00, 0x01, 0xDF, 0xF8, 0x6F, 0xFF,
  0x00, 0x00, 0x00, 0x00, 0x00, 0x9F, 0xFC, 0x06, 0xFF, 0xF0, 0x00, 0x00, 0x00, 0x00, 0x4F, 0xFF,
  0x30, 0x6F, 0xFF, 0x00, 0x00, 0x00, 0x00, 0x1D, 0xFF, 0x80, 0x06, 0xFF, 0xF0, 0x00, 0x00, 0x00,
  0x08, 0xFF, 0xD1, 0x00, 0x6F, 0xFF, 0x00, 0x00, 0x00, 0x03, 0xFF, 0xF4, 0x00, 0x06, 0xFF, 0xF0,
  0x00, 0x00, 0x00, 0xCF, 0xF9, 0x00, 0x00, 0x6F, 0xFF, 0x00, 0x00, 0x00, 0x8F, 0xFE, 0x10, 0x00,
  0x06, 0xFF, 0xF0, 0x00, 0x00, 0x0F, 0xFF, 0xFF, 0xFF, 0xFF, 0xFF, 0xFF, 0xFF, 0xFF, 0x00, 0xFF,
  0xFF, 0xFF, 0xFF, 0xFF, 0xFF, 0xFF, 0xFF, 0xF0, 0x0F, 0xFF, 0xFF, 0xFF, 0xFF, 0xFF, 0xFF, 0xFF,
  0xFF, 0x00, 0x00, 0x00, 0x00, 0x00, 0x06, 0xFF, 0xF0, 0x00, 0x00, 0x00, 0x00, 0x00, 0x00, 0x00,
  0x6F, 0xFF, 0x00, 0x00, 0x00, 0x00, 0x00, 0x00, 0x00, 0x06, 0xFF, 0xF0, 0x00, 0x00, 0x00, 0x00,
  0x00, 0x00, 0x00, 0x6F, 0xFF, 0x00, 0x00, 0x00, 0x00, 0x03, 0xFF, 0xFF, 0xFF, 0xFF, 0xFF, 0xF5,
  0x00, 0x00, 0x04, 0xFF, 0xFF, 0xFF, 0xFF, 0xFF, 0xF5, 0x00, 0x00, 0x06, 0xFF, 0xFF, 0xFF, 0xFF,
  0xFF, 0xF5, 0x00, 0x00, 0x07, 0xFF, 0xC0, 0x00, 0x00, 0x00, 0x00, 0x00, 0x00, 0x09, 0xFF, 0xB0,
  0x00, 0x00, 0x00, 0x00, 0x00, 0x00, 0x0A, 0xFF, 0x90, 0x00, 0x00, 0x00, 0x00, 0x00, 0x00, 0x0C,
  0xFF, 0x80, 0x00, 0x00, 0x00, 0x00, 0x00, 0x00, 0x0D, 0xFF, 0x60, 0x00, 0x00, 0x00, 0x00, 0x00,
  0x00, 0x0F, 0xFF, 0x56, 0xCE, 0xEC, 0x82, 0x00, 0x00, 0x00, 0x1F, 0xFF, 0xFF, 0xFF, 0xFF, 0xFE,
  0x40, 0x00, 0x00, 0x3F, 0xFF, 0xFF, 0xFF, 0xFF, 0xFF, 0xF3, 0x00, 0x00, 0x3E, 0xFF, 0xC5, 0x11,
  0x4B, 0xFF, 0xFB, 0x00, 0x00, 0x00, 0x24, 0x00, 0x00, 0x00, 0xAF, 0xFF, 0x20, 0x00, 0x00, 0x00,
  0x00, 0x00, 0x00, 0x2F, 0xFF, 0x50, 0x00, 0x00, 0x00, 0x00, 0x00, 0x00, 0x0F, 0xFF, 0x50, 0x00,
  0x00, 0x00, 0x00, 0x00, 0x00, 0x2F, 0xFF, 0x30, 0x00, 0x16, 0xB6, 0x00, 0x00, 0x00, 0xAF, 0xFE,
  0x10, 0x00, 0xCF, 0xFF, 0xA4, 0x11, 0x4B, 0xFF, 0xF8, 0x00, 0x00, 0x2E, 0xFF, 0xFF, 0xFF, 0xFF,
  0xFF, 0xC1, 0x00, 0x00, 0x02, 0xBF, 0xFF, 0xFF, 0xFF, 0xFB, 0x10, 0x00, 0x00, 0x00, 0x04, 0x9D,
  0xEE, 0xDA, 0x40, 0x00, 0x00, 0x00, 0x00, 0x01, 0x7C, 0xEF, 0xEB, 0x72, 0x00, 0x00, 0x00, 0x05,
  0xEF, 0xFF, 0xFF, 0xFF, 0xFA, 0x10, 0x00, 0x05, 0xFF, 0xFF, 0xFF, 0xFF, 0xFF, 0xB0, 0x00, 0x02,
  0xEF, 0xFF, 0x82, 0x11, 0x49, 0xD1, 0x00, 0x00, 0x9F, 0xFF, 0x40, 0x00, 0x00, 0x00, 0x00, 0x00,
  0x1F, 0xFF, 0x80, 0x00, 0x00, 0x00, 0x00, 0x00, 0x06, 0xFF, 0xF1, 0x00, 0x00, 0x00, 0x00, 0x00,
  0x00, 0x9F, 0xFC, 0x05, 0xBE, 0xFD, 0x93, 0x00, 0x00, 0x0C, 0xFF, 0x99, 0xFF, 0xFF, 0xFF, 0xF7,
  0x00, 0x00, 0xEF, 0xFF, 0xFF, 0xFF, 0xFF, 0xFF, 0xF7, 0x00, 0x0E, 0xFF, 0xFF, 0xC4, 0x11, 0x6E,
  0xFF, 0xF2, 0x00, 0xFF, 0xFF, 0xD1, 0x00, 0x00, 0x3F, 0xFF, 0x80, 0x0E, 0xFF, 0xF5, 0x00, 0x00,
  0x00, 0xAF, 0xFC, 0x00, 0xDF, 0xFF, 0x20, 0x00, 0x00, 0x07, 0xFF, 0xE0, 0x0A, 0xFF, 0xF2, 0x00,
  0x00, 0x00, 0x7F, 0xFE, 0x00, 0x7F, 0xFF, 0x60, 0x00, 0x00, 0x0A, 0xFF, 0xC0, 0x02, 0xFF, 0xFD,
  0x10, 0x00, 0x04, 0xFF, 0xF8, 0x00, 0x09, 0xFF, 0xFC, 0x41, 0x16, 0xEF, 0xFF, 0x20, 0x00, 0x1D,
  0xFF, 0xFF, 0xFF, 0xFF, 0xFF, 0x60, 0x00, 0x00, 0x2C, 0xFF, 0xFF, 0xFF, 0xFE, 0x60, 0x00, 0x00,
  0x00, 0x06, 0xBD, 0xFE, 0xC7, 0x20, 0x00, 0x00, 0x0F, 0xFF, 0xFF, 0xFF, 0xFF, 0xFF, 0xFF, 0xF0,
  0x0F, 0xFF, 0xFF, 0xFF, 0xFF, 0xFF, 0xFF, 0xF0, 0x0F, 0xFF, 0xFF, 0xFF, 0xFF, 0xFF, 0xFF, 0xE0,
  0x00, 0x00, 0x00, 0x00, 0x00, 0x1E, 0xFF, 0x80, 0x00, 0x00, 0x00, 0x00, 0x00, 0x7F, 0xFF, 0x10,
  0x00, 0x00, 0x00, 0x00, 0x00, 0xDF, 0xF9, 0x00, 0x00, 0x00, 0x00, 0x00, 0x06, 0xFF, 0xF2, 0x00,
  0x00, 0x00, 0x00, 0x00, 0x0D, 0xFF, 0xA0, 0x00, 0x00, 0x00, 0x00, 0x00, 0x6F, 0xFF, 0x30, 0x00,
  0x00, 0x00, 0x00, 0x00, 0xDF, 0xFA, 0x00, 0x00, 0x00, 0x00, 0x00, 0x05, 0xFF, 0xF3, 0x00, 0x00,
  0x00, 0x00, 0x00, 0x0D, 0xFF, 0xB0, 0x00, 0x00, 0x00, 0x00, 0x00, 0x5F, 0xFF, 0x40, 0x00, 0x00,
  0x00, 0x00, 0x00, 0xCF, 0xFC, 0x00, 0x00, 0x00, 0x00, 0x00, 0x04, 0xFF, 0xF5, 0x00, 0x00, 0x00,
  0x00, 0x00, 0x0C, 0xFF, 0xD0, 0x00, 0x00, 0x00, 0x00, 0x00, 0x4F, 0xFF, 0x60, 0x00, 0x00, 0x00,
  0x00, 0x00, 0xBF, 0xFD, 0x00, 0x00, 0x00, 0x00, 0x00, 0x04, 0xFF, 0xF6, 0x00, 0x00, 0x00, 0x00,
  0x00, 0x0B, 0xFF, 0xE1, 0x00, 0x00, 0x00, 0x00, 0x00, 0x3F, 0xFF, 0x70, 0x00, 0x00, 0x00, 0x00,
  0x00, 0x00, 0x17, 0xBD, 0xFE, 0xD9, 0x40, 0x00, 0x00, 0x00, 0x05, 0xEF, 0xFF, 0xFF, 0xFF, 0xFB,
  0x20, 0x00, 0x00, 0x5F, 0xFF, 0xFF, 0xFF, 0xFF, 0xFF, 0xD1, 0x00, 0x00, 0xDF, 0xFF, 0xA3, 0x12,
  0x5D, 0xFF, 0xF7, 0x00, 0x03, 0xFF, 0xF8, 0x00, 0x00, 0x01, 0xDF, 0xFD, 0x00, 0x05, 0xFF, 0xF1,
  0x00, 0x00, 0x00, 0x7F, 0xFE, 0x00, 0x04, 0xFF, 0xF1, 0x00, 0x00, 0x00, 0x7F, 0xFD, 0x00, 0x01,
  0xEF, 0xF7, 0x00, 0x00, 0x01, 0xCF, 0xF9, 0x00, 0x00, 0x8F, 0xFF, 0x93, 0x12, 0x5C, 0xFF, 0xE2,
  0x00, 0x00, 0x09, 0xFF, 0xFF, 0xFF, 0xFF, 0xFD, 0x30, 0x00, 0x00, 0x01, 0xCF, 0xFF, 0xFF, 0xFF,
  0xF5, 0x00, 0x00, 0x00, 0x4E, 0xFF, 0xFF, 0xFF, 0xFF, 0xFF, 0x90, 0x00, 0x02, 0xEF, 0xFD, 0x62,
  0x02, 0x4B, 0xFF, 0xF7, 0x00, 0x09, 0xFF, 0xD1, 0x00, 0x00, 0x00, 0x9F, 0xFE, 0x10, 0x0D, 0xFF,
  0x70, 0x00, 0x00, 0x00, 0x1F, 0xFF, 0x40, 0x0F, 0xFF, 0x70, 0x00, 0x00, 0x00, 0x1F, 0xFF, 0x50,
  0x0D, 0xFF, 0xD1, 0x00, 0x00, 0x00, 0x8F, 0xFF, 0x40, 0x08, 0xFF, 0xFD, 0x62, 0x12, 0x4B, 0xFF,
  0xFD, 0x00, 0x01, 0xDF, 0xFF, 0xFF, 0xFF, 0xFF, 0xFF, 0xF5, 0x00, 0x00, 0x1B, 0xFF, 0xFF, 0xFF,
  0xFF, 0xFD, 0x40, 0x00, 0x00, 0x00, 0x49, 0xCE, 0xFE, 0xDA, 0x61, 0x00, 0x00, 0x00, 0x00, 0x27,
  0xCE, 0xFE, 0xC7, 0x10, 0x00, 0x00, 0x00, 0x07, 0xFF, 0xFF, 0xFF, 0xFF, 0xE5, 0x00, 0x00, 0x00,
  0x8F, 0xFF, 0xFF, 0xFF, 0xFF, 0xFF, 0x50, 0x00, 0x04, 0xFF, 0xFE, 0x62, 0x13, 0x8F, 0xFF, 0xE1,
  0x00, 0x0A, 0xFF, 0xE2, 0x00, 0x00, 0x06, 0xFF, 0xF7, 0x00, 0x0D, 0xFF, 0x80, 0x00, 0x00, 0x00,
  0xDF, 0xFC, 0x00, 0x0F, 0xFF, 0x60, 0x00, 0x00, 0x00, 0xBF, 0xFF, 0x10, 0x0D, 0xFF, 0x90, 0x00,
  0x00, 0x00, 0xDF, 0xFF, 0x40, 0x0A, 0xFF, 0xE2, 0x00, 0x00, 0x06, 0xFF, 0xFF, 0x50, 0x03, 0xFF,
  0xFE, 0x61, 0x02, 0x8F, 0xFF, 0xFF, 0x60, 0x00, 0x8F, 0xFF, 0xFF, 0xFF, 0xFF, 0xEF, 0xFF, 0x50,
  0x00, 0x08, 0xFF, 0xFF, 0xFF, 0xFD, 0x5F, 0xFF, 0x40, 0x00, 0x00, 0x39, 0xDF, 0xFC, 0x71, 0x5F,
  0xFF, 0x30, 0x00, 0x00, 0x00, 0x00, 0x00, 0x00, 0x8F, 0xFF, 0x00, 0x00, 0x00, 0x00, 0x00, 0x00,
  0x00, 0xDF, 0xFB, 0x00, 0x00, 0x00, 0x00, 0x00, 0x00, 0x05, 0xFF, 0xF6, 0x00, 0x00, 0x02, 0x00,
  0x00, 0x00, 0x2E, 0xFF, 0xE1, 0x00, 0x00, 0x2F, 0xB5, 0x21, 0x27, 0xEF, 0xFF, 0x60, 0x00, 0x00,
  0xCF, 0xFF, 0xFF, 0xFF, 0xFF, 0xFA, 0x00, 0x00, 0x01, 0x9F, 0xFF, 0xFF, 0xFF, 0xFF, 0x80, 0x00,
  0x00, 0x00, 0x02, 0x7B, 0xEF, 0xEC, 0x83, 0x00, 0x00, 0x00, 0x00, 0x4D, 0xD4, 0x00, 0x00, 0xDF,
  0xFD, 0x00, 0x00, 0xDF, 0xFD, 0x00, 0x00, 0x4D, 0xD4, 0x00, 0x00, 0x00, 0x00, 0x00, 0x00, 0x00,
  0x00, 0x00, 0x00, 0x00, 0x00, 0x00, 0x00, 0x00, 0x00, 0x00, 0x00, 0x00, 0x00, 0x00, 0x00, 0x00,
  0x00, 0x00, 0x00, 0x00, 0x00, 0x00, 0x00, 0x4D, 0xD4, 0x00, 0x00, 0xDF, 0xFD, 0x00, 0x00, 0xDF,
  0xFD, 0x00, 0x00, 0x4D, 0xD4, 0x00, 0x00, 0x4D, 0xD4, 0x00, 0x00, 0xDF, 0xFD, 0x00, 0x00, 0xDF,
  0xFD, 0x00, 0x00, 0x4D, 0xD4, 0x00, 0x00, 0x00, 0x00, 0x00, 0x00, 0x00, 0x00, 0x00, 0x00, 0x00,
  0x00, 0x00, 0x00, 0x00, 0x00, 0x00, 0x00, 0x00, 0x00, 0x00, 0x00, 0x00, 0x00, 0x00, 0x00, 0x00,
  0x00, 0x00, 0x00, 0x4F, 0xFE, 0x10, 0x00, 0x8F, 0xFA, 0x00, 0x00, 0xCF, 0xF4, 0x00, 0x01, 0xFF,
  0xE0, 0x00, 0x04, 0xFF, 0x80, 0x00, 0x08, 0xFF, 0x30, 0x00, 0x0C, 0xFC, 0x00, 0x00, 0x00, 0x00,
  0x00, 0x00, 0x00, 0x00, 0x04, 0xB0, 0x00, 0x00, 0x00, 0x00, 0x00, 0x00, 0x01, 0x6D, 0xFF, 0x00,
  0x00, 0x00, 0x00, 0x00, 0x00, 0x28, 0xEF, 0xFF, 0xF0, 0x00, 0x00, 0x00, 0x00, 0x03, 0xAF, 0xFF,
  0xFF, 0xB4, 0x00, 0x00, 0x00, 0x00, 0x5C, 0xFF, 0xFF, 0xE9, 0x20, 0x00, 0x00, 0x00, 0x00, 0x0F,
  0xFF, 0xFD, 0x61, 0x00, 0x00, 0x00, 0x00, 0x00, 0x00, 0xFF, 0xFE, 0x50, 0x00, 0x00, 0x00, 0x00,
  0x00, 0x00, 0x0E, 0xFF, 0xFF, 0xD7, 0x10, 0x00, 0x00, 0x00, 0x00, 0x00, 0x05, 0xCF, 0xFF, 0xFF,
  0xA3, 0x00, 0x00, 0x00, 0x00, 0x00, 0x00, 0x3A, 0xFF, 0xFF, 0xFC, 0x00, 0x00, 0x00, 0x00, 0x00,
  0x00, 0x01, 0x8E, 0xFF, 0xF0, 0x00, 0x00, 0x00, 0x00, 0x00, 0x00, 0x00, 0x06, 0xCF, 0x00, 0x00,
  0x00, 0x00, 0x00, 0x00, 0x00, 0x00, 0x00, 0x40, 0x00, 0x00, 0x00, 0x00, 0x00, 0x00, 0x00, 0x00,
  0x00, 0x00, 0x00, 0x00, 0x00, 0x00, 0x00, 0x00, 0x00, 0x00, 0x00, 0x00, 0x00, 0x00, 0x0F, 0xFF,
  0xFF, 0xFF, 0xFF, 0xFF, 0xF0, 0x00, 0x00, 0x0F, 0xFF, 0xFF, 0xFF, 0xFF, 0xFF, 0xF0, 0x00, 0x00,
  0x0F, 0xFF, 0xFF, 0xFF, 0xFF, 0xFF, 0xF0, 0x00, 0x00, 0x00, 0x00, 0x00, 0x00, 0x00, 0x00, 0x00,
  0x00, 0x00, 0x00, 0x00, 0x00, 0x00, 0x00, 0x00, 0x00, 0x00, 0x00, 0x00, 0x00, 0x00, 0x00, 0x00,
  0x00, 0x00, 0x00, 0x00, 0x0F, 0xFF, 0xFF, 0xFF, 0xFF, 0xFF, 0xF0, 0x00, 0x00, 0x0F, 0xFF, 0xFF,
  0xFF, 0xFF, 0xFF, 0xF0, 0x00, 0x00, 0x0F, 0xFF, 0xFF, 0xFF, 0xFF, 0xFF, 0xF0, 0x00, 0x00, 0x00,
  0x00, 0x00, 0x00, 0x00, 0x00, 0x00, 0x00, 0x00, 0x00, 0x00, 0x00, 0x00, 0x00, 0x00, 0x00, 0x00,
  0x00, 0x00, 0x00, 0x00, 0x00, 0x00, 0x00, 0x00, 0x00, 0x00, 0x00, 0x00, 0x00, 0x00, 0x00, 0x00,
  0x00, 0x00, 0x00, 0x00, 0xA4, 0x00, 0x00, 0x00, 0x00, 0x00, 0x00, 0x00, 0x00, 0x0F, 0xFD, 0x61,
  0x00, 0x00, 0x00, 0x00, 0x00, 0x00, 0x00, 0xFF, 0xFF, 0xE8, 0x20, 0x00, 0x00, 0x00, 0x00, 0x00,
  0x05, 0xBF, 0xFF, 0xFF, 0xA4, 0x00, 0x00, 0x00, 0x00, 0x00, 0x00, 0x29, 0xEF, 0xFF, 0xFD, 0x60,
  0x00, 0x00, 0x00, 0x00, 0x00, 0x01, 0x6C, 0xFF, 0xFF, 0x00, 0x00, 0x00, 0x00, 0x00, 0x00, 0x00,
  0x5E, 0xFF, 0xF0, 0x00, 0x00, 0x00, 0x00, 0x00, 0x17, 0xEF, 0xFF, 0xFD, 0x00, 0x00, 0x00, 0x00,
  0x03, 0xAF, 0xFF, 0xFF, 0xB5, 0x00, 0x00, 0x00, 0x00, 0x0C, 0xFF, 0xFF, 0xF9, 0x30, 0x00, 0x00,
  0x00, 0x00, 0x00, 0xFF, 0xFE, 0x71, 0x00, 0x00, 0x00, 0x00, 0x00, 0x00, 0x0F, 0xC6, 0x00, 0x00,
  0x00, 0x00, 0x00, 0x00, 0x00, 0x00, 0x40, 0x00, 0x00, 0x00, 0x00, 0x00, 0x00, 0x00, 0x00, 0x00,
  0x00, 0x00, 0x00, 0x00, 0x00, 0x00, 0x00, 0x00, 0x00, 0x00, 0x00, 0x00, 0x00, 0x00, 0x00, 0x00,
  0x00, 0x00, 0x00, 0x6B, 0xEF, 0xDB, 0x61, 0x00, 0x00, 0x00, 0x2C, 0xFF, 0xFF, 0xFF, 0xFD, 0x30,
  0x00, 0x01, 0xDF, 0xFF, 0xFF, 0xFF, 0xFF, 0xE2, 0x00, 0x08, 0xFF, 0xF9, 0x21, 0x3A, 0xFF, 0xFA,
  0x00, 0x02, 0x7B, 0x90, 0x00, 0x00, 0xAF, 0xFF, 0x20, 0x00, 0x00, 0x00, 0x00, 0x00, 0x3F, 0xFF,
  0x40, 0x00, 0x00, 0x00, 0x00, 0x00, 0x0F, 0xFF, 0x50, 0x00, 0x00, 0x00, 0x00, 0x00, 0x2F, 0xFF,
  0x40, 0x00, 0x00, 0x00, 0x00, 0x00, 0x9F, 0xFE, 0x10, 0x00, 0x00, 0x00, 0x00, 0x39, 0xFF, 0xF7,
  0x00, 0x00, 0x00, 0x06, 0xFF, 0xFF, 0xFF, 0xA0, 0x00, 0x00, 0x00, 0x06, 0xFF, 0xFF, 0xC6, 0x00,
  0x00, 0x00, 0x00, 0x06, 0xFF, 0xF1, 0x00, 0x00, 0x00, 0x00, 0x00, 0x06, 0xFF, 0xF0, 0x00, 0x00,
  0x00, 0x00, 0x00, 0x06, 0xFF, 0xF0, 0x00, 0x00, 0x00, 0x00, 0x00, 0x00, 0x00, 0x00, 0x00, 0x00,
  0x00, 0x00, 0x00, 0x00, 0x00, 0x00, 0x00, 0x00, 0x00, 0x00, 0x00, 0x04, 0xDD, 0x40, 0x00, 0x00,
  0x00, 0x00, 0x00, 0x0D, 0xFF, 0xD0, 0x00, 0x00, 0x00, 0x00, 0x00, 0x0D, 0xFF, 0xD0, 0x00, 0x00,
  0x00, 0x00, 0x00, 0x04, 0xDD, 0x40, 0x00, 0x00, 0x00, 0x00, 0x00, 0x00, 0x00, 0x00, 0x37, 0xBC,
  0xEF, 0xEC, 0xA6, 0x20, 0x00, 0x00, 0x00, 0x00, 0x00, 0x00, 0x00, 0x01, 0x6D, 0xFF, 0xFF, 0xFF,
  0xFF, 0xFF, 0xFA, 0x30, 0x00, 0x00, 0x00, 0x00, 0x00, 0x00, 0x4E, 0xFF, 0xFF, 0xFF, 0xFF, 0xFF,
  0xFF, 0xFF, 0xF8, 0x00, 0x00, 0x00, 0x00, 0x00, 0x08, 0xFF, 0xFF, 0xE9, 0x53, 0x11, 0x23, 0x6B,
  0xFF, 0xFF, 0xB1, 0x00, 0x00, 0x00, 0x00, 0x8F, 0xFF, 0xD6, 0x00, 0x00, 0x00, 0x00, 0x00, 0x3B,
  0xFF, 0xFB, 0x00, 0x00, 0x00, 0x06, 0xFF, 0xFA, 0x10, 0x00, 0x00, 0x00, 0x00, 0x00, 0x00, 0x7F,
  0xFF, 0x80, 0x00, 0x00, 0x2E, 0xFF, 0x90, 0x00, 0x4B, 0xDE, 0xD8, 0x10, 0xAA, 0xA4, 0x07, 0xFF,
  0xF2, 0x00, 0x00, 0x9F, 0xFB, 0x00, 0x08, 0xFF, 0xFF, 0xFF, 0xE3, 0xFF, 0xF6, 0x00, 0xBF, 0xFA,
  0x00, 0x02, 0xFF, 0xF2, 0x00, 0x7F, 0xFF, 0xFF, 0xFF, 0xFE, 0xFF, 0xF6, 0x00, 0x3F, 0xFF, 0x10,
  0x07, 0xFF, 0x90, 0x02, 0xFF, 0xFF, 0x72, 0x14, 0xCF, 0xFF, 0xF6, 0x00, 0x0B, 0xFF, 0x50, 0x0A,
  0xFF, 0x50, 0x08, 0xFF, 0xF5, 0x00, 0x00, 0x1D, 0xFF, 0xF6, 0x00, 0x06, 0xFF, 0x90, 0x0D, 0xFF,
  0x10, 0x0C, 0xFF, 0xC0, 0x00, 0x00, 0x05, 0xFF, 0xF6, 0x00, 0x03, 0xFF, 0xA0, 0x0E, 0xFE, 0x00,
  0x0E, 0xFF, 0x70, 0x00, 0x00, 0x01, 0xFF, 0xF6, 0x00, 0x01, 0xFF, 0xC0, 0x0F, 0xFD, 0x00, 0x0F,
  0xFF, 0x60, 0x00, 0x00, 0x00, 0xFF, 0xF6, 0x00, 0x00, 0xFF, 0xC0, 0x0E, 0xFE, 0x00, 0x0E, 0xFF,
  0x80, 0x00, 0x00, 0x01, 0xFF, 0xF6, 0x00, 0x01, 0xFF, 0xB0, 0x0D, 0xFF, 0x10, 0x0C, 0xFF, 0xC0,
  0x00, 0x00, 0x05, 0xFF, 0xF6, 0x00, 0x04, 0xFF, 0x90, 0x0A, 0xFF, 0x40, 0x07, 0xFF, 0xF5, 0x00,
  0x00, 0x1D, 0xFF, 0xF6, 0x00, 0x09, 0xFF, 0x40, 0x07, 0xFF, 0x90, 0x02, 0xFF, 0xFF, 0x72, 0x14,
  0xCF, 0xFF, 0xF7, 0x00, 0x3E, 0xFD, 0x00, 0x02, 0xFF, 0xF2, 0x00, 0x7F, 0xFF, 0xFF, 0xFF, 0xFE,
  0xAF, 0xFD, 0x68, 0xEF, 0xF4, 0x00, 0x00, 0xAF, 0xFB, 0x00, 0x08, 0xFF, 0xFF, 0xFF, 0xD3, 0x3E,
  0xFF, 0xFF, 0xFF, 0x50, 0x00, 0x00, 0x2F, 0xFF, 0x80, 0x00, 0x4A, 0xDF, 0xD8, 0x10, 0x03, 0xAE,
  0xFD, 0x92, 0x00, 0x00, 0x00, 0x07, 0xFF, 0xF9, 0x10, 0x00, 0x00, 0x00, 0x00, 0x00, 0x00, 0x00,
  0x00, 0x00, 0x00, 0x00, 0x00, 0x9F, 0xFF, 0xD5, 0x00, 0x00, 0x00, 0x00, 0x00, 0x00, 0x00, 0x00,
  0x00, 0x00, 0x00, 0x00, 0x09, 0xFF, 0xFF, 0xD8, 0x42, 0x11, 0x24, 0x9D, 0x20, 0x00, 0x00, 0x00,
  0x00, 0x00, 0x00, 0x00, 0x5E, 0xFF, 0xFF, 0xFF, 0xFF, 0xFF, 0xFF, 0xC0, 0x00, 0x00, 0x00, 0x00,
  0x00, 0x00, 0x00, 0x01, 0x8E, 0xFF, 0xFF, 0xFF, 0xFF, 0xFE, 0x81, 0x00, 0x00, 0x00, 0x00, 0x00,
  0x00, 0x00, 0x00, 0x00, 0x48, 0xBD, 0xEF, 0xDA, 0x61, 0x00, 0x00, 0x00, 0x00, 0x00, 0x00, 0x00,
  0x00, 0x00, 0x8F, 0xFF, 0x80, 0x00, 0x00, 0x00, 0x00, 0x00, 0x00, 0x00, 0x0E, 0xFF, 0xFE, 0x00,
  0x00, 0x00, 0x00, 0x00, 0x00, 0x00, 0x05, 0xFF, 0xFF, 0xF5, 0x00, 0x00, 0x00, 0x00, 0x00, 0x00,
  0x00, 0xBF, 0xFF, 0xFF, 0xB0, 0x00, 0x00, 0x00, 0x00, 0x00, 0x00, 0x2F, 0xFF, 0xDF, 0xFF, 0x20,
  0x00, 0x00, 0x00, 0x00, 0x00, 0x08, 0xFF, 0xF3, 0xFF, 0xF8, 0x00, 0x00, 0x00, 0x00, 0x00, 0x00,
  0xEF, 0xFA, 0x0B, 0xFF, 0xE0, 0x00, 0x00, 0x00, 0x00, 0x00, 0x5F, 0xFF, 0x50, 0x5F, 0xFF, 0x50,
  0x00, 0x00, 0x00, 0x00, 0x0B, 0xFF, 0xE0, 0x00, 0xEF, 0xFB, 0x00, 0x00, 0x00, 0x00, 0x02, 0xFF,
  0xF8, 0x00, 0x08, 0xFF, 0xF2, 0x00, 0x00, 0x00, 0x00, 0x8F, 0xFF, 0x20, 0x00, 0x2F, 0xFF, 0x80,
  0x00, 0x00, 0x00, 0x0E, 0xFF, 0xB0, 0x00, 0x00, 0xCF, 0xFE, 0x00, 0x00, 0x00, 0x05, 0xFF, 0xF6,
  0x00, 0x00, 0x06, 0xFF, 0xF5, 0x00, 0x00, 0x00, 0xBF, 0xFF, 0xFF, 0xFF, 0xFF, 0xFF, 0xFF, 0xB0,
  0x00, 0x00, 0x2F, 0xFF, 0xFF, 0xFF, 0xFF, 0xFF, 0xFF, 0xFF, 0x20, 0x00, 0x08, 0xFF, 0xFF, 0xFF,
  0xFF, 0xFF, 0xFF, 0xFF, 0xF8, 0x00, 0x00, 0xEF, 0xFC, 0x00, 0x00, 0x00, 0x00, 0x0C, 0xFF, 0xE0,
  0x00, 0x5F, 0xFF, 0x60, 0x00, 0x00, 0x00, 0x00, 0x6F, 0xFF, 0x50, 0x0B, 0xFF, 0xE1, 0x00, 0x00,
  0x00, 0x00, 0x01, 0xEF, 0xFB, 0x02, 0xFF, 0xF8, 0x00, 0x00, 0x00, 0x00, 0x00, 0x09, 0xFF, 0xF2,
  0x8F, 0xFF, 0x20, 0x00, 0x00, 0x00, 0x00, 0x00, 0x2F, 0xFF, 0x80, 0x00, 0xFF, 0xFF, 0xFF, 0xFE,
  0xDA, 0x50, 0x00, 0x00, 0x00, 0xFF, 0xFF, 0xFF, 0xFF, 0xFF, 0xFC, 0x20, 0x00, 0x00, 0xFF, 0xFF,
  0xFF, 0xFF, 0xFF, 0xFF, 0xD1, 0x00, 0x00, 0xFF, 0xF6, 0x00, 0x01, 0x4B, 0xFF, 0xF7, 0x00, 0x00,
  0xFF, 0xF6, 0x00, 0x00, 0x00, 0xCF, 0xFC, 0x00, 0x00, 0xFF, 0xF6, 0x00, 0x00, 0x00, 0x7F, 0xFE,
  0x00, 0x00, 0xFF, 0xF6, 0x00, 0x00, 0x00, 0x7F, 0xFE, 0x00, 0x00, 0xFF, 0xF6, 0x00, 0x00, 0x00,
  0xCF, 0xFB, 0x00, 0x00, 0xFF, 0xF6, 0x00, 0x00, 0x3A, 0xFF, 0xF4, 0x00, 0x00, 0xFF, 0xFF, 0xFF,
  0xFF, 0xFF, 0xFF, 0x70, 0x00, 0x00, 0xFF, 0xFF, 0xFF, 0xFF, 0xFF, 0xFB, 0x10, 0x00, 0x00, 0xFF,
  0xFF, 0xFF, 0xFF, 0xFF, 0xFF, 0xD1, 0x00, 0x00, 0xFF, 0xF6, 0x00, 0x01, 0x39, 0xFF, 0xFA, 0x00,
  0x00, 0xFF, 0xF6, 0x00, 0x00, 0x00, 0x7F, 0xFF, 0x20, 0x00, 0xFF, 0xF6, 0x00, 0x00, 0x00, 0x1F,
  0xFF, 0x40, 0x00, 0xFF, 0xF6, 0x00, 0x00, 0x00, 0x1F, 0xFF, 0x50, 0x00, 0xFF, 0xF6, 0x00, 0x00,
  0x00, 0x6F, 0xFF, 0x40, 0x00, 0xFF, 0xF6, 0x00, 0x00, 0x28, 0xFF, 0xFE, 0x00, 0x00, 0xFF, 0xFF,
  0xFF, 0xFF, 0xFF, 0xFF, 0xF6, 0x00, 0x00, 0xFF, 0xFF, 0xFF, 0xFF, 0xFF, 0xFF, 0x80, 0x00, 0x00,
  0xFF, 0xFF, 0xFF, 0xFF, 0xEC, 0x83, 0x00, 0x00, 0x00, 0x00, 0x00, 0x05, 0xAD, 0xEF, 0xDB, 0x72,
  0x00, 0x00, 0x00, 0x00, 0x00, 0x5D, 0xFF, 0xFF, 0xFF, 0xFF, 0xF9, 0x10, 0x00, 0x00, 0x00, 0x9F,
  0xFF, 0xFF, 0xFF, 0xFF, 0xFF, 0xFD, 0x30, 0x00, 0x00, 0x9F, 0xFF, 0xF9, 0x42, 0x12, 0x7D, 0xFF,
  0xFE, 0x20, 0x00, 0x5F, 0xFF, 0xD3, 0x00, 0x00, 0x00, 0x09, 0xFF, 0xFC, 0x00, 0x0D, 0xFF, 0xE2,
  0x00, 0x00, 0x00, 0x00, 0x09, 0xFF, 0xD3, 0x05, 0xFF, 0xF6, 0x00, 0x00, 0x00, 0x00, 0x00, 0x19,
  0x40, 0x00, 0x9F, 0xFE, 0x00, 0x00, 0x00, 0x00, 0x00, 0x00, 0x00, 0x00, 0x0C, 0xFF, 0x90, 0x00,
  0x00, 0x00, 0x00, 0x00, 0x00, 0x00, 0x00, 0xEF, 0xF7, 0x00, 0x00, 0x00, 0x00, 0x00, 0x00, 0x00,
  0x00, 0x0F, 0xFF, 0x60, 0x00, 0x00, 0x00, 0x00, 0x00, 0x00, 0x00, 0x00, 0xEF, 0xF8, 0x00, 0x00,
  0x00, 0x00, 0x00, 0x00, 0x00, 0x00, 0x0C, 0xFF, 0xA0, 0x00, 0x00, 0x00, 0x00, 0x00, 0x00, 0x00,
  0x00, 0x9F, 0xFE, 0x00, 0x00, 0x00, 0x00, 0x00, 0x00, 0x00, 0x00, 0x05, 0xFF, 0xF6, 0x00, 0x00,
  0x00, 0x00, 0x00, 0x1D, 0x93, 0x00, 0x0D, 0xFF, 0xE2, 0x00, 0x00, 0x00, 0x00, 0x0A, 0xFF, 0xF4,
  0x00, 0x4F, 0xFF, 0xD3, 0x00, 0x00, 0x00, 0x1A, 0xFF, 0xFC, 0x00, 0x00, 0x8F, 0xFF, 0xFA, 0x42,
  0x12, 0x7D, 0xFF, 0xFE, 0x20, 0x00, 0x00, 0x8F, 0xFF, 0xFF, 0xFF, 0xFF, 0xFF, 0xFD, 0x30, 0x00,
  0x00, 0x00, 0x4D, 0xFF, 0xFF, 0xFF, 0xFF, 0xF9, 0x10, 0x00, 0x00, 0x00, 0x00, 0x05, 0xAD, 0xEF,
  0xDB, 0x72, 0x00, 0x00, 0x00, 0x00, 0xFF, 0xFF, 0xFF, 0xFE, 0xC9, 0x50, 0x00, 0x00, 0x00, 0x00,
  0xFF, 0xFF, 0xFF, 0xFF, 0xFF, 0xFD, 0x40, 0x00, 0x00, 0x00, 0xFF, 0xFF, 0xFF, 0xFF, 0xFF, 0xFF,
  0xF8, 0x00, 0x00, 0x00, 0xFF, 0xF6, 0x00, 0x02, 0x5B, 0xFF, 0xFF, 0x80, 0x00, 0x00, 0xFF, 0xF6,
  0x00, 0x00, 0x00, 0x5E, 0xFF, 0xF4, 0x00, 0x00, 0xFF, 0xF6, 0x00, 0x00, 0x00, 0x03, 0xFF, 0xFD,
  0x00, 0x00, 0xFF, 0xF6, 0x00, 0x00, 0x00, 0x00, 0x7F, 0xFF, 0x40, 0x00, 0xFF, 0xF6, 0x00, 0x00,
  0x00, 0x00, 0x1E, 0xFF, 0x90, 0x00, 0xFF, 0xF6, 0x00, 0x00, 0x00, 0x00, 0x0A, 0xFF, 0xC0, 0x00,
  0xFF, 0xF6, 0x00, 0x00, 0x00, 0x00, 0x07, 0xFF, 0xE0, 0x00, 0xFF, 0xF6, 0x00, 0x00, 0x00, 0x00,
  0x06, 0xFF, 0xF0, 0x00, 0xFF, 0xF6, 0x00, 0x00, 0x00, 0x00, 0x07, 0xFF, 0xE0, 0x00, 0xFF, 0xF6,
  0x00, 0x00, 0x00, 0x00, 0x0A, 0xFF, 0xC0, 0x00, 0xFF, 0xF6, 0x00, 0x00, 0x00, 0x00, 0x1E, 0xFF,
  0x90, 0x00, 0xFF, 0xF6, 0x00, 0x00, 0x00, 0x00, 0x7F, 0xFF, 0x40, 0x00, 0xFF, 0xF6, 0x00, 0x00,
  0x00, 0x03, 0xFF, 0xFD, 0x00, 0x00, 0xFF, 0xF6, 0x00, 0x00, 0x00, 0x4E, 0xFF, 0xF4, 0x00, 0x00,
  0xFF, 0xF6, 0x00, 0x02, 0x5B, 0xFF, 0xFF, 0x80, 0x00, 0x00, 0xFF, 0xFF, 0xFF, 0xFF, 0xFF, 0xFF,
  0xF8, 0x00, 0x00, 0x00, 0xFF, 0xFF, 0xFF, 0xFF, 0xFF, 0xFD, 0x40, 0x00, 0x00, 0x00, 0xFF, 0xFF,
  0xFF, 0xFE, 0xC9, 0x50, 0x00, 0x00, 0x00, 0x00, 0xFF, 0xFF, 0xFF, 0xFF, 0xFF, 0xFF, 0xF0, 0x00,
  0x0F, 0xFF, 0xFF, 0xFF, 0xFF, 0xFF, 0xFF, 0x00, 0x00, 0xFF, 0xFF, 0xFF, 0xFF, 0xFF, 0xFF, 0xF0,
  0x00, 0x0F, 0xFF, 0x60, 0x00, 0x00, 0x00, 0x00, 0x00, 0x00, 0xFF, 0xF6, 0x00, 0x00, 0x00, 0x00,
  0x00, 0x00, 0x0F, 0xFF, 0x60, 0x00, 0x00, 0x00, 0x00, 0x00, 0x00, 0xFF, 0xF6, 0x00, 0x00, 0x00,
  0x00, 0x00, 0x00, 0x0F, 0xFF, 0x60, 0x00, 0x00, 0x00, 0x00, 0x00, 0x00, 0xFF, 0xF6, 0x00, 0x00,
  0x00, 0x00, 0x00, 0x00, 0x0F, 0xFF, 0xFF, 0xFF, 0xFF, 0xFF, 0xF0, 0x00, 0x00, 0xFF, 0xFF, 0xFF,
  0xFF, 0xFF, 0xFF, 0x00, 0x00, 0x0F, 0xFF, 0xFF, 0xFF, 0xFF, 0xFF, 0xF0, 0x00, 0x00, 0xFF, 0xF6,
  0x00, 0x00, 0x00, 0x00, 0x00, 0x00, 0x0F, 0xFF, 0x60, 0x00, 0x00, 0x00, 0x00, 0x00, 0x00, 0xFF,
  0xF6, 0x00, 0x00, 0x00, 0x00, 0x00, 0x00, 0x0F, 0xFF, 0x60, 0x00, 0x00, 0x00, 0x00, 0x00, 0x00,
  0xFF, 0xF6, 0x00, 0x00, 0x00, 0x00, 0x00, 0x00, 0x0F, 0xFF, 0x60, 0x00, 0x00, 0x00, 0x00, 0x00,
  0x00, 0xFF, 0xFF, 0xFF, 0xFF, 0xFF, 0xFF, 0xF0, 0x00, 0x0F, 0xFF, 0xFF, 0xFF, 0xFF, 0xFF, 0xFF,
  0x00, 0x00, 0xFF, 0xFF, 0xFF, 0xFF, 0xFF, 0xFF, 0xF0, 0x00, 0x00, 0xFF, 0xFF, 0xFF, 0xFF, 0xFF,
  0xFF, 0xF0, 0x00, 0xFF, 0xFF, 0xFF, 0xFF, 0xFF, 0xFF, 0xF0, 0x00, 0xFF, 0xFF, 0xFF, 0xFF, 0xFF,
  0xFF, 0xF0, 0x00, 0xFF, 0xF6, 0x00, 0x00, 0x00, 0x00, 0x00, 0x00, 0xFF, 0xF6, 0x00, 0x00, 0x00,
  0x00, 0x00, 0x00, 0xFF, 0xF6, 0x00, 0x00, 0x00, 0x00, 0x00, 0x00, 0xFF, 0xF6, 0x00, 0x00, 0x00,
  0x00, 0x00, 0x00, 0xFF, 0xF6, 0x00, 0x00, 0x00, 0x00, 0x00, 0x00, 0xFF, 0xF6, 0x00, 0x00, 0x00,
  0x00, 0x00, 0x00, 0xFF, 0xFF, 0xFF, 0xFF, 0xFF, 0xF8, 0x00, 0x00, 0xFF, 0xFF, 0xFF, 0xFF, 0xFF,
  0xF8, 0x00, 0x00, 0xFF, 0xFF, 0xFF, 0xFF, 0xFF, 0xF8, 0x00, 0x00, 0xFF, 0xF6, 0x00, 0x00, 0x00,
  0x00, 0x00, 0x00, 0xFF, 0xF6, 0x00, 0x00, 0x00, 0x00, 0x00, 0x00, 0xFF, 0xF6, 0x00, 0x00, 0x00,
  0x00, 0x00, 0x00, 0xFF, 0xF6, 0x00, 0x00, 0x00, 0x00, 0x00, 0x00, 0xFF, 0xF6, 0x00, 0x00, 0x00,
  0x00, 0x00, 0x00, 0xFF, 0xF6, 0x00, 0x00, 0x00, 0x00, 0x00, 0x00, 0xFF, 0xF6, 0x00, 0x00, 0x00,
  0x00, 0x00, 0x00, 0xFF, 0xF6, 0x00, 0x00, 0x00, 0x00, 0x00, 0x00, 0xFF, 0xF6, 0x00, 0x00, 0x00,
  0x00, 0x00, 0x00, 0x00, 0x00, 0x03, 0x8B, 0xEF, 0xED, 0xA6, 0x10, 0x00, 0x00, 0x00, 0x00, 0x03,
  0xBF, 0xFF, 0xFF, 0xFF, 0xFF, 0xE6, 0x00, 0x00, 0x00, 0x00, 0x6F, 0xFF, 0xFF, 0xFF, 0xFF, 0xFF,
  0xFF, 0xB1, 0x00, 0x00, 0x06, 0xFF, 0xFF, 0xC6, 0x31, 0x14, 0x9F, 0xFF, 0xFB, 0x00, 0x00, 0x3F,
  0xFF, 0xE5, 0x00, 0x00, 0x00, 0x02, 0xCF, 0xFA, 0x10, 0x00, 0xCF, 0xFF, 0x30, 0x00, 0x00, 0x00,
  0x00, 0x1B, 0x50, 0x00, 0x04, 0xFF, 0xF7, 0x00, 0x00, 0x00, 0x00, 0x00, 0x00, 0x00, 0x00, 0x09,
  0xFF, 0xE1, 0x00, 0x00, 0x00, 0x00, 0x00, 0x00, 0x00, 0x00, 0x0C, 0xFF, 0xA0, 0x00, 0x00, 0x00,
  0x00, 0x00, 0x00, 0x00, 0x00, 0x0E, 0xFF, 0x80, 0x00, 0x00, 0x00, 0x00, 0x00, 0x00, 0x00, 0x00,
  0x0F, 0xFF, 0x60, 0x00, 0x00, 0x00, 0x0F, 0xFF, 0xFF, 0xFF, 0xF6, 0x0E, 0xFF, 0x80, 0x00, 0x00,
  0x00, 0x0F, 0xFF, 0xFF, 0xFF, 0xF6, 0x0C, 0xFF, 0xA0, 0x00, 0x00, 0x00, 0x0F, 0xFF, 0xFF, 0xFF,
  0xF6, 0x09, 0xFF, 0xE1, 0x00, 0x00, 0x00, 0x00, 0x00, 0x01, 0xFF, 0xF5, 0x04, 0xFF, 0xF7, 0x00,
  0x00, 0x00, 0x00, 0x00, 0x04, 0xFF, 0xF2, 0x00, 0xCF, 0xFF, 0x30, 0x00, 0x00, 0x00, 0x00, 0x0C,
  0xFF, 0xD0, 0x00, 0x3F, 0xFF, 0xE5, 0x00, 0x00, 0x00, 0x01, 0xAF, 0xFF, 0x60, 0x00, 0x06, 0xFF,
  0xFF, 0xC6, 0x31, 0x13, 0x7D, 0xFF, 0xFA, 0x00, 0x00, 0x00, 0x6F, 0xFF, 0xFF, 0xFF, 0xFF, 0xFF,
  0xFF, 0xC1, 0x00, 0x00, 0x00, 0x03, 0xBF, 0xFF, 0xFF, 0xFF, 0xFF, 0xF8, 0x00, 0x00, 0x00, 0x00,
  0x00, 0x03, 0x8B, 0xEF, 0xFE, 0xB7, 0x20, 0x00, 0x00, 0x00, 0xFF, 0xF6, 0x00, 0x00, 0x00, 0x00,
  0x00, 0xFF, 0xF6, 0x00, 0x00, 0xFF, 0xF6, 0x00, 0x00, 0x00, 0x00, 0x00, 0xFF, 0xF6, 0x00, 0x00,
  0xFF, 0xF6, 0x00, 0x00, 0x00, 0x00, 0x00, 0xFF, 0xF6, 0x00, 0x00, 0xFF, 0xF6, 0x00, 0x00, 0x00,
  0x00, 0x00, 0xFF, 0xF6, 0x00, 0x00, 0xFF, 0xF6, 0x00, 0x00, 0x00, 0x00, 0x00, 0xFF, 0xF6, 0x00,
  0x00, 0xFF, 0xF6, 0x00, 0x00, 0x00, 0x00, 0x00, 0xFF, 0xF6, 0x00, 0x00, 0xFF, 0xF6, 0x00, 0x00,
  0x00, 0x00, 0x00, 0xFF, 0xF6, 0x00, 0x00, 0xFF, 0xF6, 0x00, 0x00, 0x00, 0x00, 0x00, 0xFF, 0xF6,
  0x00, 0x00, 0xFF, 0xF6, 0x00, 0x00, 0x00, 0x00, 0x00, 0xFF, 0xF6, 0x00, 0x00, 0xFF, 0xFF, 0xFF,
  0xFF, 0xFF, 0xFF, 0xFF, 0xFF, 0xF6, 0x00, 0x00, 0xFF, 0xFF, 0xFF, 0xFF, 0xFF, 0xFF, 0xFF, 0xFF,
  0xF6, 0x00, 0x00, 0xFF, 0xFF, 0xFF, 0xFF, 0xFF, 0xFF, 0xFF, 0xFF, 0xF6, 0x00, 0x00, 0xFF, 0xF6,
  0x00, 0x00, 0x00, 0x00, 0x00, 0xFF, 0xF6, 0x00, 0x00, 0xFF, 0xF6, 0x00, 0x00, 0x00, 0x00, 0x00,
  0xFF, 0xF6, 0x00, 0x00, 0xFF, 0xF6, 0x00, 0x00, 0x00, 0x00, 0x00, 0xFF, 0xF6, 0x00, 0x00, 0xFF,
  0xF6, 0x00, 0x00, 0x00, 0x00, 0x00, 0xFF, 0xF6, 0x00, 0x00, 0xFF, 0xF6, 0x00, 0x00, 0x00, 0x00,
  0x00, 0xFF, 0xF6, 0x00, 0x00, 0xFF, 0xF6, 0x00, 0x00, 0x00, 0x00, 0x00, 0xFF, 0xF6, 0x00, 0x00,
  0xFF, 0xF6, 0x00, 0x00, 0x00, 0x00, 0x00, 0xFF, 0xF6, 0x00, 0x00, 0xFF, 0xF6, 0x00, 0x00, 0x00,
  0x00, 0x00, 0xFF, 0xF6, 0x00, 0x00, 0xFF, 0xF6, 0x00, 0x00, 0x00, 0x00, 0x00, 0xFF, 0xF6, 0x00,
  0x00, 0xFF, 0xF6, 0x00, 0x00, 0xFF, 0xF6, 0x00, 0x00, 0xFF, 0xF6, 0x00, 0x00, 0xFF, 0xF6, 0x00,
  0x00, 0xFF, 0xF6, 0x00, 0x00, 0xFF, 0xF6, 0x00, 0x00, 0xFF, 0xF6, 0x00, 0x00, 0xFF, 0xF6, 0x00,
  0x00, 0xFF, 0xF6, 0x00, 0x00, 0xFF, 0xF6, 0x00, 0x00, 0xFF, 0xF6, 0x00, 0x00, 0xFF, 0xF6, 0x00,
  0x00, 0xFF, 0xF6, 0x00, 0x00, 0xFF, 0xF6, 0x00, 0x00, 0xFF, 0xF6, 0x00, 0x00, 0xFF, 0xF6, 0x00,
  0x00, 0xFF, 0xF6, 0x00, 0x00, 0xFF, 0xF6, 0x00, 0x00, 0xFF, 0xF6, 0x00, 0x00, 0xFF, 0xF6, 0x00,
  0x00, 0xFF, 0xF6, 0x00, 0x00, 0x00, 0x00, 0x00, 0x00, 0x0F, 0xFF, 0x60, 0x00, 0x00, 0x00, 0x00,
  0x00, 0x00, 0xFF, 0xF6, 0x00, 0x00, 0x00, 0x00, 0x00, 0x00, 0x0F, 0xFF, 0x60, 0x00, 0x00, 0x00,
  0x00, 0x00, 0x00, 0xFF, 0xF6, 0x00, 0x00, 0x00, 0x00, 0x00, 0x00, 0x0F, 0xFF, 0x60, 0x00, 0x00,
  0x00, 0x00, 0x00, 0x00, 0xFF, 0xF6, 0x00, 0x00, 0x00, 0x00, 0x00, 0x00, 0x0F, 0xFF, 0x60, 0x00,
  0x00, 0x00, 0x00, 0x00, 0x00, 0xFF, 0xF6, 0x00, 0x00, 0x00, 0x00, 0x00, 0x00, 0x0F, 0xFF, 0x60,
  0x00, 0x00, 0x00, 0x00, 0x00, 0x00, 0xFF, 0xF6, 0x00, 0x00, 0x00, 0x00, 0x00, 0x00, 0x0F, 0xFF,
  0x60, 0x00, 0x00, 0x00, 0x00, 0x00, 0x00, 0xFF, 0xF6, 0x00, 0x00, 0x00, 0x00, 0x00, 0x00, 0x0F,
  0xFF, 0x60, 0x00, 0x00, 0x00, 0x00, 0x00, 0x00, 0xFF, 0xF6, 0x00, 0x00, 0x00, 0x00, 0x00, 0x00,
  0x2F, 0xFF, 0x60, 0x00, 0x03, 0x70, 0x00, 0x00, 0x06, 0xFF, 0xF4, 0x00, 0x1B, 0xFF, 0x50, 0x00,
  0x01, 0xDF, 0xFF, 0x10, 0x00, 0xCF, 0xFF, 0x72, 0x15, 0xDF, 0xFF, 0x90, 0x00, 0x03, 0xFF, 0xFF,
  0xFF, 0xFF, 0xFF, 0xD1, 0x00, 0x00, 0x04, 0xEF, 0xFF, 0xFF, 0xFF, 0xC2, 0x00, 0x00, 0x00, 0x02,
  0x8D, 0xEF, 0xDA, 0x50, 0x00, 0x00, 0x00, 0x00, 0xFF, 0xF6, 0x00, 0x00, 0x00, 0x0A, 0xFF, 0xFB,
  0x00, 0x0F, 0xFF, 0x60, 0x00, 0x00, 0x0A, 0xFF, 0xFC, 0x10, 0x00, 0xFF, 0xF6, 0x00, 0x00, 0x09,
  0xFF, 0xFC, 0x10, 0x00, 0x0F, 0xFF, 0x60, 0x00, 0x08, 0xFF, 0xFD, 0x10, 0x00, 0x00, 0xFF, 0xF6,
  0x00, 0x07, 0xFF, 0xFD, 0x20, 0x00, 0x00, 0x0F, 0xFF, 0x60, 0x07, 0xFF, 0xFD, 0x20, 0x00, 0x00,
  0x00, 0xFF, 0xF6, 0x06, 0xFF, 0xFE, 0x20, 0x00, 0x00, 0x00, 0x0F, 0xFF, 0x65, 0xFF, 0xFE, 0x30,
  0x00, 0x00, 0x00, 0x00, 0xFF, 0xFA, 0xFF, 0xFE, 0x40, 0x00, 0x00, 0x00, 0x00, 0x0F, 0xFF, 0xFF,
  0xFF, 0x80, 0x00, 0x00, 0x00, 0x00, 0x00, 0xFF, 0xFF, 0xFF, 0xFE, 0x30, 0x00, 0x00, 0x00, 0x00,
  0x0F, 0xFF, 0xFF, 0xFF, 0xFD, 0x10, 0x00, 0x00, 0x00, 0x00, 0xFF, 0xFF, 0x77, 0xFF, 0xFB, 0x00,
  0x00, 0x00, 0x00, 0x0F, 0xFF, 0x90, 0x0A, 0xFF, 0xF8, 0x00, 0x00, 0x00, 0x00, 0xFF, 0xF6, 0x00,
  0x1D, 0xFF, 0xF5, 0x00, 0x00, 0x00, 0x0F, 0xFF, 0x60, 0x00, 0x2E, 0xFF, 0xE3, 0x00, 0x00, 0x00,
  0xFF, 0xF6, 0x00, 0x00, 0x5F, 0xFF, 0xD1, 0x00, 0x00, 0x0F, 0xFF, 0x60, 0x00, 0x00, 0x7F, 0xFF,
  0xB0, 0x00, 0x00, 0xFF, 0xF6, 0x00, 0x00, 0x00, 0xAF, 0xFF, 0x90, 0x00, 0x0F, 0xFF, 0x60, 0x00,
  0x00, 0x01, 0xDF, 0xFF, 0x60, 0x00, 0xFF, 0xF6, 0x00, 0x00, 0x00, 0x02, 0xEF, 0xFF, 0x30, 0x00,
  0xFF, 0xF6, 0x00, 0x00, 0x00, 0x00, 0x00, 0x00, 0xFF, 0xF6, 0x00, 0x00, 0x00, 0x00, 0x00, 0x00,
  0xFF, 0xF6, 0x00, 0x00, 0x00, 0x00, 0x00, 0x00, 0xFF, 0xF6, 0x00, 0x00, 0x00, 0x00, 0x00, 0x00,
  0xFF, 0xF6, 0x00, 0x00, 0x00, 0x00, 0x00, 0x00, 0xFF, 0xF6, 0x00, 0x00, 0x00, 0x00, 0x00, 0x00,
  0xFF, 0xF6, 0x00, 0x00, 0x00, 0x00, 0x00, 0x00, 0xFF, 0xF6, 0x00, 0x00, 0x00, 0x00, 0x00, 0x00,
  0xFF, 0xF6, 0x00, 0x00, 0x00, 0x00, 0x00, 0x00, 0xFF, 0xF6, 0x00, 0x00, 0x00, 0x00, 0x00, 0x00,
  0xFF, 0xF6, 0x00, 0x00, 0x00, 0x00, 0x00, 0x00, 0xFF, 0xF6, 0x00, 0x00, 0x00, 0x00, 0x00, 0x00,
  0xFF, 0xF6, 0x00, 0x00, 0x00, 0x00, 0x00, 0x00, 0xFF, 0xF6, 0x00, 0x00, 0x00, 0x00, 0x00, 0x00,
  0xFF, 0xF6, 0x00, 0x00, 0x00, 0x00, 0x00, 0x00, 0xFF, 0xF6, 0x00, 0x00, 0x00, 0x00, 0x00, 0x00,
  0xFF, 0xF6, 0x00, 0x00, 0x00, 0x00, 0x00, 0x00, 0xFF, 0xF6, 0x00, 0x00, 0x00, 0x00, 0x00, 0x00,
  0xFF, 0xFF, 0xFF, 0xFF, 0xFF, 0xFF, 0xF0, 0x00, 0xFF, 0xFF, 0xFF, 0xFF, 0xFF, 0xFF, 0xF0, 0x00,
  0xFF, 0xFF, 0xFF, 0xFF, 0xFF, 0xFF, 0xF0, 0x00, 0xFF, 0xFD, 0x10, 0x00, 0x00, 0x00, 0x00, 0x00,
  0x9F, 0xFF, 0x60, 0x00, 0x0F, 0xFF, 0xFA, 0x00, 0x00, 0x00, 0x00, 0x00, 0x4F, 0xFF, 0xF6, 0x00,
  0x00, 0xFF, 0xFF, 0xF5, 0x00, 0x00, 0x00, 0x00, 0x1D, 0xFF, 0xFF, 0x60, 0x00, 0x0F, 0xFF, 0xFF,
  0xE1, 0x00, 0x00, 0x00, 0x09, 0xFF, 0xFF, 0xF6, 0x00, 0x00, 0xFF, 0xFF, 0xFF, 0xA0, 0x00, 0x00,
  0x04, 0xFF, 0xFF, 0xFF, 0x60, 0x00, 0x0F, 0xFF, 0xEF, 0xFF, 0x50, 0x00, 0x01, 0xDF, 0xFE, 0xFF,
  0xF6, 0x00, 0x00, 0xFF, 0xF7, 0xDF, 0xFE, 0x10, 0x00, 0xAF, 0xFF, 0x5F, 0xFF, 0x60, 0x00, 0x0F,
  0xFF, 0x64, 0xFF, 0xFA, 0x00, 0x5F, 0xFF, 0xA0, 0xFF, 0xF6, 0x00, 0x00, 0xFF, 0xF6, 0x09, 0xFF,
  0xF6, 0x1E, 0xFF, 0xE1, 0x0F, 0xFF, 0x60, 0x00, 0x0F, 0xFF, 0x60, 0x1D, 0xFF, 0xEB, 0xFF, 0xF4,
  0x00, 0xFF, 0xF6, 0x00, 0x00, 0xFF, 0xF6, 0x00, 0x4F, 0xFF, 0xFF, 0xF9, 0x00, 0x0F, 0xFF, 0x60,
  0x00, 0x0F, 0xFF, 0x60, 0x00, 0x9F, 0xFF, 0xFD, 0x10, 0x00, 0xFF, 0xF6, 0x00, 0x00, 0xFF, 0xF6,
  0x00, 0x01, 0xDF, 0xFF, 0x40, 0x00, 0x0F, 0xFF, 0x60, 0x00, 0x0F, 0xFF, 0x60, 0x00, 0x04, 0xFF,
  0x90, 0x00, 0x00, 0xFF, 0xF6, 0x00, 0x00, 0xFF, 0xF6, 0x00, 0x00, 0x08, 0xD1, 0x00, 0x00, 0x0F,
  0xFF, 0x60, 0x00, 0x0F, 0xFF, 0x60, 0x00, 0x00, 0x03, 0x00, 0x00, 0x00, 0xFF, 0xF6, 0x00, 0x00,
  0xFF, 0xF6, 0x00, 0x00, 0x00, 0x00, 0x00, 0x00, 0x0F, 0xFF, 0x60, 0x00, 0x0F, 0xFF, 0x60, 0x00,
  0x00, 0x00, 0x00, 0x00, 0x00, 0xFF, 0xF6, 0x00, 0x00, 0xFF, 0xF6, 0x00, 0x00, 0x00, 0x00, 0x00,
  0x00, 0x0F, 0xFF, 0x60, 0x00, 0x0F, 0xFF, 0x60, 0x00, 0x00, 0x00, 0x00, 0x00, 0x00, 0xFF, 0xF6,
  0x00, 0x00, 0xFF, 0xF6, 0x00, 0x00, 0x00, 0x00, 0x00, 0x00, 0x0F, 0xFF, 0x60, 0x00, 0x00, 0xFF,
  0xFD, 0x10, 0x00, 0x00, 0x00, 0x00, 0x0F, 0xFF, 0x60, 0x00, 0x0F, 0xFF, 0xFA, 0x00, 0x00, 0x00,
  0x00, 0x00, 0xFF, 0xF6, 0x00, 0x00, 0xFF, 0xFF, 0xF6, 0x00, 0x00, 0x00, 0x00, 0x0F, 0xFF, 0x60,
  0x00, 0x0F, 0xFF, 0xFF, 0xF3, 0x00, 0x00, 0x00, 0x00, 0xFF, 0xF6, 0x00, 0x00, 0xFF, 0xFF, 0xFF,
  0xD1, 0x00, 0x00, 0x00, 0x0F, 0xFF, 0x60, 0x00, 0x0F, 0xFF, 0xEF, 0xFF, 0xA0, 0x00, 0x00, 0x00,
  0xFF, 0xF6, 0x00, 0x00, 0xFF, 0xF7, 0xDF, 0xFF, 0x60, 0x00, 0x00, 0x0F, 0xFF, 0x60, 0x00, 0x0F,
  0xFF, 0x63, 0xFF, 0xFF, 0x30, 0x00, 0x00, 0xFF, 0xF6, 0x00, 0x00, 0xFF, 0xF6, 0x07, 0xFF, 0xFD,
  0x10, 0x00, 0x0F, 0xFF, 0x60, 0x00, 0x0F, 0xFF, 0x60, 0x0A, 0xFF, 0xFA, 0x00, 0x00, 0xFF, 0xF6,
  0x00, 0x00, 0xFF, 0xF6, 0x00, 0x1D, 0xFF, 0xF7, 0x00, 0x0F, 0xFF, 0x60, 0x00, 0x0F, 0xFF, 0x60,
  0x00, 0x3F, 0xFF, 0xF3, 0x00, 0xFF, 0xF6, 0x00, 0x00, 0xFF, 0xF6, 0x00, 0x00, 0x6F, 0xFF, 0xD1,
  0x0F, 0xFF, 0x60, 0x00, 0x0F, 0xFF, 0x60, 0x00, 0x00, 0xAF, 0xFF, 0xB0, 0xFF, 0xF6, 0x00, 0x00,
  0xFF, 0xF6, 0x00, 0x00, 0x01, 0xDF, 0xFF, 0x7F, 0xFF, 0x60, 0x00, 0x0F, 0xFF, 0x60, 0x00, 0x00,
  0x03, 0xFF, 0xFF, 0xFF, 0xF6, 0x00, 0x00, 0xFF, 0xF6, 0x00, 0x00, 0x00, 0x06, 0xFF, 0xFF, 0xFF,
  0x60, 0x00, 0x0F, 0xFF, 0x60, 0x00, 0x00, 0x00, 0x0A, 0xFF, 0xFF, 0xF6, 0x00, 0x00, 0xFF, 0xF6,
  0x00, 0x00, 0x00, 0x00, 0x1D, 0xFF, 0xFF, 0x60, 0x00, 0x0F, 0xFF, 0x60, 0x00, 0x00, 0x00, 0x00,
  0x3E, 0xFF, 0xF6, 0x00, 0x00, 0xFF, 0xF6, 0x00, 0x00, 0x00, 0x00, 0x00, 0x6F, 0xFF, 0x60, 0x00,
  0x00, 0x00, 0x00, 0x05, 0x9C, 0xEF, 0xEC, 0x95, 0x00, 0x00, 0x00, 0x00, 0x00, 0x00, 0x4D, 0xFF,
  0xFF, 0xFF, 0xFF, 0xFD, 0x50, 0x00, 0x00, 0x00, 0x00, 0x8F, 0xFF, 0xFF, 0xFF, 0xFF, 0xFF, 0xFF,
  0x80, 0x00, 0x00, 0x00, 0x8F, 0xFF, 0xFA, 0x52, 0x12, 0x4A, 0xFF, 0xFF, 0x80, 0x00, 0x00, 0x4F,
  0xFF, 0xE4, 0x00, 0x00, 0x00, 0x04, 0xEF, 0xFF, 0x50, 0x00, 0x0D, 0xFF, 0xE2, 0x00, 0x00, 0x00,
  0x00, 0x02, 0xEF, 0xFD, 0x00, 0x04, 0xFF, 0xF6, 0x00, 0x00, 0x00, 0x00, 0x00, 0x06, 0xFF, 0xF5,
  0x00, 0x9F, 0xFE, 0x00, 0x00, 0x00, 0x00, 0x00, 0x00, 0x0E, 0xFF, 0x90, 0x0C, 0xFF, 0x90, 0x00,
  0x00, 0x00, 0x00, 0x00, 0x00, 0xAF, 0xFC, 0x00, 0xEF, 0xF7, 0x00, 0x00, 0x00, 0x00, 0x00, 0x00,
  0x08, 0xFF, 0xE0, 0x0F, 0xFF, 0x60, 0x00, 0x00, 0x00, 0x00, 0x00, 0x00, 0x6F, 0xFF, 0x00, 0xEF,
  0xF8, 0x00, 0x00, 0x00, 0x00, 0x00, 0x00, 0x08, 0xFF, 0xE0, 0x0C, 0xFF, 0xA0, 0x00, 0x00, 0x00,
  0x00, 0x00, 0x00, 0xAF, 0xFC, 0x00, 0x9F, 0xFE, 0x10, 0x00, 0x00, 0x00, 0x00, 0x00, 0x0E, 0xFF,
  0x90, 0x05, 0xFF, 0xF7, 0x00, 0x00, 0x00, 0x00, 0x00, 0x06, 0xFF, 0xF5, 0x00, 0x0D, 0xFF, 0xF3,
  0x00, 0x00, 0x00, 0x00, 0x02, 0xEF, 0xFD, 0x00, 0x00, 0x4F, 0xFF, 0xE4, 0x00, 0x00, 0x00, 0x03,
  0xEF, 0xFF, 0x50, 0x00, 0x00, 0x8F, 0xFF, 0xFB, 0x52, 0x12, 0x4A, 0xFF, 0xFF, 0x90, 0x00, 0x00,
  0x00, 0x8F, 0xFF, 0xFF, 0xFF, 0xFF, 0xFF, 0xFF, 0x90, 0x00, 0x00, 0x00, 0x00, 0x4D, 0xFF, 0xFF,
  0xFF, 0xFF, 0xFD, 0x50, 0x00, 0x00, 0x00, 0x00, 0x00, 0x04, 0x9C, 0xEF, 0xED, 0xA5, 0x00, 0x00,
  0x00, 0x00, 0x00, 0xFF, 0xFF, 0xFF, 0xFF, 0xDA, 0x40, 0x00, 0x00, 0x0F, 0xFF, 0xFF, 0xFF, 0xFF,
  0xFF, 0xB1, 0x00, 0x00, 0xFF, 0xFF, 0xFF, 0xFF, 0xFF, 0xFF, 0xC0, 0x00, 0x0F, 0xFF, 0x60, 0x00,
  0x14, 0xBF, 0xFF, 0x80, 0x00, 0xFF, 0xF6, 0x00, 0x00, 0x00, 0xCF, 0xFE, 0x00, 0x0F, 0xFF, 0x60,
  0x00, 0x00, 0x04, 0xFF, 0xF3, 0x00, 0xFF, 0xF6, 0x00, 0x00, 0x00, 0x1F, 0xFF, 0x50, 0x0F, 0xFF,
  0x60, 0x00, 0x00, 0x01, 0xFF, 0xF5, 0x00, 0xFF, 0xF6, 0x00, 0x00, 0x00, 0x4F, 0xFF, 0x30, 0x0F,
  0xFF, 0x60, 0x00, 0x00, 0x0B, 0xFF, 0xE0, 0x00, 0xFF, 0xF6, 0x00, 0x00, 0x2A, 0xFF, 0xF8, 0x00,
  0x0F, 0xFF, 0xFF, 0xFF, 0xFF, 0xFF, 0xFD, 0x10, 0x00, 0xFF, 0xFF, 0xFF, 0xFF, 0xFF, 0xFC, 0x20,
  0x00, 0x0F, 0xFF, 0xFF, 0xFF, 0xFE, 0xB6, 0x00, 0x00, 0x00, 0xFF, 0xF6, 0x00, 0x00, 0x00, 0x00,
  0x00, 0x00, 0x0F, 0xFF, 0x60, 0x00, 0x00, 0x00, 0x00, 0x00, 0x00, 0xFF, 0xF6, 0x00, 0x00, 0x00,
  0x00, 0x00, 0x00, 0x0F, 0xFF, 0x60, 0x00, 0x00, 0x00, 0x00, 0x00, 0x00, 0xFF, 0xF6, 0x00, 0x00,
  0x00, 0x00, 0x00, 0x00, 0x0F, 0xFF, 0x60, 0x00, 0x00, 0x00, 0x00, 0x00, 0x00, 0xFF, 0xF6, 0x00,
  0x00, 0x00, 0x00, 0x00, 0x00, 0x00, 0x00, 0x00, 0x04, 0x9C, 0xEF, 0xEC, 0x95, 0x00, 0x00, 0x00,
  0x00, 0x00, 0x00, 0x4C, 0xFF, 0xFF, 0xFF, 0xFF, 0xFD, 0x40, 0x00, 0x00, 0x00, 0x00, 0x8F, 0xFF,
  0xFF, 0xFF, 0xFF, 0xFF, 0xFF, 0x80, 0x00, 0x00, 0x00, 0x8F, 0xFF, 0xFB, 0x52, 0x12, 0x5A, 0xFF,
  0xFF, 0x80, 0x00, 0x00, 0x4F, 0xFF, 0xE4, 0x00, 0x00, 0x00, 0x04, 0xEF, 0xFF, 0x40, 0x00, 0x0C,
  0xFF, 0xE3, 0x00, 0x00, 0x00, 0x00, 0x02, 0xEF, 0xFD, 0x00, 0x04, 0xFF, 0xF6, 0x00, 0x00, 0x00,
  0x00, 0x00, 0x06, 0xFF, 0xF4, 0x00, 0x9F, 0xFE, 0x10, 0x00, 0x00, 0x00, 0x00, 0x00, 0x0E, 0xFF,
  0x90, 0x0C, 0xFF, 0xA0, 0x00, 0x00, 0x00, 0x00, 0x00, 0x00, 0xAF, 0xFC, 0x00, 0xEF, 0xF8, 0x00,
  0x00, 0x00, 0x00, 0x00, 0x00, 0x08, 0xFF, 0xE0, 0x0F, 0xFF, 0x60, 0x00, 0x00, 0x00, 0x00, 0x00,
  0x00, 0x6F, 0xFF, 0x00, 0xEF, 0xF8, 0x00, 0x00, 0x00, 0x00, 0x00, 0x00, 0x07, 0xFF, 0xE0, 0x0C,
  0xFF, 0xA0, 0x00, 0x00, 0x00, 0x01, 0x70, 0x00, 0xAF, 0xFD, 0x00, 0x9F, 0xFE, 0x10, 0x00, 0x00,
  0x01, 0xCF, 0x90, 0x0E, 0xFF, 0x90, 0x05, 0xFF, 0xF6, 0x00, 0x00, 0x00, 0x9F, 0xFF, 0x96, 0xFF,
  0xF5, 0x00, 0x0D, 0xFF, 0xF3, 0x00, 0x00, 0x00, 0xBF, 0xFF, 0xFF, 0xFE, 0x00, 0x00, 0x4F, 0xFF,
  0xE4, 0x00, 0x00, 0x00, 0xAF, 0xFF, 0xFF, 0x60, 0x00, 0x00, 0x8F, 0xFF, 0xFB, 0x52, 0x12, 0x5C,
  0xFF, 0xFF, 0xD0, 0x00, 0x00, 0x00, 0x8F, 0xFF, 0xFF, 0xFF, 0xFF, 0xFF, 0xFF, 0xFF, 0xA0, 0x00,
  0x00, 0x00, 0x4D, 0xFF, 0xFF, 0xFF, 0xFF, 0xFD, 0xBF, 0xFF, 0x90, 0x00, 0x00, 0x00, 0x04, 0x9C,
  0xEF, 0xED, 0xA5, 0x00, 0x9F, 0xE3, 0x00, 0x00, 0x00, 0x00, 0x00, 0x00, 0x00, 0x00, 0x00, 0x00,
  0x93, 0x00, 0x00, 0xFF, 0xFF, 0xFF, 0xFF, 0xDA, 0x50, 0x00, 0x00, 0x00, 0xFF, 0xFF, 0xFF, 0xFF,
  0xFF, 0xFC, 0x20, 0x00, 0x00, 0xFF, 0xFF, 0xFF, 0xFF, 0xFF, 0xFF, 0xD1, 0x00, 0x00, 0xFF, 0xF6,
  0x00, 0x01, 0x4B, 0xFF, 0xFA, 0x00, 0x00, 0xFF, 0xF6, 0x00, 0x00, 0x00, 0xAF, 0xFF, 0x10, 0x00,
  0xFF, 0xF6, 0x00, 0x00, 0x00, 0x2F, 0xFF, 0x40, 0x00, 0xFF, 0xF6, 0x00, 0x00, 0x00, 0x0F, 0xFF,
  0x50, 0x00, 0xFF, 0xF6, 0x00, 0x00, 0x00, 0x3F, 0xFF, 0x40, 0x00, 0xFF, 0xF6, 0x00, 0x00, 0x00,
  0xAF, 0xFF, 0x10, 0x00, 0xFF, 0xF6, 0x00, 0x00, 0x3A, 0xFF, 0xFA, 0x00, 0x00, 0xFF, 0xFF, 0xFF,
  0xFF, 0xFF, 0xFF, 0xD1, 0x00, 0x00, 0xFF, 0xFF, 0xFF, 0xFF, 0xFF, 0xFB, 0x20, 0x00, 0x00, 0xFF,
  0xFF, 0xFF, 0xFF, 0xFF, 0xA0, 0x00, 0x00, 0x00, 0xFF, 0xF6, 0x00, 0x0B, 0xFF, 0xE2, 0x00, 0x00,
  0x00, 0xFF, 0xF6, 0x00, 0x03, 0xFF, 0xF9, 0x00, 0x00, 0x00, 0xFF, 0xF6, 0x00, 0x00, 0x9F, 0xFF,
  0x30, 0x00, 0x00, 0xFF, 0xF6, 0x00, 0x00, 0x1E, 0xFF, 0xB0, 0x00, 0x00, 0xFF, 0xF6, 0x00, 0x00,
  0x07, 0xFF, 0xF4, 0x00, 0x00, 0xFF, 0xF6, 0x00, 0x00, 0x01, 0xDF, 0xFC, 0x00, 0x00, 0xFF, 0xF6,
  0x00, 0x00, 0x00, 0x6F, 0xFF, 0x60, 0x00, 0xFF, 0xF6, 0x00, 0x00, 0x00, 0x0C, 0xFF, 0xE1, 0x00,
  0x00, 0x05, 0xAD, 0xEF, 0xEC, 0x82, 0x00, 0x00, 0x00, 0x02, 0xCF, 0xFF, 0xFF, 0xFF, 0xFF, 0x80,
  0x00, 0x00, 0x1D, 0xFF, 0xFF, 0xFF, 0xFF, 0xFF, 0xFA, 0x00, 0x00, 0x8F, 0xFF, 0xC5, 0x21, 0x27,
  0xEF, 0xFF, 0x60, 0x00, 0xCF, 0xFC, 0x00, 0x00, 0x00, 0x2D, 0xFF, 0xA0, 0x00, 0xEF, 0xF7, 0x00,
  0x00, 0x00, 0x04, 0x72, 0x00, 0x00, 0xEF, 0xF7, 0x00, 0x00, 0x00, 0x00, 0x00, 0x00, 0x00, 0xBF,
  0xFE, 0x20, 0x00, 0x00, 0x00, 0x00, 0x00, 0x00, 0x5F, 0xFF, 0xF9, 0x51, 0x00, 0x00, 0x00, 0x00,
  0x00, 0x08, 0xFF, 0xFF, 0xFF, 0xD9, 0x40, 0x00, 0x00, 0x00, 0x00, 0x5C, 0xFF, 0xFF, 0xFF, 0xFC,
  0x30, 0x00, 0x00, 0x00, 0x00, 0x38, 0xCF, 0xFF, 0xFF, 0xF5, 0x00, 0x00, 0x00, 0x00, 0x00, 0x00,
  0x4A, 0xFF, 0xFF, 0x30, 0x00, 0x00, 0x00, 0x00, 0x00, 0x00, 0x4E, 0xFF, 0xA0, 0x00, 0x00, 0x00,
  0x00, 0x00, 0x00, 0x08, 0xFF, 0xE0, 0x00, 0x16, 0x80, 0x00, 0x00, 0x00, 0x07, 0xFF, 0xE0, 0x07,
  0xFF, 0xF7, 0x00, 0x00, 0x00, 0x1C, 0xFF, 0xC0, 0x02, 0xFF, 0xFF, 0xB4, 0x11, 0x26, 0xDF, 0xFF,
  0x60, 0x00, 0x5F, 0xFF, 0xFF, 0xFF, 0xFF, 0xFF, 0xFC, 0x10, 0x00, 0x03, 0xDF, 0xFF, 0xFF, 0xFF,
  0xFF, 0xA1, 0x00, 0x00, 0x00, 0x05, 0xAD, 0xEF, 0xEC, 0x83, 0x00, 0x00, 0x0F, 0xFF, 0xFF, 0xFF,
  0xFF, 0xFF, 0xFF, 0xFF, 0xF0, 0x0F, 0xFF, 0xFF, 0xFF, 0xFF, 0xFF, 0xFF, 0xFF, 0xF0, 0x0F, 0xFF,
  0xFF, 0xFF, 0xFF, 0xFF, 0xFF, 0xFF, 0xF0, 0x00, 0x00, 0x00, 0x06, 0xFF, 0xF0, 0x00, 0x00, 0x00,
  0x00, 0x00, 0x00, 0x06, 0xFF, 0xF0, 0x00, 0x00, 0x00, 0x00, 0x00, 0x00, 0x06, 0xFF, 0xF0, 0x00,
  0x00, 0x00, 0x00, 0x00, 0x00, 0x06, 0xFF, 0xF0, 0x00, 0x00, 0x00, 0x00, 0x00, 0x00, 0x06, 0xFF,
  0xF0, 0x00, 0x00, 0x00, 0x00, 0x00, 0x00, 0x06, 0xFF, 0xF0, 0x00, 0x00, 0x00, 0x00, 0x00, 0x00,
  0x06, 0xFF, 0xF0, 0x00, 0x00, 0x00, 0x00, 0x00, 0x00, 0x06, 0xFF, 0xF0, 0x00, 0x00, 0x00, 0x00,
  0x00, 0x00, 0x06, 0xFF, 0xF0, 0x00, 0x00, 0x00, 0x00, 0x00, 0x00, 0x06, 0xFF, 0xF0, 0x00, 0x00,
  0x00, 0x00, 0x00, 0x00, 0x06, 0xFF, 0xF0, 0x00, 0x00, 0x00, 0x00, 0x00, 0x00, 0x06, 0xFF, 0xF0,
  0x00, 0x00, 0x00, 0x00, 0x00, 0x00, 0x06, 0xFF, 0xF0, 0x00, 0x00, 0x00, 0x00, 0x00, 0x00, 0x06,
  0xFF, 0xF0, 0x00, 0x00, 0x00, 0x00, 0x00, 0x00, 0x06, 0xFF, 0xF0, 0x00, 0x00, 0x00, 0x00, 0x00,
  0x00, 0x06, 0xFF, 0xF0, 0x00, 0x00, 0x00, 0x00, 0x00, 0x00, 0x06, 0xFF, 0xF0, 0x00, 0x00, 0x00,
  0x00, 0x00, 0x00, 0x06, 0xFF, 0xF0, 0x00, 0x00, 0x00, 0x00, 0xFF, 0xF6, 0x00, 0x00, 0x00, 0x00,
  0x06, 0xFF, 0xF0, 0x00, 0x0F, 0xFF, 0x60, 0x00, 0x00, 0x00, 0x00, 0x6F, 0xFF, 0x00, 0x00, 0xFF,
  0xF6, 0x00, 0x00, 0x00, 0x00, 0x06, 0xFF, 0xF0, 0x00, 0x0F, 0xFF, 0x60, 0x00, 0x00, 0x00, 0x00,
  0x6F, 0xFF, 0x00, 0x00, 0xFF, 0xF6, 0x00, 0x00, 0x00, 0x00, 0x06, 0xFF, 0xF0, 0x00, 0x0F, 0xFF,
  0x60, 0x00, 0x00, 0x00, 0x00, 0x6F, 0xFF, 0x00, 0x00, 0xFF, 0xF6, 0x00, 0x00, 0x00, 0x00, 0x06,
  0xFF, 0xF0, 0x00, 0x0F, 0xFF, 0x60, 0x00, 0x00, 0x00, 0x00, 0x6F, 0xFF, 0x00, 0x00, 0xFF, 0xF6,
  0x00, 0x00, 0x00, 0x00, 0x06, 0xFF, 0xF0, 0x00, 0x0F, 0xFF, 0x60, 0x00, 0x00, 0x00, 0x00, 0x6F,
  0xFF, 0x00, 0x00, 0xFF, 0xF6, 0x00, 0x00, 0x00, 0x00, 0x06, 0xFF, 0xF0, 0x00, 0x0F, 0xFF, 0x60,
  0x00, 0x00, 0x00, 0x00, 0x6F, 0xFF, 0x00, 0x00, 0xFF, 0xF6, 0x00, 0x00, 0x00, 0x00, 0x06, 0xFF,
  0xF0, 0x00, 0x0F, 0xFF, 0x60, 0x00, 0x00, 0x00, 0x00, 0x6F, 0xFF, 0x00, 0x00, 0xDF, 0xF9, 0x00,
  0x00, 0x00, 0x00, 0x09, 0xFF, 0xD0, 0x00, 0x0A, 0xFF, 0xE1, 0x00, 0x00, 0x00, 0x01, 0xEF, 0xFA,
  0x00, 0x00, 0x5F, 0xFF, 0xA0, 0x00, 0x00, 0x00, 0xAF, 0xFF, 0x50, 0x00, 0x00, 0xBF, 0xFF, 0xC6,
  0x21, 0x26, 0xCF, 0xFF, 0xB0, 0x00, 0x00, 0x01, 0xDF, 0xFF, 0xFF, 0xFF, 0xFF, 0xFF, 0xD1, 0x00,
  0x00, 0x00, 0x01, 0xAF, 0xFF, 0xFF, 0xFF, 0xFF, 0xA1, 0x00, 0x00, 0x00, 0x00, 0x00, 0x38, 0xCE,
  0xFD, 0xC8, 0x30, 0x00, 0x00, 0x00, 0x8F, 0xFF, 0x20, 0x00, 0x00, 0x00, 0x00, 0x00, 0x0D, 0xFF,
  0xD0, 0x2F, 0xFF, 0x80, 0x00, 0x00, 0x00, 0x00, 0x00, 0x4F, 0xFF, 0x70, 0x0B, 0xFF, 0xE0, 0x00,
  0x00, 0x00, 0x00, 0x00, 0xAF, 0xFF, 0x10, 0x05, 0xFF, 0xF5, 0x00, 0x00, 0x00, 0x00, 0x01, 0xFF,
  0xFA, 0x00, 0x00, 0xDF, 0xFB, 0x00, 0x00, 0x00, 0x00, 0x07, 0xFF, 0xF4, 0x00, 0x00, 0x8F, 0xFF,
  0x20, 0x00, 0x00, 0x00, 0x0C, 0xFF, 0xD0, 0x00, 0x00, 0x2F, 0xFF, 0x80, 0x00, 0x00, 0x00, 0x3F,
  0xFF, 0x60, 0x00, 0x00, 0x0B, 0xFF, 0xE0, 0x00, 0x00, 0x00, 0x9F, 0xFE, 0x10, 0x00, 0x00, 0x04,
  0xFF, 0xF5, 0x00, 0x00, 0x01, 0xEF, 0xF9, 0x00, 0x00, 0x00, 0x00, 0xDF, 0xFB, 0x00, 0x00, 0x06,
  0xFF, 0xF3, 0x00, 0x00, 0x00, 0x00, 0x7F, 0xFF, 0x20, 0x00, 0x0C, 0xFF, 0xC0, 0x00, 0x00, 0x00,
  0x00, 0x1F, 0xFF, 0x80, 0x00, 0x3F, 0xFF, 0x60, 0x00, 0x00, 0x00, 0x00, 0x0A, 0xFF, 0xD0, 0x00,
  0x9F, 0xFE, 0x10, 0x00, 0x00, 0x00, 0x00, 0x04, 0xFF, 0xF4, 0x01, 0xEF, 0xF9, 0x00, 0x00, 0x00,
  0x00, 0x00, 0x00, 0xDF, 0xFA, 0x06, 0xFF, 0xF3, 0x00, 0x00, 0x00, 0x00, 0x00, 0x00, 0x7F, 0xFF,
  0x2C, 0xFF, 0xC0, 0x00, 0x00, 0x00, 0x00, 0x00, 0x00, 0x1F, 0xFF, 0xAF, 0xFF, 0x60, 0x00, 0x00,
  0x00, 0x00, 0x00, 0x00, 0x0A, 0xFF, 0xFF, 0xFE, 0x10, 0x00, 0x00, 0x00, 0x00, 0x00, 0x00, 0x04,
  0xFF, 0xFF, 0xF9, 0x00, 0x00, 0x00, 0x00, 0x00, 0x00, 0x00, 0x00, 0xDF, 0xFF, 0xF3, 0x00, 0x00,
  0x00, 0x00, 0x00, 0x00, 0x00, 0x00, 0x7F, 0xFF, 0xB0, 0x00, 0x00, 0x00, 0x00, 0x9F, 0xFE, 0x00,
  0x00, 0x00, 0x00, 0x4F, 0xFF, 0x70, 0x00, 0x00, 0x00, 0x0B, 0xFF, 0xC4, 0xFF, 0xF3, 0x00, 0x00,
  0x00, 0x08, 0xFF, 0xFC, 0x00, 0x00, 0x00, 0x01, 0xFF, 0xF8, 0x0E, 0xFF, 0x80, 0x00, 0x00, 0x00,
  0xCF, 0xFF, 0xF1, 0x00, 0x00, 0x00, 0x5F, 0xFF, 0x30, 0xAF, 0xFC, 0x00, 0x00, 0x00, 0x1F, 0xFF,
  0xFF, 0x50, 0x00, 0x00, 0x09, 0xFF, 0xE0, 0x06, 0xFF, 0xF2, 0x00, 0x00, 0x06, 0xFF, 0xFF, 0xFA,
  0x00, 0x00, 0x00, 0xEF, 0xF9, 0x00, 0x1F, 0xFF, 0x60, 0x00, 0x00, 0xAF, 0xFE, 0xFF, 0xE0, 0x00,
  0x00, 0x3F, 0xFF, 0x50, 0x00, 0xCF, 0xFB, 0x00, 0x00, 0x0E, 0xFF, 0x7F, 0xFF, 0x30, 0x00, 0x08,
  0xFF, 0xF1, 0x00, 0x07, 0xFF, 0xF1, 0x00, 0x04, 0xFF, 0xF1, 0xDF, 0xF7, 0x00, 0x00, 0xCF, 0xFB,
  0x00, 0x00, 0x3F, 0xFF, 0x50, 0x00, 0x8F, 0xFB, 0x08, 0xFF, 0xC0, 0x00, 0x2F, 0xFF, 0x60, 0x00,
  0x00, 0xDF, 0xF9, 0x00, 0x0C, 0xFF, 0x70, 0x4F, 0xFF, 0x10, 0x06, 0xFF, 0xF2, 0x00, 0x00, 0x09,
  0xFF, 0xE0, 0x01, 0xFF, 0xF3, 0x00, 0xEF, 0xF5, 0x00, 0xBF, 0xFC, 0x00, 0x00, 0x00, 0x4F, 0xFF,
  0x30, 0x6F, 0xFE, 0x00, 0x0B, 0xFF, 0xA0, 0x1E, 0xFF, 0x80, 0x00, 0x00, 0x01, 0xEF, 0xF7, 0x0A,
  0xFF, 0xA0, 0x00, 0x7F, 0xFE, 0x05, 0xFF, 0xF3, 0x00, 0x00, 0x00, 0x0B, 0xFF, 0xC0, 0xEF, 0xF5,
  0x00, 0x02, 0xFF, 0xF3, 0x9F, 0xFD, 0x00, 0x00, 0x00, 0x00, 0x6F, 0xFF, 0x5F, 0xFF, 0x10, 0x00,
  0x0D, 0xFF, 0x8D, 0xFF, 0x90, 0x00, 0x00, 0x00, 0x02, 0xFF, 0xFD, 0xFF, 0xC0, 0x00, 0x00, 0x9F,
  0xFE, 0xFF, 0xF4, 0x00, 0x00, 0x00, 0x00, 0x0C, 0xFF, 0xFF, 0xF8, 0x00, 0x00, 0x05, 0xFF, 0xFF,
  0xFE, 0x00, 0x00, 0x00, 0x00, 0x00, 0x8F, 0xFF, 0xFF, 0x30, 0x00, 0x00, 0x1F, 0xFF, 0xFF, 0xA0,
  0x00, 0x00, 0x00, 0x00, 0x03, 0xFF, 0xFF, 0xE0, 0x00, 0x00, 0x00, 0xBF, 0xFF, 0xF6, 0x00, 0x00,
  0x00, 0x00, 0x00, 0x0D, 0xFF, 0xFA, 0x00, 0x00, 0x00, 0x07, 0xFF, 0xFF, 0x10, 0x00, 0x00, 0x00,
  0x00, 0x00, 0x9F, 0xFF, 0x60, 0x00, 0x00, 0x00, 0x3F, 0xFF, 0xC0, 0x00, 0x00, 0x00, 0x4F, 0xFF,
  0xD1, 0x00, 0x00, 0x00, 0x00, 0x4F, 0xFF, 0xC0, 0x08, 0xFF, 0xF9, 0x00, 0x00, 0x00, 0x01, 0xEF,
  0xFE, 0x20, 0x00, 0xCF, 0xFF, 0x50, 0x00, 0x00, 0x0A, 0xFF, 0xF6, 0x00, 0x00, 0x2E, 0xFF, 0xE1,
  0x00, 0x00, 0x6F, 0xFF, 0xA0, 0x00, 0x00, 0x05, 0xFF, 0xFB, 0x00, 0x02, 0xEF, 0xFD, 0x10, 0x00,
  0x00, 0x00, 0x9F, 0xFF, 0x60, 0x0C, 0xFF, 0xF4, 0x00, 0x00, 0x00, 0x00, 0x1D, 0xFF, 0xE2, 0x7F,
  0xFF, 0x80, 0x00, 0x00, 0x00, 0x00, 0x03, 0xFF, 0xFD, 0xFF, 0xFC, 0x00, 0x00, 0x00, 0x00, 0x00,
  0x00, 0x7F, 0xFF, 0xFF, 0xE2, 0x00, 0x00, 0x00, 0x00, 0x00, 0x00, 0x0B, 0xFF, 0xFF, 0x50, 0x00,
  0x00, 0x00, 0x00, 0x00, 0x00, 0x05, 0xFF, 0xFE, 0x10, 0x00, 0x00, 0x00, 0x00, 0x00, 0x00, 0x1E,
  0xFF, 0xFF, 0x90, 0x00, 0x00, 0x00, 0x00, 0x00, 0x00, 0xAF, 0xFF, 0xFF, 0xF5, 0x00, 0x00, 0x00,
  0x00, 0x00, 0x06, 0xFF, 0xF9, 0xDF, 0xFE, 0x10, 0x00, 0x00, 0x00, 0x00, 0x2E, 0xFF, 0xD1, 0x4F,
  0xFF, 0xB0, 0x00, 0x00, 0x00, 0x00, 0xCF, 0xFF, 0x30, 0x09, 0xFF, 0xF6, 0x00, 0x00, 0x00, 0x08,
  0xFF, 0xF8, 0x00, 0x01, 0xDF, 0xFE, 0x20, 0x00, 0x00, 0x4F, 0xFF, 0xD0, 0x00, 0x00, 0x4F, 0xFF,
  0xC0, 0x00, 0x01, 0xDF, 0xFF, 0x30, 0x00, 0x00, 0x09, 0xFF, 0xF8, 0x00, 0x0A, 0xFF, 0xF8, 0x00,
  0x00, 0x00, 0x01, 0xDF, 0xFF, 0x40, 0x5F, 0xFF, 0xC0, 0x00, 0x00, 0x00, 0x00, 0x4F, 0xFF, 0xD1,
  0x3F, 0xFF, 0xC0, 0x00, 0x00, 0x00, 0x00, 0x6F, 0xFF, 0x80, 0x8F, 0xFF, 0x60, 0x00, 0x00, 0x00,
  0x1E, 0xFF, 0xD1, 0x01, 0xDF, 0xFE, 0x10, 0x00, 0x00, 0x09, 0xFF, 0xF5, 0x00, 0x05, 0xFF, 0xF9,
  0x00, 0x00, 0x03, 0xFF, 0xFB, 0x00, 0x00, 0x0B, 0xFF, 0xF3, 0x00, 0x00, 0xCF, 0xFE, 0x20, 0x00,
  0x00, 0x2F, 0xFF, 0xC0, 0x00, 0x6F, 0xFF, 0x70, 0x00, 0x00, 0x00, 0x7F, 0xFF, 0x60, 0x1E, 0xFF,
  0xD0, 0x00, 0x00, 0x00, 0x00, 0xDF, 0xFE, 0x19, 0xFF, 0xF4, 0x00, 0x00, 0x00, 0x00, 0x04, 0xFF,
  0xFB, 0xFF, 0xFA, 0x00, 0x00, 0x00, 0x00, 0x00, 0x0A, 0xFF, 0xFF, 0xFE, 0x10, 0x00, 0x00, 0x00,
  0x00, 0x00, 0x1E, 0xFF, 0xFF, 0x60, 0x00, 0x00, 0x00, 0x00, 0x00, 0x00, 0x6F, 0xFF, 0xC0, 0x00,
  0x00, 0x00, 0x00, 0x00, 0x00, 0x00, 0xFF, 0xF6, 0x00, 0x00, 0x00, 0x00, 0x00, 0x00, 0x00, 0x0F,
  0xFF, 0x60, 0x00, 0x00, 0x00, 0x00, 0x00, 0x00, 0x00, 0xFF, 0xF6, 0x00, 0x00, 0x00, 0x00, 0x00,
  0x00, 0x00, 0x0F, 0xFF, 0x60, 0x00, 0x00, 0x00, 0x00, 0x00, 0x00, 0x00, 0xFF, 0xF6, 0x00, 0x00,
  0x00, 0x00, 0x00, 0x00, 0x00, 0x0F, 0xFF, 0x60, 0x00, 0x00, 0x00, 0x00, 0x00, 0x00, 0x00, 0xFF,
  0xF6, 0x00, 0x00, 0x00, 0x00, 0x00, 0x00, 0x00, 0x0F, 0xFF, 0x60, 0x00, 0x00, 0x00, 0x00, 0x00,
  0x00, 0x00, 0xFF, 0xF6, 0x00, 0x00, 0x00, 0x00, 0x0F, 0xFF, 0xFF, 0xFF, 0xFF, 0xFF, 0xFF, 0xFF,
  0xFF, 0x00, 0xFF, 0xFF, 0xFF, 0xFF, 0xFF, 0xFF, 0xFF, 0xFF, 0xF0, 0x0F, 0xFF, 0xFF, 0xFF, 0xFF,
  0xFF, 0xFF, 0xFF, 0xFF, 0x00, 0x00, 0x00, 0x00, 0x00, 0x00, 0x02, 0xDF, 0xFF, 0x90, 0x00, 0x00,
  0x00, 0x00, 0x00, 0x00, 0xCF, 0xFF, 0xB0, 0x00, 0x00, 0x00, 0x00, 0x00, 0x00, 0xAF, 0xFF, 0xD1,
  0x00, 0x00, 0x00, 0x00, 0x00, 0x00, 0x7F, 0xFF, 0xE2, 0x00, 0x00, 0x00, 0x00, 0x00, 0x00, 0x5F,
  0xFF, 0xF4, 0x00, 0x00, 0x00, 0x00, 0x00, 0x00, 0x3E, 0xFF, 0xF7, 0x00, 0x00, 0x00, 0x00, 0x00,
  0x00, 0x1D, 0xFF, 0xF9, 0x00, 0x00, 0x00, 0x00, 0x00, 0x00, 0x0B, 0xFF, 0xFB, 0x00, 0x00, 0x00,
  0x00, 0x00, 0x00, 0x09, 0xFF, 0xFD, 0x10, 0x00, 0x00, 0x00, 0x00, 0x00, 0x07, 0xFF, 0xFE, 0x30,
  0x00, 0x00, 0x00, 0x00, 0x00, 0x04, 0xFF, 0xFF, 0x50, 0x00, 0x00, 0x00, 0x00, 0x00, 0x02, 0xEF,
  0xFF, 0x70, 0x00, 0x00, 0x00, 0x00, 0x00, 0x01, 0xDF, 0xFF, 0xA0, 0x00, 0x00, 0x00, 0x00, 0x00,
  0x00, 0xBF, 0xFF, 0xC0, 0x00, 0x00, 0x00, 0x00, 0x00, 0x00, 0x9F, 0xFF, 0xD2, 0x00, 0x00, 0x00,
  0x00, 0x00, 0x00, 0x0F, 0xFF, 0xFF, 0xFF, 0xFF, 0xFF, 0xFF, 0xFF, 0xFF, 0x00, 0xFF, 0xFF, 0xFF,
  0xFF, 0xFF, 0xFF, 0xFF, 0xFF, 0xF0, 0x0F, 0xFF, 0xFF, 0xFF, 0xFF, 0xFF, 0xFF, 0xFF, 0xFF, 0x00,
  0x00, 0x00, 0x00, 0x00, 0x00, 0x0F, 0xFF, 0xFF, 0x80, 0x00, 0xFF, 0xFF, 0xF8, 0x00, 0x0F, 0xFF,
  0xFF, 0x80, 0x00, 0xFF, 0xF6, 0x00, 0x00, 0x0F, 0xFF, 0x60, 0x00, 0x00, 0xFF, 0xF6, 0x00, 0x00,
  0x0F, 0xFF, 0x60, 0x00, 0x00, 0xFF, 0xF6, 0x00, 0x00, 0x0F, 0xFF, 0x60, 0x00, 0x00, 0xFF, 0xF6,
  0x00, 0x00, 0x0F, 0xFF, 0x60, 0x00, 0x00, 0xFF, 0xF6, 0x00, 0x00, 0x0F, 0xFF, 0x60, 0x00, 0x00,
  0xFF, 0xF6, 0x00, 0x00, 0x0F, 0xFF, 0x60, 0x00, 0x00, 0xFF, 0xF6, 0x00, 0x00, 0x0F, 0xFF, 0x60,
  0x00, 0x00, 0xFF, 0xF6, 0x00, 0x00, 0x0F, 0xFF, 0x60, 0x00, 0x00, 0xFF, 0xF6, 0x00, 0x00, 0x0F,
  0xFF, 0x60, 0x00, 0x00, 0xFF, 0xF6, 0x00, 0x00, 0x0F, 0xFF, 0x60, 0x00, 0x00, 0xFF, 0xFF, 0xF8,
  0x00, 0x0F, 0xFF, 0xFF, 0x80, 0x00, 0xFF, 0xFF, 0xF8, 0x00, 0x38, 0x86, 0x00, 0x00, 0x00, 0x00,
  0x3F, 0xFF, 0x10, 0x00, 0x00, 0x00, 0x0D, 0xFF, 0x60, 0x00, 0x00, 0x00, 0x08, 0xFF, 0xB0, 0x00,
  0x00, 0x00, 0x03, 0xFF, 0xF1, 0x00, 0x00, 0x00, 0x00, 0xDF, 0xF6, 0x00, 0x00, 0x00, 0x00, 0x8F,
  0xFB, 0x00, 0x00, 0x00, 0x00, 0x3F, 0xFF, 0x10, 0x00, 0x00, 0x00, 0x0D, 0xFF, 0x60, 0x00, 0x00,
  0x00, 0x08, 0xFF, 0xB0, 0x00, 0x00, 0x00, 0x03, 0xFF, 0xF2, 0x00, 0x00, 0x00, 0x00, 0xDF, 0xF7,
  0x00, 0x00, 0x00, 0x00, 0x8F, 0xFC, 0x00, 0x00, 0x00, 0x00, 0x3F, 0xFF, 0x20, 0x00, 0x00, 0x00,
  0x0D, 0xFF, 0x70, 0x00, 0x00, 0x00, 0x08, 0xFF, 0xC0, 0x00, 0x00, 0x00, 0x03, 0xFF, 0xF2, 0x00,
  0x00, 0x00, 0x00, 0xDF, 0xF7, 0x00, 0x00, 0x00, 0x00, 0x8F, 0xFC, 0x00, 0x00, 0x00, 0x00, 0x3F,
  0xFF, 0x20, 0x00, 0x00, 0x00, 0x0D, 0xFF, 0x70, 0x00, 0x00, 0x00, 0x08, 0xFF, 0xC0, 0x00, 0x00,
  0x00, 0x03, 0xFF, 0xF2, 0x00, 0x00, 0x00, 0x00, 0xDF, 0xF7, 0x00, 0x00, 0x00, 0x00, 0x7F, 0xFC,
  0x00, 0x00, 0x00, 0x00, 0x00, 0x08, 0xFF, 0xFF, 0xF6, 0x00, 0x08, 0xFF, 0xFF, 0xF6, 0x00, 0x08,
  0xFF, 0xFF, 0xF6, 0x00, 0x00, 0x00, 0xFF, 0xF6, 0x00, 0x00, 0x00, 0xFF, 0xF6, 0x00, 0x00, 0x00,
  0xFF, 0xF6, 0x00, 0x00, 0x00, 0xFF, 0xF6, 0x00, 0x00, 0x00, 0xFF, 0xF6, 0x00, 0x00, 0x00, 0xFF,
  0xF6, 0x00, 0x00, 0x00, 0xFF, 0xF6, 0x00, 0x00, 0x00, 0xFF, 0xF6, 0x00, 0x00, 0x00, 0xFF, 0xF6,
  0x00, 0x00, 0x00, 0xFF, 0xF6, 0x00, 0x00, 0x00, 0xFF, 0xF6, 0x00, 0x00, 0x00, 0xFF, 0xF6, 0x00,
  0x00, 0x00, 0xFF, 0xF6, 0x00, 0x00, 0x00, 0xFF, 0xF6, 0x00, 0x00, 0x00, 0xFF, 0xF6, 0x00, 0x00,
  0x00, 0xFF, 0xF6, 0x00, 0x00, 0x00, 0xFF, 0xF6, 0x00, 0x00, 0x00, 0xFF, 0xF6, 0x00, 0x00, 0x00,
  0xFF, 0xF6, 0x00, 0x00, 0x00, 0xFF, 0xF6, 0x00, 0x08, 0xFF, 0xFF, 0xF6, 0x00, 0x08, 0xFF, 0xFF,
  0xF6, 0x00, 0x08, 0xFF, 0xFF, 0xF6, 0x00, 0x00, 0x00, 0x00, 0x1E, 0xFE, 0x20, 0x00, 0x00, 0x00,
  0x00, 0x00, 0x08, 0xFF, 0xF9, 0x00, 0x00, 0x00, 0x00, 0x00, 0x01, 0xEF, 0xFF, 0xF1, 0x00, 0x00,
  0x00, 0x00, 0x00, 0x8F, 0xFF, 0xFF, 0x90, 0x00, 0x00, 0x00, 0x00, 0x1E, 0xFE, 0x2E, 0xFF, 0x10,
  0x00, 0x00, 0x00, 0x08, 0xFF, 0x80, 0x8F, 0xF8, 0x00, 0x00, 0x00, 0x01, 0xEF, 0xE1, 0x01, 0xEF,
  0xE1, 0x00, 0x00, 0x00, 0x7F, 0xF8, 0x00, 0x07, 0xFF, 0x80, 0x00, 0x00, 0x1E, 0xFE, 0x10, 0x00,
  0x1E, 0xFE, 0x10, 0x00, 0x07, 0xFF, 0x80, 0x00, 0x00, 0x7F, 0xF8, 0x00, 0x00, 0x00, 0x00, 0x00,
  0x00, 0x00, 0x00, 0x00, 0x00, 0x00, 0x00, 0x00, 0x00, 0x00, 0x00, 0x00, 0x00, 0x00, 0x00, 0x00,
  0x00, 0x00, 0x00, 0x00, 0x00, 0x00, 0x00, 0x00, 0x00, 0x00, 0x00, 0x00, 0x00, 0x00, 0x00, 0x00,
  0x00, 0x00, 0x00, 0x00, 0x00, 0x00, 0x00, 0x00, 0x00, 0x00, 0x00, 0x00, 0x00, 0x00, 0x00, 0x00,
  0x00, 0x00, 0x00, 0x00, 0x00, 0x00, 0x00, 0x00, 0x00, 0x00, 0x00, 0x00, 0x00, 0x00, 0x00, 0x00,
  0x00, 0x00, 0x00, 0x00, 0x00, 0x00, 0x00, 0x00, 0x00, 0x00, 0x00, 0x00, 0x00, 0x00, 0x00, 0x00,
  0x00, 0x00, 0x00, 0x00, 0x00, 0x00, 0x00, 0x00, 0x00, 0x00, 0x00, 0x00, 0x00, 0x00, 0x00, 0x00,
  0x00, 0x0F, 0xFF, 0xFF, 0xFF, 0xFF, 0xFF, 0xF0, 0x0F, 0xFF, 0xFF, 0xFF, 0xFF, 0xFF, 0xF0, 0x0F,
  0xFF, 0xFF, 0xFF, 0xFF, 0xFF, 0xF0, 0x8F, 0xFF, 0x50, 0x00, 0x08, 0xFF, 0xF4, 0x00, 0x00, 0x8F,
  0xFE, 0x20, 0x00, 0x09, 0xFF, 0xD1, 0x00, 0x00, 0x00, 0x00, 0x00, 0x00, 0x00, 0x00, 0x00, 0x00,
  0x00, 0x00, 0x00, 0x00, 0x00, 0x00, 0x00, 0x00, 0x00, 0x00, 0x00, 0x00, 0x00, 0x00, 0x00, 0x00,
  0x00, 0x00, 0x00, 0x00, 0x00, 0x00, 0x00, 0x00, 0x00, 0x00, 0x00, 0x00, 0x00, 0x00, 0x00, 0x00,
  0x00, 0x00, 0x00, 0x00, 0x00, 0x00, 0x00, 0x00, 0x00, 0x00, 0x00, 0x00, 0x00, 0x00, 0x00, 0x00,
  0x00, 0x00, 0x00, 0x00, 0x00, 0x00, 0x00, 0x00, 0x00, 0x00, 0x00, 0x00, 0x5A, 0xDF, 0xEC, 0x82,
  0x00, 0x00, 0x00, 0x1B, 0xFF, 0xFF, 0xFF, 0xFE, 0x50, 0x00, 0x00, 0xCF, 0xFF, 0xFF, 0xFF, 0xFF,
  0xF3, 0x00, 0x05, 0xFF, 0xF9, 0x31, 0x28, 0xFF, 0xFB, 0x00, 0x00, 0x16, 0x60, 0x00, 0x00, 0xAF,
  0xFF, 0x10, 0x00, 0x00, 0x00, 0x00, 0x00, 0x4F, 0xFF, 0x40, 0x00, 0x05, 0xAD, 0xFF, 0xFF, 0xFF,
  0xFF, 0x50, 0x00, 0xBF, 0xFF, 0xFF, 0xFF, 0xFF, 0xFF, 0x60, 0x08, 0xFF, 0xFF, 0xFF, 0xFF, 0xFF,
  0xFF, 0x60, 0x0D, 0xFF, 0xE5, 0x20, 0x00, 0x1F, 0xFF, 0x60, 0x0F, 0xFF, 0x70, 0x00, 0x00, 0x7F,
  0xFF, 0x60, 0x0D, 0xFF, 0xD4, 0x11, 0x39, 0xFF, 0xFF, 0x60, 0x08, 0xFF, 0xFF, 0xFF, 0xFF, 0xFF,
  0xFF, 0x60, 0x01, 0xCF, 0xFF, 0xFF, 0xFF, 0x6F, 0xFF, 0x60, 0x00, 0x06, 0xBE, 0xFE, 0xB4, 0x0F,
  0xFF, 0x60, 0x00, 0xFF, 0xF6, 0x00, 0x00, 0x00, 0x00, 0x00, 0x00, 0x00, 0xFF, 0xF6, 0x00, 0x00,
  0x00, 0x00, 0x00, 0x00, 0x00, 0xFF, 0xF6, 0x00, 0x00, 0x00, 0x00, 0x00, 0x00, 0x00, 0xFF, 0xF6,
  0x00, 0x00, 0x00, 0x00, 0x00, 0x00, 0x00, 0xFF, 0xF6, 0x00, 0x00, 0x00, 0x00, 0x00, 0x00, 0x00,
  0xFF, 0xF6, 0x00, 0x00, 0x00, 0x00, 0x00, 0x00, 0x00, 0xFF, 0xF6, 0x05, 0xBE, 0xED, 0x92, 0x00,
  0x00, 0x00, 0xFF, 0xF6, 0xAF, 0xFF, 0xFF, 0xFF, 0x70, 0x00, 0x00, 0xFF, 0xFD, 0xFF, 0xFF, 0xFF,
  0xFF, 0xF6, 0x00, 0x00, 0xFF, 0xFF, 0xF8, 0x21, 0x39, 0xFF, 0xFE, 0x20, 0x00, 0xFF, 0xFF, 0x50,
  0x00, 0x00, 0x6F, 0xFF, 0x70, 0x00, 0xFF, 0xFC, 0x00, 0x00, 0x00, 0x0C, 0xFF, 0xC0, 0x00, 0xFF,
  0xF7, 0x00, 0x00, 0x00, 0x08, 0xFF, 0xE0, 0x00, 0xFF, 0xF6, 0x00, 0x00, 0x00, 0x06, 0xFF, 0xF0,
  0x00, 0xFF, 0xF8, 0x00, 0x00, 0x00, 0x08, 0xFF, 0xD0, 0x00, 0xFF, 0xFC, 0x00, 0x00, 0x00, 0x0C,
  0xFF, 0xC0, 0x00, 0xFF, 0xFF, 0x50, 0x00, 0x00, 0x7F, 0xFF, 0x70, 0x00, 0xFF, 0xFF, 0xF8, 0x21,
  0x39, 0xFF, 0xFE, 0x20, 0x00, 0xFF, 0xFD, 0xFF, 0xFF, 0xFF, 0xFF, 0xF6, 0x00, 0x00, 0xFF, 0xF6,
  0xAF, 0xFF, 0xFF, 0xFF, 0x70, 0x00, 0x00, 0xFF, 0xF6, 0x05, 0xBE, 0xED, 0x93, 0x00, 0x00, 0x00,
  0x00, 0x05, 0xAD, 0xEE, 0xC8, 0x20, 0x00, 0x00, 0x02, 0xCF, 0xFF, 0xFF, 0xFF, 0xF6, 0x00, 0x00,
  0x2E, 0xFF, 0xFF, 0xFF, 0xFF, 0xFF, 0x70, 0x00, 0xDF, 0xFF, 0x93, 0x12, 0x7E, 0xFF, 0xF3, 0x06,
  0xFF, 0xF7, 0x00, 0x00, 0x02, 0xEA, 0x50, 0x0B, 0xFF, 0xC0, 0x00, 0x00, 0x00, 0x00, 0x00, 0x0D,
  0xFF, 0x80, 0x00, 0x00, 0x00, 0x00, 0x00, 0x0F, 0xFF, 0x60, 0x00, 0x00, 0x00, 0x00, 0x00, 0x0D,
  0xFF, 0x80, 0x00, 0x00, 0x00, 0x00, 0x00, 0x0B, 0xFF, 0xC0, 0x00, 0x00, 0x00, 0x20, 0x00, 0x06,
  0xFF, 0xF7, 0x00, 0x00, 0x03, 0xED, 0x82, 0x00, 0xDF, 0xFF, 0x93, 0x12, 0x6E, 0xFF, 0xF2, 0x00,
  0x2E, 0xFF, 0xFF, 0xFF, 0xFF, 0xFF, 0x70, 0x00, 0x02, 0xCF, 0xFF, 0xFF, 0xFF, 0xF6, 0x00, 0x00,
  0x00, 0x05, 0xAD, 0xEE, 0xC8, 0x20, 0x00, 0x00, 0x00, 0x00, 0x00, 0x00, 0x00, 0x6F, 0xFF, 0x00,
  0x00, 0x00, 0x00, 0x00, 0x00, 0x00, 0x6F, 0xFF, 0x00, 0x00, 0x00, 0x00, 0x00, 0x00, 0x00, 0x6F,
  0xFF, 0x00, 0x00, 0x00, 0x00, 0x00, 0x00, 0x00, 0x6F, 0xFF, 0x00, 0x00, 0x00, 0x00, 0x00, 0x00,
  0x00, 0x6F, 0xFF, 0x00, 0x00, 0x00, 0x00, 0x00, 0x00, 0x00, 0x6F, 0xFF, 0x00, 0x00, 0x00, 0x39,
  0xDE, 0xEB, 0x50, 0x6F, 0xFF, 0x00, 0x00, 0x07, 0xFF, 0xFF, 0xFF, 0xFA, 0x6F, 0xFF, 0x00, 0x00,
  0x6F, 0xFF, 0xFF, 0xFF, 0xFF, 0xDF, 0xFF, 0x00, 0x02, 0xEF, 0xFF, 0x93, 0x12, 0x7F, 0xFF, 0xFF,
  0x00, 0x07, 0xFF, 0xF6, 0x00, 0x00, 0x05, 0xFF, 0xFF, 0x00, 0x0C, 0xFF, 0xC0, 0x00, 0x00, 0x00,
  0xBF, 0xFF, 0x00, 0x0E, 0xFF, 0x80, 0x00, 0x00, 0x00, 0x7F, 0xFF, 0x00, 0x0F, 0xFF, 0x60, 0x00,
  0x00, 0x00, 0x6F, 0xFF, 0x00, 0x0E, 0xFF, 0x80, 0x00, 0x00, 0x00, 0x7F, 0xFF, 0x00, 0x0C, 0xFF,
  0xC0, 0x00, 0x00, 0x00, 0xBF, 0xFF, 0x00, 0x07, 0xFF, 0xF7, 0x00, 0x00, 0x05, 0xFF, 0xFF, 0x00,
  0x02, 0xEF, 0xFF, 0x93, 0x12, 0x7F, 0xFF, 0xFF, 0x00, 0x00, 0x6F, 0xFF, 0xFF, 0xFF, 0xFF, 0xDF,
  0xFF, 0x00, 0x00, 0x07, 0xFF, 0xFF, 0xFF, 0xFA, 0x6F, 0xFF, 0x00, 0x00, 0x00, 0x39, 0xDE, 0xEB,
  0x60, 0x6F, 0xFF, 0x00, 0x00, 0x00, 0x05, 0xAD, 0xEE, 0xC7, 0x10, 0x00, 0x00, 0x00, 0x2C, 0xFF,
  0xFF, 0xFF, 0xFE, 0x30, 0x00, 0x00, 0x2E, 0xFF, 0xFF, 0xFF, 0xFF, 0xFF, 0x30, 0x00, 0x0D, 0xFF,
  0xD6, 0x21, 0x25, 0xCF, 0xFD, 0x00, 0x06, 0xFF, 0xE1, 0x00, 0x00, 0x01, 0xDF, 0xF5, 0x00, 0xBF,
  0xFF, 0xFF, 0xFF, 0xFF, 0xFF, 0xFF, 0xA0, 0x0D, 0xFF, 0xFF, 0xFF, 0xFF, 0xFF, 0xFF, 0xFD, 0x00,
  0xFF, 0xFF, 0xFF, 0xFF, 0xFF, 0xFF, 0xFF, 0xE0, 0x0D, 0xFF, 0x90, 0x00, 0x00, 0x00, 0x00, 0x00,
  0x00, 0xBF, 0xFD, 0x00, 0x00, 0x00, 0x01, 0x00, 0x00, 0x06, 0xFF, 0xF8, 0x00, 0x00, 0x01, 0xCD,
  0x71, 0x00, 0x1D, 0xFF, 0xFB, 0x41, 0x14, 0xCF, 0xFF, 0x60, 0x00, 0x3E, 0xFF, 0xFF, 0xFF, 0xFF,
  0xFF, 0xA0, 0x00, 0x00, 0x3D, 0xFF, 0xFF, 0xFF, 0xFF, 0x80, 0x00, 0x00, 0x00, 0x05, 0xBD, 0xFE,
  0xC9, 0x20, 0x00, 0x00, 0x00, 0x00, 0x05, 0xBE, 0xFD, 0x92, 0x00, 0x00, 0x7F, 0xFF, 0xFF, 0xF8,
  0x00, 0x01, 0xEF, 0xFF, 0xFF, 0xF2, 0x00, 0x04, 0xFF, 0xF8, 0x12, 0x40, 0x00, 0x06, 0xFF, 0xF1,
  0x00, 0x00, 0x00, 0x06, 0xFF, 0xF0, 0x00, 0x00, 0x0F, 0xFF, 0xFF, 0xFF, 0xFF, 0xF0, 0x0F, 0xFF,
  0xFF, 0xFF, 0xFF, 0xF0, 0x0F, 0xFF, 0xFF, 0xFF, 0xFF, 0xF0, 0x00, 0x06, 0xFF, 0xF0, 0x00, 0x00,
  0x00, 0x06, 0xFF, 0xF0, 0x00, 0x00, 0x00, 0x06, 0xFF, 0xF0, 0x00, 0x00, 0x00, 0x06, 0xFF, 0xF0,
  0x00, 0x00, 0x00, 0x06, 0xFF, 0xF0, 0x00, 0x00, 0x00, 0x06, 0xFF, 0xF0, 0x00, 0x00, 0x00, 0x06,
  0xFF, 0xF0, 0x00, 0x00, 0x00, 0x06, 0xFF, 0xF0, 0x00, 0x00, 0x00, 0x06, 0xFF, 0xF0, 0x00, 0x00,
  0x00, 0x06, 0xFF, 0xF0, 0x00, 0x00, 0x00, 0x06, 0xFF, 0xF0, 0x00, 0x00, 0x00, 0x06, 0xFF, 0xF0,
  0x00, 0x00, 0x00, 0x00, 0x39, 0xDE, 0xEB, 0x40, 0x6F, 0xFF, 0x00, 0x00, 0x06, 0xFF, 0xFF, 0xFF,
  0xF8, 0x6F, 0xFF, 0x00, 0x00, 0x6F, 0xFF, 0xFF, 0xFF, 0xFF, 0xBF, 0xFF, 0x00, 0x01, 0xEF, 0xFF,
  0x93, 0x12, 0x8F, 0xFF, 0xFF, 0x00, 0x07, 0xFF, 0xF6, 0x00, 0x00, 0x05, 0xFF, 0xFF, 0x00, 0x0B,
  0xFF, 0xC0, 0x00, 0x00, 0x00, 0xCF, 0xFF, 0x00, 0x0D, 0xFF, 0x80, 0x00, 0x00, 0x00, 0x7F, 0xFF,
  0x00, 0x0F, 0xFF, 0x60, 0x00, 0x00, 0x00, 0x6F, 0xFF, 0x00, 0x0E, 0xFF, 0x80, 0x00, 0x00, 0x00,
  0x8F, 0xFF, 0x00, 0x0C, 0xFF, 0xC0, 0x00, 0x00, 0x00, 0xCF, 0xFF, 0x00, 0x08, 0xFF, 0xF7, 0x00,
  0x00, 0x06, 0xFF, 0xFF, 0x00, 0x02, 0xFF, 0xFF, 0x93, 0x12, 0x8F, 0xFF, 0xFF, 0x00, 0x00, 0x7F,
  0xFF, 0xFF, 0xFF, 0xFF, 0xBF, 0xFF, 0x00, 0x00, 0x07, 0xFF, 0xFF, 0xFF, 0xF8, 0x6F, 0xFF, 0x00,
  0x00, 0x00, 0x39, 0xDE, 0xEB, 0x40, 0x7F, 0xFD, 0x00, 0x00, 0x00, 0x00, 0x00, 0x00, 0x00, 0xBF,
  0xFB, 0x00, 0x00, 0x00, 0x00, 0x00, 0x00, 0x05, 0xFF, 0xF6, 0x00, 0x00, 0x3E, 0x95, 0x21, 0x13,
  0x8F, 0xFF, 0xE1, 0x00, 0x00, 0xAF, 0xFF, 0xFF, 0xFF, 0xFF, 0xFF, 0x40, 0x00, 0x00, 0xBF, 0xFF,
  0xFF, 0xFF, 0xFF, 0xD4, 0x00, 0x00, 0x00, 0x03, 0x8B, 0xDF, 0xFD, 0xB6, 0x10, 0x00, 0x00, 0x00,
  0xFF, 0xF6, 0x00, 0x00, 0x00, 0x00, 0x00, 0x00, 0x0F, 0xFF, 0x60, 0x00, 0x00, 0x00, 0x00, 0x00,
  0x00, 0xFF, 0xF6, 0x00, 0x00, 0x00, 0x00, 0x00, 0x00, 0x0F, 0xFF, 0x60, 0x00, 0x00, 0x00, 0x00,
  0x00, 0x00, 0xFF, 0xF6, 0x00, 0x00, 0x00, 0x00, 0x00, 0x00, 0x0F, 0xFF, 0x60, 0x00, 0x00, 0x00,
  0x00, 0x00, 0x00, 0xFF, 0xF6, 0x17, 0xCE, 0xEB, 0x60, 0x00, 0x00, 0x0F, 0xFF, 0x7D, 0xFF, 0xFF,
  0xFF, 0xB0, 0x00, 0x00, 0xFF, 0xFE, 0xFF, 0xFF, 0xFF, 0xFF, 0x70, 0x00, 0x0F, 0xFF, 0xFD, 0x41,
  0x27, 0xFF, 0xFD, 0x00, 0x00, 0xFF, 0xFF, 0x20, 0x00, 0x08, 0xFF, 0xF3, 0x00, 0x0F, 0xFF, 0xA0,
  0x00, 0x00, 0x3F, 0xFF, 0x40, 0x00, 0xFF, 0xF7, 0x00, 0x00, 0x01, 0xFF, 0xF6, 0x00, 0x0F, 0xFF,
  0x60, 0x00, 0x00, 0x0F, 0xFF, 0x60, 0x00, 0xFF, 0xF6, 0x00, 0x00, 0x00, 0xFF, 0xF6, 0x00, 0x0F,
  0xFF, 0x60, 0x00, 0x00, 0x0F, 0xFF, 0x60, 0x00, 0xFF, 0xF6, 0x00, 0x00, 0x00, 0xFF, 0xF6, 0x00,
  0x0F, 0xFF, 0x60, 0x00, 0x00, 0x0F, 0xFF, 0x60, 0x00, 0xFF, 0xF6, 0x00, 0x00, 0x00, 0xFF, 0xF6,
  0x00, 0x0F, 0xFF, 0x60, 0x00, 0x00, 0x0F, 0xFF, 0x60, 0x00, 0xFF, 0xF6, 0x00, 0x00, 0x00, 0xFF,
  0xF6, 0x00, 0x00, 0x5E, 0xA0, 0x00, 0x0E, 0xFF, 0x50, 0x00, 0xEF, 0xF4, 0x00, 0x05, 0xEA, 0x00,
  0x00, 0x00, 0x00, 0x00, 0x00, 0x00, 0x00, 0x00, 0xFF, 0xF6, 0x00, 0x0F, 0xFF, 0x60, 0x00, 0xFF,
  0xF6, 0x00, 0x0F, 0xFF, 0x60, 0x00, 0xFF, 0xF6, 0x00, 0x0F, 0xFF, 0x60, 0x00, 0xFF, 0xF6, 0x00,
  0x0F, 0xFF, 0x60, 0x00, 0xFF, 0xF6, 0x00, 0x0F, 0xFF, 0x60, 0x00, 0xFF, 0xF6, 0x00, 0x0F, 0xFF,
  0x60, 0x00, 0xFF, 0xF6, 0x00, 0x0F, 0xFF, 0x60, 0x00, 0xFF, 0xF6, 0x00, 0x00, 0x00, 0x04, 0xDD,
  0x40, 0x00, 0x00, 0x00, 0xDF, 0xFD, 0x00, 0x00, 0x00, 0x0D, 0xFF, 0xD0, 0x00, 0x00, 0x00, 0x4D,
  0xD4, 0x00, 0x00, 0x00, 0x00, 0x00, 0x00, 0x00, 0x00, 0x00, 0x00, 0x00, 0x00, 0x00, 0x00, 0x0F,
  0xFF, 0x60, 0x00, 0x00, 0x00, 0xFF, 0xF6, 0x00, 0x00, 0x00, 0x0F, 0xFF, 0x60, 0x00, 0x00, 0x00,
  0xFF, 0xF6, 0x00, 0x00, 0x00, 0x0F, 0xFF, 0x60, 0x00, 0x00, 0x00, 0xFF, 0xF6, 0x00, 0x00, 0x00,
  0x0F, 0xFF, 0x60, 0x00, 0x00, 0x00, 0xFF, 0xF6, 0x00, 0x00, 0x00, 0x0F, 0xFF, 0x60, 0x00, 0x00,
  0x00, 0xFF, 0xF6, 0x00, 0x00, 0x00, 0x0F, 0xFF, 0x60, 0x00, 0x00, 0x00, 0xFF, 0xF6, 0x00, 0x00,
  0x00, 0x0F, 0xFF, 0x60, 0x00, 0x00, 0x00, 0xFF, 0xF6, 0x00, 0x00, 0x00, 0x0F, 0xFF, 0x60, 0x00,
  0x00, 0x00, 0xFF, 0xF6, 0x00, 0x00, 0x00, 0x1F, 0xFF, 0x50, 0x00, 0x24, 0x18, 0xFF, 0xF3, 0x00,
  0x09, 0xFF, 0xFF, 0xFD, 0x00, 0x02, 0xFF, 0xFF, 0xFF, 0x50, 0x00, 0x28, 0xDF, 0xEB, 0x30, 0x00,
  0x00, 0x00, 0xFF, 0xF6, 0x00, 0x00, 0x00, 0x00, 0x00, 0x00, 0xFF, 0xF6, 0x00, 0x00, 0x00, 0x00,
  0x00, 0x00, 0xFF, 0xF6, 0x00, 0x00, 0x00, 0x00, 0x00, 0x00, 0xFF, 0xF6, 0x00, 0x00, 0x00, 0x00,
  0x00, 0x00, 0xFF, 0xF6, 0x00, 0x00, 0x00, 0x00, 0x00, 0x00, 0xFF, 0xF6, 0x00, 0x00, 0x00, 0x00,
  0x00, 0x00, 0xFF, 0xF6, 0x00, 0x00, 0x7F, 0xFF, 0x90, 0x00, 0xFF, 0xF6, 0x00, 0x06, 0xFF, 0xFA,
  0x00, 0x00, 0xFF, 0xF6, 0x00, 0x5F, 0xFF, 0xB0, 0x00, 0x00, 0xFF, 0xF6, 0x04, 0xFF, 0xFC, 0x10,
  0x00, 0x00, 0xFF, 0xF6, 0x3E, 0xFF, 0xD1, 0x00, 0x00, 0x00, 0xFF, 0xF8, 0xEF, 0xFE, 0x20, 0x00,
  0x00, 0x00, 0xFF, 0xFF, 0xFF, 0xFA, 0x00, 0x00, 0x00, 0x00, 0xFF, 0xFF, 0xFF, 0xFF, 0x50, 0x00,
  0x00, 0x00, 0xFF, 0xFF, 0xFD, 0xFF, 0xE1, 0x00, 0x00, 0x00, 0xFF, 0xFF, 0x73, 0xFF, 0xFB, 0x00,
  0x00, 0x00, 0xFF, 0xF9, 0x00, 0x7F, 0xFF, 0x60, 0x00, 0x00, 0xFF, 0xF6, 0x00, 0x0C, 0xFF, 0xE2,
  0x00, 0x00, 0xFF, 0xF6, 0x00, 0x02, 0xEF, 0xFC, 0x00, 0x00, 0xFF, 0xF6, 0x00, 0x00, 0x7F, 0xFF,
  0x80, 0x00, 0xFF, 0xF6, 0x00, 0x00, 0x0B, 0xFF, 0xF3, 0x00, 0xFF, 0xF6, 0x00, 0x0F, 0xFF, 0x60,
  0x00, 0xFF, 0xF6, 0x00, 0x0F, 0xFF, 0x60, 0x00, 0xFF, 0xF6, 0x00, 0x0F, 0xFF, 0x60, 0x00, 0xFF,
  0xF6, 0x00, 0x0F, 0xFF, 0x60, 0x00, 0xFF, 0xF6, 0x00, 0x0F, 0xFF, 0x60, 0x00, 0xFF, 0xF6, 0x00,
  0x0F, 0xFF, 0x60, 0x00, 0xFF, 0xF6, 0x00, 0x0F, 0xFF, 0x60, 0x00, 0xFF, 0xF6, 0x00, 0x0F, 0xFF,
  0x60, 0x00, 0xFF, 0xF6, 0x00, 0x0F, 0xFF, 0x60, 0x00, 0xFF, 0xF6, 0x00, 0x0F, 0xFF, 0x60, 0x00,
  0xFF, 0xF6, 0x00, 0x00, 0xFF, 0xF3, 0x29, 0xDF, 0xDA, 0x40, 0x00, 0x4B, 0xEF, 0xD8, 0x10, 0x00,
  0x00, 0xFF, 0xF7, 0xEF, 0xFF, 0xFF, 0xF6, 0x06, 0xFF, 0xFF, 0xFF, 0xD2, 0x00, 0x00, 0xFF, 0xFF,
  0xFF, 0xFF, 0xFF, 0xFF, 0x5F, 0xFF, 0xFF, 0xFF, 0xFB, 0x00, 0x00, 0xFF, 0xFF, 0xC4, 0x12, 0xAF,
  0xFF, 0xFF, 0x82, 0x15, 0xEF, 0xFF, 0x30, 0x00, 0xFF, 0xFF, 0x20, 0x00, 0x0D, 0xFF, 0xFA, 0x00,
  0x00, 0x5F, 0xFF, 0x60, 0x00, 0xFF, 0xFA, 0x00, 0x00, 0x09, 0xFF, 0xF4, 0x00, 0x00, 0x0E, 0xFF,
  0x80, 0x00, 0xFF, 0xF7, 0x00, 0x00, 0x07, 0xFF, 0xF1, 0x00, 0x00, 0x0D, 0xFF, 0x90, 0x00, 0xFF,
  0xF6, 0x00, 0x00, 0x06, 0xFF, 0xF0, 0x00, 0x00, 0x0C, 0xFF, 0x90, 0x00, 0xFF, 0xF6, 0x00, 0x00,
  0x06, 0xFF, 0xF0, 0x00, 0x00, 0x0C, 0xFF, 0x90, 0x00, 0xFF, 0xF6, 0x00, 0x00, 0x06, 0xFF, 0xF0,
  0x00, 0x00, 0x0C, 0xFF, 0x90, 0x00, 0xFF, 0xF6, 0x00, 0x00, 0x06, 0xFF, 0xF0, 0x00, 0x00, 0x0C,
  0xFF, 0x90, 0x00, 0xFF, 0xF6, 0x00, 0x00, 0x06, 0xFF, 0xF0, 0x00, 0x00, 0x0C, 0xFF, 0x90, 0x00,
  0xFF, 0xF6, 0x00, 0x00, 0x06, 0xFF, 0xF0, 0x00, 0x00, 0x0C, 0xFF, 0x90, 0x00, 0xFF, 0xF6, 0x00,
  0x00, 0x06, 0xFF, 0xF0, 0x00, 0x00, 0x0C, 0xFF, 0x90, 0x00, 0xFF, 0xF6, 0x00, 0x00, 0x06, 0xFF,
  0xF0, 0x00, 0x00, 0x0C, 0xFF, 0x90, 0x00, 0xFF, 0xF6, 0x18, 0xDE, 0xEC, 0x60, 0x00, 0x00, 0x0F,
  0xFF, 0x7D, 0xFF, 0xFF, 0xFF, 0xB0, 0x00, 0x00, 0xFF, 0xFE, 0xFF, 0xFF, 0xFF, 0xFF, 0x70, 0x00,
  0x0F, 0xFF, 0xFD, 0x41, 0x17, 0xFF, 0xFE, 0x00, 0x00, 0xFF, 0xFF, 0x20, 0x00, 0x08, 0xFF, 0xF3,
  0x00, 0x0F, 0xFF, 0xA0, 0x00, 0x00, 0x3F, 0xFF, 0x40, 0x00, 0xFF, 0xF7, 0x00, 0x00, 0x01, 0xFF,
  0xF6, 0x00, 0x0F, 0xFF, 0x60, 0x00, 0x00, 0x0F, 0xFF, 0x60, 0x00, 0xFF, 0xF6, 0x00, 0x00, 0x00,
  0xFF, 0xF6, 0x00, 0x0F, 0xFF, 0x60, 0x00, 0x00, 0x0F, 0xFF, 0x60, 0x00, 0xFF, 0xF6, 0x00, 0x00,
  0x00, 0xFF, 0xF6, 0x00, 0x0F, 0xFF, 0x60, 0x00, 0x00, 0x0F, 0xFF, 0x60, 0x00, 0xFF, 0xF6, 0x00,
  0x00, 0x00, 0xFF, 0xF6, 0x00, 0x0F, 0xFF, 0x60, 0x00, 0x00, 0x0F, 0xFF, 0x60, 0x00, 0xFF, 0xF6,
  0x00, 0x00, 0x00, 0xFF, 0xF6, 0x00, 0x00, 0x00, 0x05, 0xBD, 0xFE, 0xC7, 0x20, 0x00, 0x00, 0x00,
  0x3D, 0xFF, 0xFF, 0xFF, 0xFF, 0x70, 0x00, 0x00, 0x3E, 0xFF, 0xFF, 0xFF, 0xFF, 0xFF, 0x80, 0x00,
  0x1D, 0xFF, 0xF9, 0x31, 0x26, 0xEF, 0xFF, 0x50, 0x06, 0xFF, 0xF6, 0x00, 0x00, 0x02, 0xEF, 0xFC,
  0x00, 0xBF, 0xFC, 0x00, 0x00, 0x00, 0x07, 0xFF, 0xF2, 0x0D, 0xFF, 0x80, 0x00, 0x00, 0x00, 0x2F,
  0xFF, 0x40, 0xFF, 0xF6, 0x00, 0x00, 0x00, 0x00, 0xFF, 0xF5, 0x0D, 0xFF, 0x80, 0x00, 0x00, 0x00,
  0x2F, 0xFF, 0x40, 0xBF, 0xFC, 0x00, 0x00, 0x00, 0x06, 0xFF, 0xF2, 0x06, 0xFF, 0xF7, 0x00, 0x00,
  0x02, 0xEF, 0xFC, 0x00, 0x1D, 0xFF, 0xF9, 0x31, 0x26, 0xEF, 0xFF, 0x50, 0x00, 0x3E, 0xFF, 0xFF,
  0xFF, 0xFF, 0xFF, 0x90, 0x00, 0x00, 0x3C, 0xFF, 0xFF, 0xFF, 0xFF, 0x70, 0x00, 0x00, 0x00, 0x05,
  0xAD, 0xFE, 0xC8, 0x20, 0x00, 0x00, 0x00, 0xFF, 0xF6, 0x05, 0xBE, 0xED, 0x93, 0x00, 0x00, 0x00,
  0xFF, 0xF6, 0xAF, 0xFF, 0xFF, 0xFF, 0x70, 0x00, 0x00, 0xFF, 0xFD, 0xFF, 0xFF, 0xFF, 0xFF, 0xF6,
  0x00, 0x00, 0xFF, 0xFF, 0xF8, 0x21, 0x39, 0xFF, 0xFE, 0x20, 0x00, 0xFF, 0xFF, 0x50, 0x00, 0x00,
  0x6F, 0xFF, 0x70, 0x00, 0xFF, 0xFC, 0x00, 0x00, 0x00, 0x0C, 0xFF, 0xC0, 0x00, 0xFF, 0xF7, 0x00,
  0x00, 0x00, 0x08, 0xFF, 0xE0, 0x00, 0xFF, 0xF6, 0x00, 0x00, 0x00, 0x06, 0xFF, 0xF0, 0x00, 0xFF,
  0xF8, 0x00, 0x00, 0x00, 0x08, 0xFF, 0xD0, 0x00, 0xFF, 0xFC, 0x00, 0x00, 0x00, 0x0C, 0xFF, 0xC0,
  0x00, 0xFF, 0xFF, 0x50, 0x00, 0x00, 0x7F, 0xFF, 0x70, 0x00, 0xFF, 0xFF, 0xF8, 0x21, 0x39, 0xFF,
  0xFE, 0x20, 0x00, 0xFF, 0xFD, 0xFF, 0xFF, 0xFF, 0xFF, 0xF6, 0x00, 0x00, 0xFF, 0xF6, 0xAF, 0xFF,
  0xFF, 0xFF, 0x70, 0x00, 0x00, 0xFF, 0xF6, 0x05, 0xBE, 0xED, 0x93, 0x00, 0x00, 0x00, 0xFF, 0xF6,
  0x00, 0x00, 0x00, 0x00, 0x00, 0x00, 0x00, 0xFF, 0xF6, 0x00, 0x00, 0x00, 0x00, 0x00, 0x00, 0x00,
  0xFF, 0xF6, 0x00, 0x00, 0x00, 0x00, 0x00, 0x00, 0x00, 0xFF, 0xF6, 0x00, 0x00, 0x00, 0x00, 0x00,
  0x00, 0x00, 0xFF, 0xF6, 0x00, 0x00, 0x00, 0x00, 0x00, 0x00, 0x00, 0xFF, 0xF6, 0x00, 0x00, 0x00,
  0x00, 0x00, 0x00, 0x00, 0x00, 0x39, 0xDE, 0xEB, 0x50, 0x6F, 0xFF, 0x00, 0x00, 0x07, 0xFF, 0xFF,
  0xFF, 0xFA, 0x6F, 0xFF, 0x00, 0x00, 0x6F, 0xFF, 0xFF, 0xFF, 0xFF, 0xDF, 0xFF, 0x00, 0x02, 0xEF,
  0xFF, 0x93, 0x12, 0x8F, 0xFF, 0xFF, 0x00, 0x07, 0xFF, 0xF6, 0x00, 0x00, 0x05, 0xFF, 0xFF, 0x00,
  0x0C, 0xFF, 0xC0, 0x00, 0x00, 0x00, 0xCF, 0xFF, 0x00, 0x0E, 0xFF, 0x80, 0x00, 0x00, 0x00, 0x8F,
  0xFF, 0x00, 0x0F, 0xFF, 0x60, 0x00, 0x00, 0x00, 0x6F, 0xFF, 0x00, 0x0E, 0xFF, 0x80, 0x00, 0x00,
  0x00, 0x8F, 0xFF, 0x00, 0x0C, 0xFF, 0xC0, 0x00, 0x00, 0x00, 0xCF, 0xFF, 0x00, 0x07, 0xFF, 0xF6,
  0x00, 0x00, 0x06, 0xFF, 0xFF, 0x00, 0x02, 0xEF, 0xFF, 0x93, 0x12, 0x8F, 0xFF, 0xFF, 0x00, 0x00,
  0x6F, 0xFF, 0xFF, 0xFF, 0xFF, 0xDF, 0xFF, 0x00, 0x00, 0x07, 0xFF, 0xFF, 0xFF, 0xFA, 0x6F, 0xFF,
  0x00, 0x00, 0x00, 0x39, 0xDE, 0xEB, 0x50, 0x6F, 0xFF, 0x00, 0x00, 0x00, 0x00, 0x00, 0x00, 0x00,
  0x6F, 0xFF, 0x00, 0x00, 0x00, 0x00, 0x00, 0x00, 0x00, 0x6F, 0xFF, 0x00, 0x00, 0x00, 0x00, 0x00,
  0x00, 0x00, 0x6F, 0xFF, 0x00, 0x00, 0x00, 0x00, 0x00, 0x00, 0x00, 0x6F, 0xFF, 0x00, 0x00, 0x00,
  0x00, 0x00, 0x00, 0x00, 0x6F, 0xFF, 0x00, 0x00, 0x00, 0x00, 0x00, 0x00, 0x00, 0x6F, 0xFF, 0x00,
  0x00, 0xFF, 0xF6, 0x04, 0xAD, 0x70, 0x0F, 0xFF, 0x69, 0xFF, 0xF8, 0x00, 0xFF, 0xFD, 0xFF, 0xFF,
  0x80, 0x0F, 0xFF, 0xFF, 0xA4, 0x10, 0x00, 0xFF, 0xFF, 0x50, 0x00, 0x00, 0x0F, 0xFF, 0xA0, 0x00,
  0x00, 0x00, 0xFF, 0xF7, 0x00, 0x00, 0x00, 0x0F, 0xFF, 0x60, 0x00, 0x00, 0x00, 0xFF, 0xF6, 0x00,
  0x00, 0x00, 0x0F, 0xFF, 0x60, 0x00, 0x00, 0x00, 0xFF, 0xF6, 0x00, 0x00, 0x00, 0x0F, 0xFF, 0x60,
  0x00, 0x00, 0x00, 0xFF, 0xF6, 0x00, 0x00, 0x00, 0x0F, 0xFF, 0x60, 0x00, 0x00, 0x00, 0xFF, 0xF6,
  0x00, 0x00, 0x00, 0x00, 0x00, 0x6B, 0xEF, 0xEB, 0x61, 0x00, 0x00, 0x1C, 0xFF, 0xFF, 0xFF, 0xFD,
  0x30, 0x00, 0x9F, 0xFF, 0xFF, 0xFF, 0xFF, 0xD1, 0x00, 0xDF, 0xFC, 0x31, 0x27, 0xFF, 0xA2, 0x00,
  0xFF, 0xF7, 0x00, 0x00, 0x41, 0x00, 0x00, 0xCF, 0xFE, 0x61, 0x00, 0x00, 0x00, 0x00, 0x4F, 0xFF,
  0xFF, 0xC9, 0x30, 0x00, 0x00, 0x03, 0xCF, 0xFF, 0xFF, 0xF9, 0x00, 0x00, 0x00, 0x04, 0x9D, 0xFF,
  0xFF, 0x90, 0x00, 0x00, 0x00, 0x00, 0x2A, 0xFF, 0xF2, 0x00, 0x29, 0x60, 0x00, 0x01, 0xFF, 0xF5,
  0x08, 0xFF, 0xF8, 0x21, 0x29, 0xFF, 0xF4, 0x02, 0xEF, 0xFF, 0xFF, 0xFF, 0xFF, 0xD0, 0x00, 0x3D,
  0xFF, 0xFF, 0xFF, 0xFE, 0x30, 0x00, 0x01, 0x6B, 0xEF, 0xEC, 0x71, 0x00, 0x00, 0x03, 0x88, 0x80,
  0x00, 0x00, 0x00, 0x06, 0xFF, 0xF0, 0x00, 0x00, 0x00, 0x06, 0xFF, 0xF0, 0x00, 0x00, 0x00, 0x06,
  0xFF, 0xF0, 0x00, 0x00, 0x00, 0x06, 0xFF, 0xF0, 0x00, 0x00, 0x0F, 0xFF, 0xFF, 0xFF, 0xFF, 0xF0,
  0x0F, 0xFF, 0xFF, 0xFF, 0xFF, 0xF0, 0x0F, 0xFF, 0xFF, 0xFF, 0xFF, 0xF0, 0x00, 0x06, 0xFF, 0xF0,
  0x00, 0x00, 0x00, 0x06, 0xFF, 0xF0, 0x00, 0x00, 0x00, 0x06, 0xFF, 0xF0, 0x00, 0x00, 0x00, 0x06,
  0xFF, 0xF0, 0x00, 0x00, 0x00, 0x06, 0xFF, 0xF0, 0x00, 0x00, 0x00, 0x06, 0xFF, 0xF0, 0x00, 0x00,
  0x00, 0x06, 0xFF, 0xF0, 0x00, 0x00, 0x00, 0x06, 0xFF, 0xF1, 0x00, 0x00, 0x00, 0x05, 0xFF, 0xF9,
  0x12, 0x40, 0x00, 0x01, 0xFF, 0xFF, 0xFF, 0xD0, 0x00, 0x00, 0x7F, 0xFF, 0xFF, 0xF6, 0x00, 0x00,
  0x04, 0xBE, 0xFD, 0x81, 0x00, 0xFF, 0xF6, 0x00, 0x00, 0x00, 0xFF, 0xF6, 0x00, 0x0F, 0xFF, 0x60,
  0x00, 0x00, 0x0F, 0xFF, 0x60, 0x00, 0xFF, 0xF6, 0x00, 0x00, 0x00, 0xFF, 0xF6, 0x00, 0x0F, 0xFF,
  0x60, 0x00, 0x00, 0x0F, 0xFF, 0x60, 0x00, 0xFF, 0xF6, 0x00, 0x00, 0x00, 0xFF, 0xF6, 0x00, 0x0F,
  0xFF, 0x60, 0x00, 0x00, 0x0F, 0xFF, 0x60, 0x00, 0xFF, 0xF6, 0x00, 0x00, 0x00, 0xFF, 0xF6, 0x00,
  0x0F, 0xFF, 0x60, 0x00, 0x00, 0x0F, 0xFF, 0x60, 0x00, 0xFF, 0xF7, 0x00, 0x00, 0x02, 0xFF, 0xF6,
  0x00, 0x0E, 0xFF, 0x90, 0x00, 0x00, 0x4F, 0xFF, 0x60, 0x00, 0xCF, 0xFE, 0x10, 0x00, 0x0B, 0xFF,
  0xF6, 0x00, 0x08, 0xFF, 0xFB, 0x31, 0x29, 0xFF, 0xFF, 0x60, 0x00, 0x2E, 0xFF, 0xFF, 0xFF, 0xFE,
  0xFF, 0xF6, 0x00, 0x00, 0x5F, 0xFF, 0xFF, 0xFF, 0x5F, 0xFF, 0x60, 0x00, 0x00, 0x3A, 0xDF, 0xEA,
  0x30, 0xFF, 0xF6, 0x00, 0x8F, 0xFD, 0x00, 0x00, 0x00, 0x00, 0xAF, 0xFC, 0x02, 0xFF, 0xF4, 0x00,
  0x00, 0x00, 0x1F, 0xFF, 0x60, 0x0B, 0xFF, 0xA0, 0x00, 0x00, 0x07, 0xFF, 0xE1, 0x00, 0x5F, 0xFF,
  0x10, 0x00, 0x00, 0xDF, 0xF9, 0x00, 0x00, 0xDF, 0xF7, 0x00, 0x00, 0x4F, 0xFF, 0x20, 0x00, 0x07,
  0xFF, 0xD0, 0x00, 0x0A, 0xFF, 0xB0, 0x00, 0x00, 0x1F, 0xFF, 0x40, 0x01, 0xEF, 0xF5, 0x00, 0x00,
  0x00, 0xAF, 0xFA, 0x00, 0x6F, 0xFE, 0x00, 0x00, 0x00, 0x04, 0xFF, 0xF1, 0x0C, 0xFF, 0x80, 0x00,
  0x00, 0x00, 0x0C, 0xFF, 0x73, 0xFF, 0xF2, 0x00, 0x00, 0x00, 0x00, 0x6F, 0xFD, 0x9F, 0xFA, 0x00,
  0x00, 0x00, 0x00, 0x01, 0xEF, 0xFF, 0xFF, 0x40, 0x00, 0x00, 0x00, 0x00, 0x09, 0xFF, 0xFF, 0xD0,
  0x00, 0x00, 0x00, 0x00, 0x00, 0x3F, 0xFF, 0xF7, 0x00, 0x00, 0x00, 0x00, 0x00, 0x00, 0xBF, 0xFF,
  0x10, 0x00, 0x00, 0x00, 0x8F, 0xFD, 0x00, 0x00, 0x00, 0x9F, 0xFF, 0x10, 0x00, 0x00, 0x6F, 0xFE,
  0x03, 0xFF, 0xF3, 0x00, 0x00, 0x0D, 0xFF, 0xF6, 0x00, 0x00, 0x0B, 0xFF, 0xA0, 0x0D, 0xFF, 0x80,
  0x00, 0x04, 0xFF, 0xFF, 0xB0, 0x00, 0x01, 0xFF, 0xF5, 0x00, 0x8F, 0xFD, 0x00, 0x00, 0x9F, 0xFF,
  0xFF, 0x10, 0x00, 0x6F, 0xFE, 0x00, 0x03, 0xFF, 0xF3, 0x00, 0x0D, 0xFF, 0xCF, 0xF6, 0x00, 0x0B,
  0xFF, 0x90, 0x00, 0x0C, 0xFF, 0x80, 0x03, 0xFF, 0xC5, 0xFF, 0xB0, 0x01, 0xFF, 0xF4, 0x00, 0x00,
  0x7F, 0xFD, 0x00, 0x8F, 0xF7, 0x1F, 0xFF, 0x10, 0x6F, 0xFE, 0x00, 0x00, 0x02, 0xFF, 0xF2, 0x0D,
  0xFF, 0x30, 0xBF, 0xF6, 0x0B, 0xFF, 0x90, 0x00, 0x00, 0x0C, 0xFF, 0x73, 0xFF, 0xD0, 0x06, 0xFF,
  0xB1, 0xFF, 0xF4, 0x00, 0x00, 0x00, 0x7F, 0xFC, 0x8F, 0xF8, 0x00, 0x1F, 0xFF, 0x7F, 0xFE, 0x00,
  0x00, 0x00, 0x02, 0xFF, 0xFE, 0xFF, 0x30, 0x00, 0xBF, 0xFF, 0xFF, 0x90, 0x00, 0x00, 0x00, 0x0C,
  0xFF, 0xFF, 0xD0, 0x00, 0x06, 0xFF, 0xFF, 0xF4, 0x00, 0x00, 0x00, 0x00, 0x7F, 0xFF, 0xF8, 0x00,
  0x00, 0x1F, 0xFF, 0xFD, 0x00, 0x00, 0x00, 0x00, 0x02, 0xFF, 0xFF, 0x30, 0x00, 0x00, 0xCF, 0xFF,
  0x80, 0x00, 0x00, 0x00, 0x00, 0x0C, 0xFF, 0xD0, 0x00, 0x00, 0x07, 0xFF, 0xF3, 0x00, 0x00, 0x00,
  0x1D, 0xFF, 0xE1, 0x00, 0x00, 0x9F, 0xFF, 0x50, 0x04, 0xFF, 0xFA, 0x00, 0x04, 0xFF, 0xFA, 0x00,
  0x00, 0x8F, 0xFF, 0x50, 0x1D, 0xFF, 0xD1, 0x00, 0x00, 0x0C, 0xFF, 0xE1, 0x9F, 0xFF, 0x40, 0x00,
  0x00, 0x02, 0xEF, 0xFC, 0xFF, 0xF8, 0x00, 0x00, 0x00, 0x00, 0x6F, 0xFF, 0xFF, 0xC0, 0x00, 0x00,
  0x00, 0x00, 0x0A, 0xFF, 0xFE, 0x20, 0x00, 0x00, 0x00, 0x00, 0x05, 0xFF, 0xFC, 0x00, 0x00, 0x00,
  0x00, 0x00, 0x2E, 0xFF, 0xFF, 0x70, 0x00, 0x00, 0x00, 0x00, 0xBF, 0xFF, 0xFF, 0xF3, 0x00, 0x00,
  0x00, 0x07, 0xFF, 0xF6, 0xDF, 0xFC, 0x00, 0x00, 0x00, 0x3F, 0xFF, 0xA0, 0x4F, 0xFF, 0x90, 0x00,
  0x01, 0xDF, 0xFE, 0x10, 0x09, 0xFF, 0xF4, 0x00, 0x09, 0xFF, 0xF5, 0x00, 0x01, 0xDF, 0xFE, 0x10,
  0x5F, 0xFF, 0xA0, 0x00, 0x00, 0x4F, 0xFF, 0xB0, 0x9F, 0xFF, 0x10, 0x00, 0x00, 0x00, 0x5F, 0xFF,
  0x52, 0xFF, 0xF7, 0x00, 0x00, 0x00, 0x0B, 0xFF, 0xD0, 0x0A, 0xFF, 0xD0, 0x00, 0x00, 0x02, 0xFF,
  0xF7, 0x00, 0x3F, 0xFF, 0x50, 0x00, 0x00, 0x8F, 0xFE, 0x10, 0x00, 0xCF, 0xFB, 0x00, 0x00, 0x1E,
  0xFF, 0x90, 0x00, 0x05, 0xFF, 0xF2, 0x00, 0x06, 0xFF, 0xF3, 0x00, 0x00, 0x0D, 0xFF, 0x90, 0x00,
  0xCF, 0xFB, 0x00, 0x00, 0x00, 0x6F, 0xFE, 0x10, 0x3F, 0xFF, 0x50, 0x00, 0x00, 0x00, 0xEF, 0xF6,
  0x09, 0xFF, 0xD0, 0x00, 0x00, 0x00, 0x07, 0xFF, 0xC1, 0xEF, 0xF7, 0x00, 0x00, 0x00, 0x00, 0x1E,
  0xFF, 0xAF, 0xFE, 0x10, 0x00, 0x00, 0x00, 0x00, 0x9F, 0xFF, 0xFF, 0x90, 0x00, 0x00, 0x00, 0x00,
  0x02, 0xFF, 0xFF, 0xF3, 0x00, 0x00, 0x00, 0x00, 0x00, 0x0A, 0xFF, 0xFB, 0x00, 0x00, 0x00, 0x00,
  0x00, 0x00, 0x4F, 0xFF, 0x50, 0x00, 0x00, 0x00, 0x00, 0x00, 0x08, 0xFF, 0xD0, 0x00, 0x00, 0x00,
  0x00, 0x00, 0x01, 0xEF, 0xF7, 0x00, 0x00, 0x00, 0x00, 0x07, 0x21, 0xAF, 0xFE, 0x10, 0x00, 0x00,
  0x00, 0x05, 0xFF, 0xFF, 0xFF, 0x70, 0x00, 0x00, 0x00, 0x00, 0xCF, 0xFF, 0xFF, 0xB0, 0x00, 0x00,
  0x00, 0x00, 0x04, 0xAE, 0xFD, 0x70, 0x00, 0x00, 0x00, 0x00, 0x00, 0x0F, 0xFF, 0xFF, 0xFF, 0xFF,
  0xFF, 0xF0, 0x0F, 0xFF, 0xFF, 0xFF, 0xFF, 0xFF, 0xF0, 0x0F, 0xFF, 0xFF, 0xFF, 0xFF, 0xFF, 0xE0,
  0x00, 0x00, 0x00, 0x00, 0x9F, 0xFF, 0x40, 0x00, 0x00, 0x00, 0x06, 0xFF, 0xF6, 0x00, 0x00, 0x00,
  0x00, 0x4F, 0xFF, 0x90, 0x00, 0x00, 0x00, 0x02, 0xEF, 0xFB, 0x00, 0x00, 0x00, 0x00, 0x1D, 0xFF,
  0xD1, 0x00, 0x00, 0x00, 0x00, 0xBF, 0xFE, 0x20, 0x00, 0x00, 0x00, 0x09, 0xFF, 0xF4, 0x00, 0x00,
  0x00, 0x00, 0x7F, 0xFF, 0x60, 0x00, 0x00, 0x00, 0x05, 0xFF, 0xF9, 0x00, 0x00, 0x00, 0x00, 0x0E,
  0xFF, 0xFF, 0xFF, 0xFF, 0xFF, 0xF0, 0x0F, 0xFF, 0xFF, 0xFF, 0xFF, 0xFF, 0xF0, 0x0F, 0xFF, 0xFF,
  0xFF, 0xFF, 0xFF, 0xF0, 0x00, 0x00, 0x00, 0x00, 0x00, 0x00, 0x00, 0x00, 0x00, 0x07, 0xCE, 0x70,
  0x00, 0x00, 0x00, 0xAF, 0xFF, 0x80, 0x00, 0x00, 0x03, 0xFF, 0xFF, 0x80, 0x00, 0x00, 0x08, 0xFF,
  0xF5, 0x00, 0x00, 0x00, 0x0B, 0xFF, 0xB0, 0x00, 0x00, 0x00, 0x0D, 0xFF, 0x80, 0x00, 0x00, 0x00,
  0x0E, 0xFF, 0x70, 0x00, 0x00, 0x00, 0x0F, 0xFF, 0x60, 0x00, 0x00, 0x00, 0x0F, 0xFF, 0x60, 0x00,
  0x00, 0x00, 0x1F, 0xFF, 0x50, 0x00, 0x00, 0x00, 0x3F, 0xFF, 0x30, 0x00, 0x00, 0x00, 0xAF, 0xFE,
  0x00, 0x00, 0x00, 0xBE, 0xFF, 0xF5, 0x00, 0x00, 0x00, 0xFF, 0xFF, 0x40, 0x00, 0x00, 0x00, 0xBE,
  0xFF, 0xF5, 0x00, 0x00, 0x00, 0x00, 0xAF, 0xFE, 0x00, 0x00, 0x00, 0x00, 0x3F, 0xFF, 0x30, 0x00,
  0x00, 0x00, 0x1F, 0xFF, 0x50, 0x00, 0x00, 0x00, 0x0F, 0xFF, 0x60, 0x00, 0x00, 0x00, 0x0F, 0xFF,
  0x60, 0x00, 0x00, 0x00, 0x0E, 0xFF, 0x70, 0x00, 0x00, 0x00, 0x0D, 0xFF, 0x80, 0x00, 0x00, 0x00,
  0x0B, 0xFF, 0xB0, 0x00, 0x00, 0x00, 0x08, 0xFF, 0xF5, 0x00, 0x00, 0x00, 0x03, 0xFF, 0xFF, 0x80,
  0x00, 0x00, 0x00, 0xAF, 0xFF, 0x80, 0x00, 0x00, 0x00, 0x07, 0xCE, 0x70, 0x00, 0xFF, 0xD0, 0x00,
  0x0F, 0xFD, 0x00, 0x00, 0xFF, 0xD0, 0x00, 0x0F, 0xFD, 0x00, 0x00, 0xFF, 0xD0, 0x00, 0x0F, 0xFD,
  0x00, 0x00, 0xFF, 0xD0, 0x00, 0x0F, 0xFD, 0x00, 0x00, 0xFF, 0xD0, 0x00, 0x0F, 0xFD, 0x00, 0x00,
  0xFF, 0xD0, 0x00, 0x0F, 0xFD, 0x00, 0x00, 0xFF, 0xD0, 0x00, 0x0F, 0xFD, 0x00, 0x00, 0xFF, 0xD0,
  0x00, 0x0F, 0xFD, 0x00, 0x00, 0xFF, 0xD0, 0x00, 0x0F, 0xFD, 0x00, 0x00, 0xFF, 0xD0, 0x00, 0x0F,
  0xFD, 0x00, 0x00, 0xFF, 0xD0, 0x00, 0x0F, 0xFD, 0x00, 0x00, 0xFF, 0xD0, 0x00, 0x0F, 0xFD, 0x00,
  0x00, 0xFF, 0xD0, 0x00, 0x0F, 0xFD, 0x00, 0x00, 0xFF, 0xD0, 0x00, 0x0F, 0xFD, 0x00, 0x00, 0xFF,
  0xD0, 0x00, 0x0F, 0xFD, 0x00, 0x00, 0x00, 0x00, 0x00, 0x00, 0x00, 0x07, 0xEC, 0x81, 0x00, 0x00,
  0x00, 0x08, 0xFF, 0xFD, 0x10, 0x00, 0x00, 0x08, 0xFF, 0xFF, 0x90, 0x00, 0x00, 0x00, 0x3D, 0xFF,
  0xE0, 0x00, 0x00, 0x00, 0x06, 0xFF, 0xF2, 0x00, 0x00, 0x00, 0x03, 0xFF, 0xF4, 0x00, 0x00, 0x00,
  0x01, 0xFF, 0xF5, 0x00, 0x00, 0x00, 0x00, 0xFF, 0xF5, 0x00, 0x00, 0x00, 0x00, 0xFF, 0xF6, 0x00,
  0x00, 0x00, 0x00, 0xEF, 0xF6, 0x00, 0x00, 0x00, 0x00, 0xDF, 0xF8, 0x00, 0x00, 0x00, 0x00, 0x9F,
  0xFD, 0x10, 0x00, 0x00, 0x00, 0x1D, 0xFF, 0xEB, 0x00, 0x00, 0x00, 0x01, 0xDF, 0xFF, 0x00, 0x00,
  0x00, 0x2E, 0xFF, 0xEB, 0x00, 0x00, 0x00, 0x9F, 0xFD, 0x10, 0x00, 0x00, 0x00, 0xDF, 0xF8, 0x00,
  0x00, 0x00, 0x00, 0xEF, 0xF6, 0x00, 0x00, 0x00, 0x00, 0xFF, 0xF6, 0x00, 0x00, 0x00, 0x00, 0xFF,
  0xF5, 0x00, 0x00, 0x00, 0x01, 0xFF, 0xF5, 0x00, 0x00, 0x00, 0x03, 0xFF, 0xF4, 0x00, 0x00, 0x00,
  0x06, 0xFF, 0xF2, 0x00, 0x00, 0x00, 0x3E, 0xFF, 0xE0, 0x00, 0x00, 0x08, 0xFF, 0xFF, 0x90, 0x00,
  0x00, 0x08, 0xFF, 0xFD, 0x10, 0x00, 0x00, 0x07, 0xEC, 0x81, 0x00, 0x00, 0x00, 0x00, 0x00, 0x6C,
  0xFD, 0xA2, 0x00, 0x00, 0x00, 0x00, 0x00, 0x00, 0x9F, 0xFF, 0xFF, 0xE4, 0x00, 0x01, 0x55, 0x20,
  0x00, 0x5F, 0xFF, 0xFF, 0xFF, 0xE2, 0x00, 0x6F, 0xF6, 0x00, 0x0B, 0xFF, 0x81, 0x5F, 0xFF, 0xC2,
  0x3D, 0xFF, 0x30, 0x00, 0xEF, 0xE0, 0x00, 0x5F, 0xFF, 0xFF, 0xFF, 0xC0, 0x00, 0x05, 0x54, 0x00,
  0x00, 0x7F, 0xFF, 0xFF, 0xE3, 0x00, 0x00, 0x00, 0x00, 0x00, 0x00, 0x4B, 0xEE, 0xA2, 0x00, 0x00,
  0x00, 0x00, 0x00, 0x00, 0x00, 0x00, 0x00, 0x00, 0x00, 0x00, 0x00, 0x00, 0x00, 0x00, 0x00, 0x00,
  0x00, 0x00, 0x00, 0x00, 0x00, 0x00, 0x00, 0x00, 0x00, 0x00, 0x00, 0x00, 0x00, 0x00, 0x00, 0x00,
  0x00, 0x00, 0x00, 0x00, 0x00, 0x00, 0x00, 0x00, 0x00, 0x00, 0x00, 0x00, 0x00, 0x00, 0x00, 0x00,
  0x00, 0x00, 0x00, 0x00, 0x00, 0x00, 0x00, 0x00, 0x00
};
const Glifo F_LUPA_GLIFOS[] = {
  {0x0020, 0, 7, 0, 0, 0, 28},
  {0x0021, 0, 8, 21, 0, -21, 32},
  {0x0022, 84, 11, 21, 0, -21, 44},
  {0x0023, 200, 19, 21, 0, -21, 76},
  {0x0024, 400, 17, 26, 0, -23, 68},
  {0x0025, 621, 24, 21, 0, -21, 96},
  {0x0026, 873, 20, 21, 0, -21, 76},
  {0x0027, 1083, 7, 21, 0, -21, 28},
  {0x0028, 1157, 12, 26, 0, -23, 48},
  {0x0029, 1313, 11, 26, 0, -23, 44},
  {0x002A, 1456, 14, 21, 0, -21, 56},
  {0x002B, 1603, 19, 15, 0, -15, 76},
  {0x002C, 1746, 7, 7, 0, -4, 28},
  {0x002D, 1771, 13, 11, 0, -11, 52},
  {0x002E, 1843, 6, 4, 0, -4, 24},
  {0x002F, 1855, 12, 25, 0, -23, 48},
  {0x0030, 2005, 19, 21, 0, -21, 76},
  {0x0031, 2205, 12, 21, 0, -21, 48},
  {0x0032, 2331, 18, 21, 0, -21, 72},
  {0x0033, 2520, 16, 21, 0, -21, 64},
  {0x0034, 2688, 19, 21, 0, -21, 76},
  {0x0035, 2888, 18, 21, 0, -21, 72},
  {0x0036, 3077, 17, 21, 0, -21, 68},
  {0x0037, 3256, 16, 21, 0, -21, 64},
  {0x0038, 3424, 18, 21, 0, -21, 72},
  {0x0039, 3613, 18, 21, 0, -21, 72},
  {0x003A, 3802, 8, 15, 0, -15, 32},
  {0x003B, 3862, 8, 18, 0, -15, 32},
  {0x003C, 3934, 19, 15, 0, -15, 76},
  {0x003D, 4077, 18, 13, 0, -13, 72},
  {0x003E, 4194, 19, 15, 0, -15, 76},
  {0x003F, 4337, 16, 21, 0, -21, 64},
  {0x0040, 4505, 30, 27, 0, -21, 120},
  {0x0041, 4910, 21, 21, 0, -21, 84},
  {0x0042, 5131, 18, 21, 0, -21, 72},
  {0x0043, 5320, 21, 21, 0, -21, 84},
  {0x0044, 5541, 20, 21, 0, -21, 80},
  {0x0045, 5751, 17, 21, 0, -21, 68},
  {0x0046, 5930, 16, 21, 0, -21, 64},
  {0x0047, 6098, 22, 21, 0, -21, 88},
  {0x0048, 6329, 22, 21, 0, -21, 88},
  {0x0049, 6560, 8, 21, 0, -21, 32},
  {0x004A, 6644, 17, 21, -1, -21, 64},
  {0x004B, 6823, 19, 21, 0, -21, 76},
  {0x004C, 7023, 16, 21, 0, -21, 64},
  {0x004D, 7191, 25, 21, 0, -21, 100},
  {0x004E, 7454, 23, 21, 0, -21, 92},
  {0x004F, 7696, 23, 21, 0, -21, 92},
  {0x0050, 7938, 17, 21, 0, -21, 68},
  {0x0051, 8117, 23, 22, 0, -21, 92},
  {0x0052, 8370, 18, 21, 0, -21, 72},
  {0x0053, 8559, 18, 21, 0, -21, 72},
  {0x0054, 8748, 18, 21, 0, -21, 72},
  {0x0055, 8937, 21, 21, 0, -21, 84},
  {0x0056, 9158, 22, 21, 0, -21, 84},
  {0x0057, 9389, 29, 21, 0, -21, 116},
  {0x0058, 9694, 20, 21, 0, -21, 80},
  {0x0059, 9904, 19, 21, 0, -21, 76},
  {0x005A, 10104, 19, 21, 0, -21, 76},
  {0x005B, 10304, 9, 27, 0, -24, 36},
  {0x005C, 10426, 12, 25, 0, -23, 48},
  {0x005D, 10576, 10, 27, 0, -24, 40},
  {0x005E, 10711, 17, 21, 0, -21, 68},
  {0x005F, 10890, 14, 4, 0, -1, 56},
  {0x0060, 10918, 8, 21, 0, -21, 28},
  {0x0061, 11002, 16, 15, 0, -15, 64},
  {0x0062, 11122, 18, 21, 0, -21, 72},
  {0x0063, 11311, 16, 15, 0, -15, 64},
  {0x0064, 11431, 18, 21, 0, -21, 72},
  {0x0065, 11620, 17, 15, 0, -15, 68},
  {0x0066, 11748, 12, 21, 0, -21, 48},
  {0x0067, 11874, 18, 21, 0, -15, 72},
  {0x0068, 12063, 17, 21, 0, -21, 68},
  {0x0069, 12242, 7, 21, 0, -21, 28},
  {0x006A, 12316, 11, 27, -2, -21, 36},
  {0x006B, 12465, 16, 21, 0, -21, 64},
  {0x006C, 12633, 7, 21, 0, -21, 28},
  {0x006D, 12707, 26, 15, 0, -15, 104},
  {0x006E, 12902, 17, 15, 0, -15, 68},
  {0x006F, 13030, 17, 15, 0, -15, 68},
  {0x0070, 13158, 18, 21, 0, -15, 72},
  {0x0071, 13347, 18, 21, 0, -15, 72},
  {0x0072, 13536, 11, 15, 0, -15, 44},
  {0x0073, 13619, 14, 15, 0, -15, 56},
  {0x0074, 13724, 12, 20, 0, -20, 48},
  {0x0075, 13844, 17, 15, 0, -15, 68},
  {0x0076, 13972, 17, 15, 0, -15, 64},
  {0x0077, 14100, 25, 15, 0, -15, 96},
  {0x0078, 14288, 16, 15, 0, -15, 60},
  {0x0079, 14408, 17, 21, 0, -15, 68},
  {0x007A, 14587, 14, 15, 0, -15, 56},
  {0x007B, 14692, 12, 28, 0, -25, 48},
  {0x007C, 14860, 7, 30, 0, -24, 28},
  {0x007D, 14965, 12, 28, 0, -25, 48},
  {0x007E, 15133, 19, 13, 0, -13, 76}
};
const Fuente F_LUPA = {F_LUPA_BITS, F_LUPA_GLIFOS, 95, 29, 8};

